utc,pid,event,handle,result,elapsed_ms,contexts,contexts_bytes,system,system_bytes,detail
2026-09-14T18:51:18.926Z,52752,manager_exports,0000000000000000,1,0.000,406,4,406,4,"open;close;enum;owner;default"
2026-09-14T18:51:18.936Z,52752,manager_open,0000000000000006,1,0.093,406,4,406,4,"hidden;lastError=0"
2026-09-14T18:51:18.947Z,52752,enumerated_context,0000000000000B02,0,0.000,406,4,406,4,"owner=0000000000000000;isWindow=0;ownerPid=0;get=0;device=0;options=0x0;name="
2026-09-14T18:51:18.956Z,52752,enumerated_context,0000000000000B01,0,0.000,406,4,406,4,"owner=0000000000000000;isWindow=0;ownerPid=0;get=0;device=0;options=0x0;name="
2026-09-14T18:51:18.968Z,52752,enumerated_context,0000000000000801,0,0.000,406,4,406,4,"owner=0000000000000000;isWindow=0;ownerPid=0;get=1;device=0;options=0x8011;name="
2026-09-14T18:51:18.976Z,52752,enumerated_context,0000000000000B00,0,0.000,406,4,406,4,"owner=0000000000000000;isWindow=0;ownerPid=0;get=0;device=0;options=0x0;name="
2026-09-14T18:51:18.986Z,52752,enumerated_context,0000000000000ACA,0,0.000,406,4,406,4,"owner=00000000004913DC;isWindow=0;ownerPid=0;get=1;device=0;options=0x8015;name=issue121-50160-66"
2026-09-14T18:51:18.998Z,52752,enumerated_context,0000000000000AC9,0,0.000,406,4,406,4,"owner=00000000004913DC;isWindow=0;ownerPid=0;get=1;device=0;options=0x8015;name=issue121-50160-65"
2026-09-14T18:51:19.008Z,52752,enumerated_context,0000000000000AC8,0,0.000,406,4,406,4,"owner=00000000004913DC;isWindow=0;ownerPid=0;get=1;device=0;options=0x8015;name=issue121-50160-64"
2026-09-14T18:51:19.018Z,52752,enumerated_context,0000000000000AC7,0,0.000,406,4,406,4,"owner=00000000004913DC;isWindow=0;ownerPid=0;get=1;device=0;options=0x8015;name=issue121-50160-63"
2026-09-14T18:51:19.027Z,52752,enumerated_context,0000000000000AC6,0,0.000,406,4,406,4,"owner=00000000004913DC;isWindow=0;ownerPid=0;get=1;device=0;options=0x8015;name=issue121-50160-62"
2026-09-14T18:51:19.038Z,52752,enumerated_context,0000000000000AC5,0,0.000,406,4,406,4,"owner=00000000004913DC;isWindow=0;ownerPid=0;get=1;device=0;options=0x8015;name=issue121-50160-61"
2026-09-14T18:51:19.047Z,52752,enumerated_context,0000000000000AC4,0,0.000,406,4,406,4,"owner=00000000004913DC;isWindow=0;ownerPid=0;get=1;device=0;options=0x8015;name=issue121-50160-60"
2026-09-14T18:51:19.057Z,52752,enumerated_context,0000000000000AC3,0,0.000,406,4,406,4,"owner=00000000004913DC;isWindow=0;ownerPid=0;get=1;device=0;options=0x8015;name=issue121-50160-59"
2026-09-14T18:51:19.067Z,52752,enumerated_context,0000000000000AC2,0,0.000,406,4,406,4,"owner=00000000004913DC;isWindow=0;ownerPid=0;get=1;device=0;options=0x8015;name=issue121-50160-58"
2026-09-14T18:51:19.077Z,52752,enumerated_context,0000000000000AC1,0,0.000,406,4,406,4,"owner=00000000004913DC;isWindow=0;ownerPid=0;get=1;device=0;options=0x8015;name=issue121-50160-57"
2026-09-14T18:51:19.086Z,52752,enumerated_context,0000000000000AC0,0,0.000,406,4,406,4,"owner=00000000004913DC;isWindow=0;ownerPid=0;get=1;device=0;options=0x8015;name=issue121-50160-56"
2026-09-14T18:51:19.095Z,52752,enumerated_context,0000000000000ABF,0,0.000,406,4,406,4,"owner=00000000004913DC;isWindow=0;ownerPid=0;get=1;device=0;options=0x8015;name=issue121-50160-55"
2026-09-14T18:51:19.105Z,52752,enumerated_context,0000000000000ABE,0,0.000,406,4,406,4,"owner=00000000004913DC;isWindow=0;ownerPid=0;get=1;device=0;options=0x8015;name=issue121-50160-54"
2026-09-14T18:51:19.114Z,52752,enumerated_context,0000000000000ABD,0,0.000,406,4,406,4,"owner=00000000004913DC;isWindow=0;ownerPid=0;get=1;device=0;options=0x8015;name=issue121-50160-53"
2026-09-14T18:51:19.123Z,52752,enumerated_context,0000000000000ABC,0,0.000,406,4,406,4,"owner=00000000004913DC;isWindow=0;ownerPid=0;get=1;device=0;options=0x8015;name=issue121-50160-52"
2026-09-14T18:51:19.132Z,52752,enumerated_context,0000000000000ABB,0,0.000,406,4,406,4,"owner=00000000004913DC;isWindow=0;ownerPid=0;get=1;device=0;options=0x8015;name=issue121-50160-51"
2026-09-14T18:51:19.142Z,52752,enumerated_context,0000000000000ABA,0,0.000,406,4,406,4,"owner=00000000004913DC;isWindow=0;ownerPid=0;get=1;device=0;options=0x8015;name=issue121-50160-50"
2026-09-14T18:51:19.155Z,52752,enumerated_context,0000000000000AB9,0,0.000,406,4,406,4,"owner=00000000004913DC;isWindow=0;ownerPid=0;get=1;device=0;options=0x8015;name=issue121-50160-49"
2026-09-14T18:51:19.163Z,52752,enumerated_context,0000000000000AB8,0,0.000,406,4,406,4,"owner=00000000004913DC;isWindow=0;ownerPid=0;get=1;device=0;options=0x8015;name=issue121-50160-48"
2026-09-14T18:51:19.174Z,52752,enumerated_context,0000000000000AB7,0,0.000,406,4,406,4,"owner=00000000004913DC;isWindow=0;ownerPid=0;get=1;device=0;options=0x8015;name=issue121-50160-47"
2026-09-14T18:51:19.183Z,52752,enumerated_context,0000000000000AB6,0,0.000,406,4,406,4,"owner=00000000004913DC;isWindow=0;ownerPid=0;get=1;device=0;options=0x8015;name=issue121-50160-46"
2026-09-14T18:51:19.192Z,52752,enumerated_context,0000000000000AB5,0,0.000,406,4,406,4,"owner=00000000004913DC;isWindow=0;ownerPid=0;get=1;device=0;options=0x8015;name=issue121-50160-45"
2026-09-14T18:51:19.201Z,52752,enumerated_context,0000000000000AB4,0,0.000,406,4,406,4,"owner=00000000004913DC;isWindow=0;ownerPid=0;get=1;device=0;options=0x8015;name=issue121-50160-44"
2026-09-14T18:51:19.210Z,52752,enumerated_context,0000000000000AB3,0,0.000,406,4,406,4,"owner=00000000004913DC;isWindow=0;ownerPid=0;get=1;device=0;options=0x8015;name=issue121-50160-43"
2026-09-14T18:51:19.220Z,52752,enumerated_context,0000000000000AB2,0,0.000,406,4,406,4,"owner=00000000004913DC;isWindow=0;ownerPid=0;get=1;device=0;options=0x8015;name=issue121-50160-42"
2026-09-14T18:51:19.230Z,52752,enumerated_context,0000000000000AB1,0,0.000,406,4,406,4,"owner=00000000004913DC;isWindow=0;ownerPid=0;get=1;device=0;options=0x8015;name=issue121-50160-41"
2026-09-14T18:51:19.239Z,52752,enumerated_context,0000000000000AB0,0,0.000,406,4,406,4,"owner=00000000004913DC;isWindow=0;ownerPid=0;get=1;device=0;options=0x8015;name=issue121-50160-40"
2026-09-14T18:51:19.248Z,52752,enumerated_context,0000000000000AAF,0,0.000,406,4,406,4,"owner=00000000004913DC;isWindow=0;ownerPid=0;get=1;device=0;options=0x8015;name=issue121-50160-39"
2026-09-14T18:51:19.257Z,52752,enumerated_context,0000000000000AAE,0,0.000,406,4,406,4,"owner=00000000004913DC;isWindow=0;ownerPid=0;get=1;device=0;options=0x8015;name=issue121-50160-38"
2026-09-14T18:51:19.266Z,52752,enumerated_context,0000000000000AAD,0,0.000,406,4,406,4,"owner=00000000004913DC;isWindow=0;ownerPid=0;get=1;device=0;options=0x8015;name=issue121-50160-37"
2026-09-14T18:51:19.275Z,52752,enumerated_context,0000000000000AAC,0,0.000,406,4,406,4,"owner=00000000004913DC;isWindow=0;ownerPid=0;get=1;device=0;options=0x8015;name=issue121-50160-36"
2026-09-14T18:51:19.285Z,52752,enumerated_context,0000000000000AAB,0,0.000,406,4,406,4,"owner=00000000004913DC;isWindow=0;ownerPid=0;get=1;device=0;options=0x8015;name=issue121-50160-35"
2026-09-14T18:51:19.295Z,52752,enumerated_context,0000000000000AAA,0,0.000,406,4,406,4,"owner=00000000004913DC;isWindow=0;ownerPid=0;get=1;device=0;options=0x8015;name=issue121-50160-34"
2026-09-14T18:51:19.305Z,52752,enumerated_context,0000000000000AA9,0,0.000,406,4,406,4,"owner=00000000004913DC;isWindow=0;ownerPid=0;get=1;device=0;options=0x8015;name=issue121-50160-33"
2026-09-14T18:51:19.316Z,52752,enumerated_context,0000000000000AA8,0,0.000,406,4,406,4,"owner=00000000004913DC;isWindow=0;ownerPid=0;get=1;device=0;options=0x8015;name=issue121-50160-32"
2026-09-14T18:51:19.326Z,52752,enumerated_context,0000000000000AA7,0,0.000,406,4,406,4,"owner=00000000004913DC;isWindow=0;ownerPid=0;get=1;device=0;options=0x8015;name=issue121-50160-31"
2026-09-14T18:51:19.335Z,52752,enumerated_context,0000000000000AA6,0,0.000,406,4,406,4,"owner=00000000004913DC;isWindow=0;ownerPid=0;get=1;device=0;options=0x8015;name=issue121-50160-30"
2026-09-14T18:51:19.344Z,52752,enumerated_context,0000000000000AA5,0,0.000,406,4,406,4,"owner=00000000004913DC;isWindow=0;ownerPid=0;get=1;device=0;options=0x8015;name=issue121-50160-29"
2026-09-14T18:51:19.353Z,52752,enumerated_context,0000000000000AA4,0,0.000,406,4,406,4,"owner=00000000004913DC;isWindow=0;ownerPid=0;get=1;device=0;options=0x8015;name=issue121-50160-28"
2026-09-14T18:51:19.361Z,52752,enumerated_context,0000000000000AA3,0,0.000,406,4,406,4,"owner=00000000004913DC;isWindow=0;ownerPid=0;get=1;device=0;options=0x8015;name=issue121-50160-27"
2026-09-14T18:51:19.371Z,52752,enumerated_context,0000000000000AA2,0,0.000,406,4,406,4,"owner=00000000004913DC;isWindow=0;ownerPid=0;get=1;device=0;options=0x8015;name=issue121-50160-26"
2026-09-14T18:51:19.381Z,52752,enumerated_context,0000000000000AA1,0,0.000,406,4,406,4,"owner=00000000004913DC;isWindow=0;ownerPid=0;get=1;device=0;options=0x8015;name=issue121-50160-25"
2026-09-14T18:51:19.389Z,52752,enumerated_context,0000000000000AA0,0,0.000,406,4,406,4,"owner=00000000004913DC;isWindow=0;ownerPid=0;get=1;device=0;options=0x8015;name=issue121-50160-24"
2026-09-14T18:51:19.400Z,52752,enumerated_context,0000000000000A9F,0,0.000,406,4,406,4,"owner=00000000004913DC;isWindow=0;ownerPid=0;get=1;device=0;options=0x8015;name=issue121-50160-23"
2026-09-14T18:51:19.409Z,52752,enumerated_context,0000000000000A9E,0,0.000,406,4,406,4,"owner=00000000004913DC;isWindow=0;ownerPid=0;get=1;device=0;options=0x8015;name=issue121-50160-22"
2026-09-14T18:51:19.419Z,52752,enumerated_context,0000000000000A9D,0,0.000,406,4,406,4,"owner=00000000004913DC;isWindow=0;ownerPid=0;get=1;device=0;options=0x8015;name=issue121-50160-21"
2026-09-14T18:51:19.426Z,52752,enumerated_context,0000000000000A9C,0,0.000,406,4,406,4,"owner=00000000004913DC;isWindow=0;ownerPid=0;get=1;device=0;options=0x8015;name=issue121-50160-20"
2026-09-14T18:51:19.435Z,52752,enumerated_context,0000000000000A9B,0,0.000,406,4,406,4,"owner=00000000004913DC;isWindow=0;ownerPid=0;get=1;device=0;options=0x8015;name=issue121-50160-19"
2026-09-14T18:51:19.445Z,52752,enumerated_context,0000000000000A9A,0,0.000,406,4,406,4,"owner=00000000004913DC;isWindow=0;ownerPid=0;get=1;device=0;options=0x8015;name=issue121-50160-18"
2026-09-14T18:51:19.454Z,52752,enumerated_context,0000000000000A99,0,0.000,406,4,406,4,"owner=00000000004913DC;isWindow=0;ownerPid=0;get=1;device=0;options=0x8015;name=issue121-50160-17"
2026-09-14T18:51:19.465Z,52752,enumerated_context,0000000000000A98,0,0.000,406,4,406,4,"owner=00000000004913DC;isWindow=0;ownerPid=0;get=1;device=0;options=0x8015;name=issue121-50160-16"
2026-09-14T18:51:19.474Z,52752,enumerated_context,0000000000000A97,0,0.000,406,4,406,4,"owner=00000000004913DC;isWindow=0;ownerPid=0;get=1;device=0;options=0x8015;name=issue121-50160-15"
2026-09-14T18:51:19.485Z,52752,enumerated_context,0000000000000A96,0,0.000,406,4,406,4,"owner=00000000004913DC;isWindow=0;ownerPid=0;get=1;device=0;options=0x8015;name=issue121-50160-14"
2026-09-14T18:51:19.491Z,52752,enumerated_context,0000000000000A95,0,0.000,406,4,406,4,"owner=00000000004913DC;isWindow=0;ownerPid=0;get=1;device=0;options=0x8015;name=issue121-50160-13"
2026-09-14T18:51:19.500Z,52752,enumerated_context,0000000000000A94,0,0.000,406,4,406,4,"owner=00000000004913DC;isWindow=0;ownerPid=0;get=1;device=0;options=0x8015;name=issue121-50160-12"
2026-09-14T18:51:19.510Z,52752,enumerated_context,0000000000000A93,0,0.000,406,4,406,4,"owner=00000000004913DC;isWindow=0;ownerPid=0;get=1;device=0;options=0x8015;name=issue121-50160-11"
2026-09-14T18:51:19.520Z,52752,enumerated_context,0000000000000A92,0,0.000,406,4,406,4,"owner=00000000004913DC;isWindow=0;ownerPid=0;get=1;device=0;options=0x8015;name=issue121-50160-10"
2026-09-14T18:51:19.530Z,52752,enumerated_context,0000000000000A91,0,0.000,406,4,406,4,"owner=00000000004913DC;isWindow=0;ownerPid=0;get=1;device=0;options=0x8015;name=issue121-50160-9"
2026-09-14T18:51:19.539Z,52752,enumerated_context,0000000000000A90,0,0.000,406,4,406,4,"owner=00000000004913DC;isWindow=0;ownerPid=0;get=1;device=0;options=0x8015;name=issue121-50160-8"
2026-09-14T18:51:19.550Z,52752,enumerated_context,0000000000000A8F,0,0.000,406,4,406,4,"owner=00000000004913DC;isWindow=0;ownerPid=0;get=1;device=0;options=0x8015;name=issue121-50160-7"
2026-09-14T18:51:19.558Z,52752,enumerated_context,0000000000000A8E,0,0.000,406,4,406,4,"owner=00000000004913DC;isWindow=0;ownerPid=0;get=1;device=0;options=0x8015;name=issue121-50160-6"
2026-09-14T18:51:19.567Z,52752,enumerated_context,0000000000000A8D,0,0.000,406,4,406,4,"owner=00000000004913DC;isWindow=0;ownerPid=0;get=1;device=0;options=0x8015;name=issue121-50160-5"
2026-09-14T18:51:19.576Z,52752,enumerated_context,0000000000000A8C,0,0.000,406,4,406,4,"owner=00000000004913DC;isWindow=0;ownerPid=0;get=1;device=0;options=0x8015;name=issue121-50160-4"
2026-09-14T18:51:19.586Z,52752,enumerated_context,0000000000000A8B,0,0.000,406,4,406,4,"owner=00000000004913DC;isWindow=0;ownerPid=0;get=1;device=0;options=0x8015;name=issue121-50160-3"
2026-09-14T18:51:19.595Z,52752,enumerated_context,0000000000000A8A,0,0.000,406,4,406,4,"owner=00000000004913DC;isWindow=0;ownerPid=0;get=1;device=0;options=0x8015;name=issue121-50160-2"
2026-09-14T18:51:19.604Z,52752,enumerated_context,0000000000000A89,0,0.000,406,4,406,4,"owner=00000000004913DC;isWindow=0;ownerPid=0;get=1;device=0;options=0x8015;name=issue121-50160-1"
2026-09-14T18:51:19.613Z,52752,enumerated_context,0000000000000A88,0,0.000,406,4,406,4,"owner=00000000004913DC;isWindow=0;ownerPid=0;get=1;device=0;options=0x8015;name=issue121-50160-0"
2026-09-14T18:51:19.621Z,52752,enumerated_context,0000000000000A87,0,0.000,406,4,406,4,"owner=00000000004813DC;isWindow=0;ownerPid=0;get=1;device=0;options=0x8015;name=issue121-44524-66"
2026-09-14T18:51:19.630Z,52752,enumerated_context,0000000000000A86,0,0.000,406,4,406,4,"owner=00000000004813DC;isWindow=0;ownerPid=0;get=1;device=0;options=0x8015;name=issue121-44524-65"
2026-09-14T18:51:19.639Z,52752,enumerated_context,0000000000000A85,0,0.000,406,4,406,4,"owner=00000000004813DC;isWindow=0;ownerPid=0;get=1;device=0;options=0x8015;name=issue121-44524-64"
2026-09-14T18:51:19.650Z,52752,enumerated_context,0000000000000A84,0,0.000,406,4,406,4,"owner=00000000004813DC;isWindow=0;ownerPid=0;get=1;device=0;options=0x8015;name=issue121-44524-63"
2026-09-14T18:51:19.659Z,52752,enumerated_context,0000000000000A83,0,0.000,406,4,406,4,"owner=00000000004813DC;isWindow=0;ownerPid=0;get=1;device=0;options=0x8015;name=issue121-44524-62"
2026-09-14T18:51:19.670Z,52752,enumerated_context,0000000000000A82,0,0.000,406,4,406,4,"owner=00000000004813DC;isWindow=0;ownerPid=0;get=1;device=0;options=0x8015;name=issue121-44524-61"
2026-09-14T18:51:19.680Z,52752,enumerated_context,0000000000000A81,0,0.000,406,4,406,4,"owner=00000000004813DC;isWindow=0;ownerPid=0;get=1;device=0;options=0x8015;name=issue121-44524-60"
2026-09-14T18:51:19.688Z,52752,enumerated_context,0000000000000A80,0,0.000,406,4,406,4,"owner=00000000004813DC;isWindow=0;ownerPid=0;get=1;device=0;options=0x8015;name=issue121-44524-59"
2026-09-14T18:51:19.697Z,52752,enumerated_context,0000000000000A7F,0,0.000,406,4,406,4,"owner=00000000004813DC;isWindow=0;ownerPid=0;get=1;device=0;options=0x8015;name=issue121-44524-58"
2026-09-14T18:51:19.707Z,52752,enumerated_context,0000000000000A7E,0,0.000,406,4,406,4,"owner=00000000004813DC;isWindow=0;ownerPid=0;get=1;device=0;options=0x8015;name=issue121-44524-57"
2026-09-14T18:51:19.717Z,52752,enumerated_context,0000000000000A7D,0,0.000,406,4,406,4,"owner=00000000004813DC;isWindow=0;ownerPid=0;get=1;device=0;options=0x8015;name=issue121-44524-56"
2026-09-14T18:51:19.726Z,52752,enumerated_context,0000000000000A7C,0,0.000,406,4,406,4,"owner=00000000004813DC;isWindow=0;ownerPid=0;get=1;device=0;options=0x8015;name=issue121-44524-55"
2026-09-14T18:51:19.736Z,52752,enumerated_context,0000000000000A7B,0,0.000,406,4,406,4,"owner=00000000004813DC;isWindow=0;ownerPid=0;get=1;device=0;options=0x8015;name=issue121-44524-54"
2026-09-14T18:51:19.744Z,52752,enumerated_context,0000000000000A7A,0,0.000,406,4,406,4,"owner=00000000004813DC;isWindow=0;ownerPid=0;get=1;device=0;options=0x8015;name=issue121-44524-53"
2026-09-14T18:51:19.753Z,52752,enumerated_context,0000000000000A79,0,0.000,406,4,406,4,"owner=00000000004813DC;isWindow=0;ownerPid=0;get=1;device=0;options=0x8015;name=issue121-44524-52"
2026-09-14T18:51:19.759Z,52752,enumerated_context,0000000000000A78,0,0.000,406,4,406,4,"owner=00000000004813DC;isWindow=0;ownerPid=0;get=1;device=0;options=0x8015;name=issue121-44524-51"
2026-09-14T18:51:19.770Z,52752,enumerated_context,0000000000000A77,0,0.000,406,4,406,4,"owner=00000000004813DC;isWindow=0;ownerPid=0;get=1;device=0;options=0x8015;name=issue121-44524-50"
2026-09-14T18:51:19.777Z,52752,enumerated_context,0000000000000A76,0,0.000,406,4,406,4,"owner=00000000004813DC;isWindow=0;ownerPid=0;get=1;device=0;options=0x8015;name=issue121-44524-49"
2026-09-14T18:51:19.786Z,52752,enumerated_context,0000000000000A75,0,0.000,406,4,406,4,"owner=00000000004813DC;isWindow=0;ownerPid=0;get=1;device=0;options=0x8015;name=issue121-44524-48"
2026-09-14T18:51:19.798Z,52752,enumerated_context,0000000000000A74,0,0.000,406,4,406,4,"owner=00000000004813DC;isWindow=0;ownerPid=0;get=1;device=0;options=0x8015;name=issue121-44524-47"
2026-09-14T18:51:19.804Z,52752,enumerated_context,0000000000000A73,0,0.000,406,4,406,4,"owner=00000000004813DC;isWindow=0;ownerPid=0;get=1;device=0;options=0x8015;name=issue121-44524-46"
2026-09-14T18:51:19.814Z,52752,enumerated_context,0000000000000A72,0,0.000,406,4,406,4,"owner=00000000004813DC;isWindow=0;ownerPid=0;get=1;device=0;options=0x8015;name=issue121-44524-45"
2026-09-14T18:51:19.821Z,52752,enumerated_context,0000000000000A71,0,0.000,406,4,406,4,"owner=00000000004813DC;isWindow=0;ownerPid=0;get=1;device=0;options=0x8015;name=issue121-44524-44"
2026-09-14T18:51:19.830Z,52752,enumerated_context,0000000000000A70,0,0.000,406,4,406,4,"owner=00000000004813DC;isWindow=0;ownerPid=0;get=1;device=0;options=0x8015;name=issue121-44524-43"
2026-09-14T18:51:19.838Z,52752,enumerated_context,0000000000000A6F,0,0.000,406,4,406,4,"owner=00000000004813DC;isWindow=0;ownerPid=0;get=1;device=0;options=0x8015;name=issue121-44524-42"
2026-09-14T18:51:19.849Z,52752,enumerated_context,0000000000000A6E,0,0.000,406,4,406,4,"owner=00000000004813DC;isWindow=0;ownerPid=0;get=1;device=0;options=0x8015;name=issue121-44524-41"
2026-09-14T18:51:19.857Z,52752,enumerated_context,0000000000000A6D,0,0.000,406,4,406,4,"owner=00000000004813DC;isWindow=0;ownerPid=0;get=1;device=0;options=0x8015;name=issue121-44524-40"
2026-09-14T18:51:19.866Z,52752,enumerated_context,0000000000000A6C,0,0.000,406,4,406,4,"owner=00000000004813DC;isWindow=0;ownerPid=0;get=1;device=0;options=0x8015;name=issue121-44524-39"
2026-09-14T18:51:19.875Z,52752,enumerated_context,0000000000000A6B,0,0.000,406,4,406,4,"owner=00000000004813DC;isWindow=0;ownerPid=0;get=1;device=0;options=0x8015;name=issue121-44524-38"
2026-09-14T18:51:19.884Z,52752,enumerated_context,0000000000000A6A,0,0.000,406,4,406,4,"owner=00000000004813DC;isWindow=0;ownerPid=0;get=1;device=0;options=0x8015;name=issue121-44524-37"
2026-09-14T18:51:19.893Z,52752,enumerated_context,0000000000000A69,0,0.000,406,4,406,4,"owner=00000000004813DC;isWindow=0;ownerPid=0;get=1;device=0;options=0x8015;name=issue121-44524-36"
2026-09-14T18:51:19.902Z,52752,enumerated_context,0000000000000A68,0,0.000,406,4,406,4,"owner=00000000004813DC;isWindow=0;ownerPid=0;get=1;device=0;options=0x8015;name=issue121-44524-35"
2026-09-14T18:51:19.911Z,52752,enumerated_context,0000000000000A67,0,0.000,406,4,406,4,"owner=00000000004813DC;isWindow=0;ownerPid=0;get=1;device=0;options=0x8015;name=issue121-44524-34"
2026-09-14T18:51:19.920Z,52752,enumerated_context,0000000000000A66,0,0.000,406,4,406,4,"owner=00000000004813DC;isWindow=0;ownerPid=0;get=1;device=0;options=0x8015;name=issue121-44524-33"
2026-09-14T18:51:19.929Z,52752,enumerated_context,0000000000000A65,0,0.000,406,4,406,4,"owner=00000000004813DC;isWindow=0;ownerPid=0;get=1;device=0;options=0x8015;name=issue121-44524-32"
2026-09-14T18:51:19.941Z,52752,enumerated_context,0000000000000A64,0,0.000,406,4,406,4,"owner=00000000004813DC;isWindow=0;ownerPid=0;get=1;device=0;options=0x8015;name=issue121-44524-31"
2026-09-14T18:51:19.953Z,52752,enumerated_context,0000000000000A63,0,0.000,406,4,406,4,"owner=00000000004813DC;isWindow=0;ownerPid=0;get=1;device=0;options=0x8015;name=issue121-44524-30"
2026-09-14T18:51:19.963Z,52752,enumerated_context,0000000000000A62,0,0.000,406,4,406,4,"owner=00000000004813DC;isWindow=0;ownerPid=0;get=1;device=0;options=0x8015;name=issue121-44524-29"
2026-09-14T18:51:19.974Z,52752,enumerated_context,0000000000000A61,0,0.000,406,4,406,4,"owner=00000000004813DC;isWindow=0;ownerPid=0;get=1;device=0;options=0x8015;name=issue121-44524-28"
2026-09-14T18:51:19.987Z,52752,enumerated_context,0000000000000A60,0,0.000,406,4,406,4,"owner=00000000004813DC;isWindow=0;ownerPid=0;get=1;device=0;options=0x8015;name=issue121-44524-27"
2026-09-14T18:51:19.997Z,52752,enumerated_context,0000000000000A5F,0,0.000,406,4,406,4,"owner=00000000004813DC;isWindow=0;ownerPid=0;get=1;device=0;options=0x8015;name=issue121-44524-26"
2026-09-14T18:51:20.007Z,52752,enumerated_context,0000000000000A5E,0,0.000,406,4,406,4,"owner=00000000004813DC;isWindow=0;ownerPid=0;get=1;device=0;options=0x8015;name=issue121-44524-25"
2026-09-14T18:51:20.021Z,52752,enumerated_context,0000000000000A5D,0,0.000,406,4,406,4,"owner=00000000004813DC;isWindow=0;ownerPid=0;get=1;device=0;options=0x8015;name=issue121-44524-24"
2026-09-14T18:51:20.035Z,52752,enumerated_context,0000000000000A5C,0,0.000,406,4,406,4,"owner=00000000004813DC;isWindow=0;ownerPid=0;get=1;device=0;options=0x8015;name=issue121-44524-23"
2026-09-14T18:51:20.048Z,52752,enumerated_context,0000000000000A5B,0,0.000,406,4,406,4,"owner=00000000004813DC;isWindow=0;ownerPid=0;get=1;device=0;options=0x8015;name=issue121-44524-22"
2026-09-14T18:51:20.060Z,52752,enumerated_context,0000000000000A5A,0,0.000,406,4,406,4,"owner=00000000004813DC;isWindow=0;ownerPid=0;get=1;device=0;options=0x8015;name=issue121-44524-21"
2026-09-14T18:51:20.074Z,52752,enumerated_context,0000000000000A59,0,0.000,406,4,406,4,"owner=00000000004813DC;isWindow=0;ownerPid=0;get=1;device=0;options=0x8015;name=issue121-44524-20"
2026-09-14T18:51:20.088Z,52752,enumerated_context,0000000000000A58,0,0.000,406,4,406,4,"owner=00000000004813DC;isWindow=0;ownerPid=0;get=1;device=0;options=0x8015;name=issue121-44524-19"
2026-09-14T18:51:20.098Z,52752,enumerated_context,0000000000000A57,0,0.000,406,4,406,4,"owner=00000000004813DC;isWindow=0;ownerPid=0;get=1;device=0;options=0x8015;name=issue121-44524-18"
2026-09-14T18:51:20.109Z,52752,enumerated_context,0000000000000A56,0,0.000,406,4,406,4,"owner=00000000004813DC;isWindow=0;ownerPid=0;get=1;device=0;options=0x8015;name=issue121-44524-17"
2026-09-14T18:51:20.118Z,52752,enumerated_context,0000000000000A55,0,0.000,406,4,406,4,"owner=00000000004813DC;isWindow=0;ownerPid=0;get=1;device=0;options=0x8015;name=issue121-44524-16"
2026-09-14T18:51:20.126Z,52752,enumerated_context,0000000000000A54,0,0.000,406,4,406,4,"owner=00000000004813DC;isWindow=0;ownerPid=0;get=1;device=0;options=0x8015;name=issue121-44524-15"
2026-09-14T18:51:20.136Z,52752,enumerated_context,0000000000000A53,0,0.000,406,4,406,4,"owner=00000000004813DC;isWindow=0;ownerPid=0;get=1;device=0;options=0x8015;name=issue121-44524-14"
2026-09-14T18:51:20.146Z,52752,enumerated_context,0000000000000A52,0,0.000,406,4,406,4,"owner=00000000004813DC;isWindow=0;ownerPid=0;get=1;device=0;options=0x8015;name=issue121-44524-13"
2026-09-14T18:51:20.157Z,52752,enumerated_context,0000000000000A51,0,0.000,406,4,406,4,"owner=00000000004813DC;isWindow=0;ownerPid=0;get=1;device=0;options=0x8015;name=issue121-44524-12"
2026-09-14T18:51:20.168Z,52752,enumerated_context,0000000000000A50,0,0.000,406,4,406,4,"owner=00000000004813DC;isWindow=0;ownerPid=0;get=1;device=0;options=0x8015;name=issue121-44524-11"
2026-09-14T18:51:20.177Z,52752,enumerated_context,0000000000000A4F,0,0.000,406,4,406,4,"owner=00000000004813DC;isWindow=0;ownerPid=0;get=1;device=0;options=0x8015;name=issue121-44524-10"
2026-09-14T18:51:20.186Z,52752,enumerated_context,0000000000000A4E,0,0.000,406,4,406,4,"owner=00000000004813DC;isWindow=0;ownerPid=0;get=1;device=0;options=0x8015;name=issue121-44524-9"
2026-09-14T18:51:20.195Z,52752,enumerated_context,0000000000000A4D,0,0.000,406,4,406,4,"owner=00000000004813DC;isWindow=0;ownerPid=0;get=1;device=0;options=0x8015;name=issue121-44524-8"
2026-09-14T18:51:20.207Z,52752,enumerated_context,0000000000000A4C,0,0.000,406,4,406,4,"owner=00000000004813DC;isWindow=0;ownerPid=0;get=1;device=0;options=0x8015;name=issue121-44524-7"
2026-09-14T18:51:20.218Z,52752,enumerated_context,0000000000000A4B,0,0.000,406,4,406,4,"owner=00000000004813DC;isWindow=0;ownerPid=0;get=1;device=0;options=0x8015;name=issue121-44524-6"
2026-09-14T18:51:20.229Z,52752,enumerated_context,0000000000000A4A,0,0.000,406,4,406,4,"owner=00000000004813DC;isWindow=0;ownerPid=0;get=1;device=0;options=0x8015;name=issue121-44524-5"
2026-09-14T18:51:20.240Z,52752,enumerated_context,0000000000000A49,0,0.000,406,4,406,4,"owner=00000000004813DC;isWindow=0;ownerPid=0;get=1;device=0;options=0x8015;name=issue121-44524-4"
2026-09-14T18:51:20.251Z,52752,enumerated_context,0000000000000A48,0,0.000,406,4,406,4,"owner=00000000004813DC;isWindow=0;ownerPid=0;get=1;device=0;options=0x8015;name=issue121-44524-3"
2026-09-14T18:51:20.260Z,52752,enumerated_context,0000000000000A47,0,0.000,406,4,406,4,"owner=00000000004813DC;isWindow=0;ownerPid=0;get=1;device=0;options=0x8015;name=issue121-44524-2"
2026-09-14T18:51:20.272Z,52752,enumerated_context,0000000000000A46,0,0.000,406,4,406,4,"owner=00000000004813DC;isWindow=0;ownerPid=0;get=1;device=0;options=0x8015;name=issue121-44524-1"
2026-09-14T18:51:20.284Z,52752,enumerated_context,0000000000000A45,0,0.000,406,4,406,4,"owner=00000000004813DC;isWindow=0;ownerPid=0;get=1;device=0;options=0x8015;name=issue121-44524-0"
2026-09-14T18:51:20.294Z,52752,enumerated_context,0000000000000A44,0,0.000,406,4,406,4,"owner=00000000004713DC;isWindow=0;ownerPid=0;get=1;device=0;options=0x8015;name=issue121-33960-66"
2026-09-14T18:51:20.305Z,52752,enumerated_context,0000000000000A43,0,0.000,406,4,406,4,"owner=00000000004713DC;isWindow=0;ownerPid=0;get=1;device=0;options=0x8015;name=issue121-33960-65"
2026-09-14T18:51:20.316Z,52752,enumerated_context,0000000000000A42,0,0.000,406,4,406,4,"owner=00000000004713DC;isWindow=0;ownerPid=0;get=1;device=0;options=0x8015;name=issue121-33960-64"
2026-09-14T18:51:20.326Z,52752,enumerated_context,0000000000000A41,0,0.000,406,4,406,4,"owner=00000000004713DC;isWindow=0;ownerPid=0;get=1;device=0;options=0x8015;name=issue121-33960-63"
2026-09-14T18:51:20.338Z,52752,enumerated_context,0000000000000A40,0,0.000,406,4,406,4,"owner=00000000004713DC;isWindow=0;ownerPid=0;get=1;device=0;options=0x8015;name=issue121-33960-62"
2026-09-14T18:51:20.352Z,52752,enumerated_context,0000000000000A3F,0,0.000,406,4,406,4,"owner=00000000004713DC;isWindow=0;ownerPid=0;get=1;device=0;options=0x8015;name=issue121-33960-61"
2026-09-14T18:51:20.359Z,52752,enumerated_context,0000000000000A3E,0,0.000,406,4,406,4,"owner=00000000004713DC;isWindow=0;ownerPid=0;get=1;device=0;options=0x8015;name=issue121-33960-60"
2026-09-14T18:51:20.371Z,52752,enumerated_context,0000000000000A3D,0,0.000,406,4,406,4,"owner=00000000004713DC;isWindow=0;ownerPid=0;get=1;device=0;options=0x8015;name=issue121-33960-59"
2026-09-14T18:51:20.383Z,52752,enumerated_context,0000000000000A3C,0,0.000,406,4,406,4,"owner=00000000004713DC;isWindow=0;ownerPid=0;get=1;device=0;options=0x8015;name=issue121-33960-58"
2026-09-14T18:51:20.394Z,52752,enumerated_context,0000000000000A3B,0,0.000,406,4,406,4,"owner=00000000004713DC;isWindow=0;ownerPid=0;get=1;device=0;options=0x8015;name=issue121-33960-57"
2026-09-14T18:51:20.404Z,52752,enumerated_context,0000000000000A3A,0,0.000,406,4,406,4,"owner=00000000004713DC;isWindow=0;ownerPid=0;get=1;device=0;options=0x8015;name=issue121-33960-56"
2026-09-14T18:51:20.416Z,52752,enumerated_context,0000000000000A39,0,0.000,406,4,406,4,"owner=00000000004713DC;isWindow=0;ownerPid=0;get=1;device=0;options=0x8015;name=issue121-33960-55"
2026-09-14T18:51:20.425Z,52752,enumerated_context,0000000000000A38,0,0.000,406,4,406,4,"owner=00000000004713DC;isWindow=0;ownerPid=0;get=1;device=0;options=0x8015;name=issue121-33960-54"
2026-09-14T18:51:20.438Z,52752,enumerated_context,0000000000000A37,0,0.000,406,4,406,4,"owner=00000000004713DC;isWindow=0;ownerPid=0;get=1;device=0;options=0x8015;name=issue121-33960-53"
2026-09-14T18:51:20.448Z,52752,enumerated_context,0000000000000A36,0,0.000,406,4,406,4,"owner=00000000004713DC;isWindow=0;ownerPid=0;get=1;device=0;options=0x8015;name=issue121-33960-52"
2026-09-14T18:51:20.458Z,52752,enumerated_context,0000000000000A35,0,0.000,406,4,406,4,"owner=00000000004713DC;isWindow=0;ownerPid=0;get=1;device=0;options=0x8015;name=issue121-33960-51"
2026-09-14T18:51:20.470Z,52752,enumerated_context,0000000000000A34,0,0.000,406,4,406,4,"owner=00000000004713DC;isWindow=0;ownerPid=0;get=1;device=0;options=0x8015;name=issue121-33960-50"
2026-09-14T18:51:20.482Z,52752,enumerated_context,0000000000000A33,0,0.000,406,4,406,4,"owner=00000000004713DC;isWindow=0;ownerPid=0;get=1;device=0;options=0x8015;name=issue121-33960-49"
2026-09-14T18:51:20.496Z,52752,enumerated_context,0000000000000A32,0,0.000,406,4,406,4,"owner=00000000004713DC;isWindow=0;ownerPid=0;get=1;device=0;options=0x8015;name=issue121-33960-48"
2026-09-14T18:51:20.507Z,52752,enumerated_context,0000000000000A31,0,0.000,406,4,406,4,"owner=00000000004713DC;isWindow=0;ownerPid=0;get=1;device=0;options=0x8015;name=issue121-33960-47"
2026-09-14T18:51:20.519Z,52752,enumerated_context,0000000000000A30,0,0.000,406,4,406,4,"owner=00000000004713DC;isWindow=0;ownerPid=0;get=1;device=0;options=0x8015;name=issue121-33960-46"
2026-09-14T18:51:20.531Z,52752,enumerated_context,0000000000000A2F,0,0.000,406,4,406,4,"owner=00000000004713DC;isWindow=0;ownerPid=0;get=1;device=0;options=0x8015;name=issue121-33960-45"
2026-09-14T18:51:20.544Z,52752,enumerated_context,0000000000000A2E,0,0.000,406,4,406,4,"owner=00000000004713DC;isWindow=0;ownerPid=0;get=1;device=0;options=0x8015;name=issue121-33960-44"
2026-09-14T18:51:20.555Z,52752,enumerated_context,0000000000000A2D,0,0.000,406,4,406,4,"owner=00000000004713DC;isWindow=0;ownerPid=0;get=1;device=0;options=0x8015;name=issue121-33960-43"
2026-09-14T18:51:20.567Z,52752,enumerated_context,0000000000000A2C,0,0.000,406,4,406,4,"owner=00000000004713DC;isWindow=0;ownerPid=0;get=1;device=0;options=0x8015;name=issue121-33960-42"
2026-09-14T18:51:20.576Z,52752,enumerated_context,0000000000000A2B,0,0.000,406,4,406,4,"owner=00000000004713DC;isWindow=0;ownerPid=0;get=1;device=0;options=0x8015;name=issue121-33960-41"
2026-09-14T18:51:20.588Z,52752,enumerated_context,0000000000000A2A,0,0.000,406,4,406,4,"owner=00000000004713DC;isWindow=0;ownerPid=0;get=1;device=0;options=0x8015;name=issue121-33960-40"
2026-09-14T18:51:20.599Z,52752,enumerated_context,0000000000000A29,0,0.000,406,4,406,4,"owner=00000000004713DC;isWindow=0;ownerPid=0;get=1;device=0;options=0x8015;name=issue121-33960-39"
2026-09-14T18:51:20.607Z,52752,enumerated_context,0000000000000A28,0,0.000,406,4,406,4,"owner=00000000004713DC;isWindow=0;ownerPid=0;get=1;device=0;options=0x8015;name=issue121-33960-38"
2026-09-14T18:51:20.618Z,52752,enumerated_context,0000000000000A27,0,0.000,406,4,406,4,"owner=00000000004713DC;isWindow=0;ownerPid=0;get=1;device=0;options=0x8015;name=issue121-33960-37"
2026-09-14T18:51:20.627Z,52752,enumerated_context,0000000000000A26,0,0.000,406,4,406,4,"owner=00000000004713DC;isWindow=0;ownerPid=0;get=1;device=0;options=0x8015;name=issue121-33960-36"
2026-09-14T18:51:20.636Z,52752,enumerated_context,0000000000000A25,0,0.000,406,4,406,4,"owner=00000000004713DC;isWindow=0;ownerPid=0;get=1;device=0;options=0x8015;name=issue121-33960-35"
2026-09-14T18:51:20.647Z,52752,enumerated_context,0000000000000A24,0,0.000,406,4,406,4,"owner=00000000004713DC;isWindow=0;ownerPid=0;get=1;device=0;options=0x8015;name=issue121-33960-34"
2026-09-14T18:51:20.656Z,52752,enumerated_context,0000000000000A23,0,0.000,406,4,406,4,"owner=00000000004713DC;isWindow=0;ownerPid=0;get=1;device=0;options=0x8015;name=issue121-33960-33"
2026-09-14T18:51:20.669Z,52752,enumerated_context,0000000000000A22,0,0.000,406,4,406,4,"owner=00000000004713DC;isWindow=0;ownerPid=0;get=1;device=0;options=0x8015;name=issue121-33960-32"
2026-09-14T18:51:20.681Z,52752,enumerated_context,0000000000000A21,0,0.000,406,4,406,4,"owner=00000000004713DC;isWindow=0;ownerPid=0;get=1;device=0;options=0x8015;name=issue121-33960-31"
2026-09-14T18:51:20.691Z,52752,enumerated_context,0000000000000A20,0,0.000,406,4,406,4,"owner=00000000004713DC;isWindow=0;ownerPid=0;get=1;device=0;options=0x8015;name=issue121-33960-30"
2026-09-14T18:51:20.701Z,52752,enumerated_context,0000000000000A1F,0,0.000,406,4,406,4,"owner=00000000004713DC;isWindow=0;ownerPid=0;get=1;device=0;options=0x8015;name=issue121-33960-29"
2026-09-14T18:51:20.709Z,52752,enumerated_context,0000000000000A1E,0,0.000,406,4,406,4,"owner=00000000004713DC;isWindow=0;ownerPid=0;get=1;device=0;options=0x8015;name=issue121-33960-28"
2026-09-14T18:51:20.720Z,52752,enumerated_context,0000000000000A1D,0,0.000,406,4,406,4,"owner=00000000004713DC;isWindow=0;ownerPid=0;get=1;device=0;options=0x8015;name=issue121-33960-27"
2026-09-14T18:51:20.730Z,52752,enumerated_context,0000000000000A1C,0,0.000,406,4,406,4,"owner=00000000004713DC;isWindow=0;ownerPid=0;get=1;device=0;options=0x8015;name=issue121-33960-26"
2026-09-14T18:51:20.741Z,52752,enumerated_context,0000000000000A1B,0,0.000,406,4,406,4,"owner=00000000004713DC;isWindow=0;ownerPid=0;get=1;device=0;options=0x8015;name=issue121-33960-25"
2026-09-14T18:51:20.751Z,52752,enumerated_context,0000000000000A1A,0,0.000,406,4,406,4,"owner=00000000004713DC;isWindow=0;ownerPid=0;get=1;device=0;options=0x8015;name=issue121-33960-24"
2026-09-14T18:51:20.761Z,52752,enumerated_context,0000000000000A19,0,0.000,406,4,406,4,"owner=00000000004713DC;isWindow=0;ownerPid=0;get=1;device=0;options=0x8015;name=issue121-33960-23"
2026-09-14T18:51:20.771Z,52752,enumerated_context,0000000000000A18,0,0.000,406,4,406,4,"owner=00000000004713DC;isWindow=0;ownerPid=0;get=1;device=0;options=0x8015;name=issue121-33960-22"
2026-09-14T18:51:20.782Z,52752,enumerated_context,0000000000000A17,0,0.000,406,4,406,4,"owner=00000000004713DC;isWindow=0;ownerPid=0;get=1;device=0;options=0x8015;name=issue121-33960-21"
2026-09-14T18:51:20.791Z,52752,enumerated_context,0000000000000A16,0,0.000,406,4,406,4,"owner=00000000004713DC;isWindow=0;ownerPid=0;get=1;device=0;options=0x8015;name=issue121-33960-20"
2026-09-14T18:51:20.801Z,52752,enumerated_context,0000000000000A15,0,0.000,406,4,406,4,"owner=00000000004713DC;isWindow=0;ownerPid=0;get=1;device=0;options=0x8015;name=issue121-33960-19"
2026-09-14T18:51:20.812Z,52752,enumerated_context,0000000000000A14,0,0.000,406,4,406,4,"owner=00000000004713DC;isWindow=0;ownerPid=0;get=1;device=0;options=0x8015;name=issue121-33960-18"
2026-09-14T18:51:20.821Z,52752,enumerated_context,0000000000000A13,0,0.000,406,4,406,4,"owner=00000000004713DC;isWindow=0;ownerPid=0;get=1;device=0;options=0x8015;name=issue121-33960-17"
2026-09-14T18:51:20.831Z,52752,enumerated_context,0000000000000A12,0,0.000,406,4,406,4,"owner=00000000004713DC;isWindow=0;ownerPid=0;get=1;device=0;options=0x8015;name=issue121-33960-16"
2026-09-14T18:51:20.841Z,52752,enumerated_context,0000000000000A11,0,0.000,406,4,406,4,"owner=00000000004713DC;isWindow=0;ownerPid=0;get=1;device=0;options=0x8015;name=issue121-33960-15"
2026-09-14T18:51:20.851Z,52752,enumerated_context,0000000000000A10,0,0.000,406,4,406,4,"owner=00000000004713DC;isWindow=0;ownerPid=0;get=1;device=0;options=0x8015;name=issue121-33960-14"
2026-09-14T18:51:20.860Z,52752,enumerated_context,0000000000000A0F,0,0.000,406,4,406,4,"owner=00000000004713DC;isWindow=0;ownerPid=0;get=1;device=0;options=0x8015;name=issue121-33960-13"
2026-09-14T18:51:20.870Z,52752,enumerated_context,0000000000000A0E,0,0.000,406,4,406,4,"owner=00000000004713DC;isWindow=0;ownerPid=0;get=1;device=0;options=0x8015;name=issue121-33960-12"
2026-09-14T18:51:20.879Z,52752,enumerated_context,0000000000000A0D,0,0.000,406,4,406,4,"owner=00000000004713DC;isWindow=0;ownerPid=0;get=1;device=0;options=0x8015;name=issue121-33960-11"
2026-09-14T18:51:20.889Z,52752,enumerated_context,0000000000000A0C,0,0.000,406,4,406,4,"owner=00000000004713DC;isWindow=0;ownerPid=0;get=1;device=0;options=0x8015;name=issue121-33960-10"
2026-09-14T18:51:20.900Z,52752,enumerated_context,0000000000000A0B,0,0.000,406,4,406,4,"owner=00000000004713DC;isWindow=0;ownerPid=0;get=1;device=0;options=0x8015;name=issue121-33960-9"
2026-09-14T18:51:20.912Z,52752,enumerated_context,0000000000000A0A,0,0.000,406,4,406,4,"owner=00000000004713DC;isWindow=0;ownerPid=0;get=1;device=0;options=0x8015;name=issue121-33960-8"
2026-09-14T18:51:20.921Z,52752,enumerated_context,0000000000000A09,0,0.000,406,4,406,4,"owner=00000000004713DC;isWindow=0;ownerPid=0;get=1;device=0;options=0x8015;name=issue121-33960-7"
2026-09-14T18:51:20.930Z,52752,enumerated_context,0000000000000A08,0,0.000,406,4,406,4,"owner=00000000004713DC;isWindow=0;ownerPid=0;get=1;device=0;options=0x8015;name=issue121-33960-6"
2026-09-14T18:51:20.939Z,52752,enumerated_context,0000000000000A07,0,0.000,406,4,406,4,"owner=00000000004713DC;isWindow=0;ownerPid=0;get=1;device=0;options=0x8015;name=issue121-33960-5"
2026-09-14T18:51:20.950Z,52752,enumerated_context,0000000000000A06,0,0.000,406,4,406,4,"owner=00000000004713DC;isWindow=0;ownerPid=0;get=1;device=0;options=0x8015;name=issue121-33960-4"
2026-09-14T18:51:20.959Z,52752,enumerated_context,0000000000000A05,0,0.000,406,4,406,4,"owner=00000000004713DC;isWindow=0;ownerPid=0;get=1;device=0;options=0x8015;name=issue121-33960-3"
2026-09-14T18:51:20.970Z,52752,enumerated_context,0000000000000A04,0,0.000,406,4,406,4,"owner=00000000004713DC;isWindow=0;ownerPid=0;get=1;device=0;options=0x8015;name=issue121-33960-2"
2026-09-14T18:51:20.980Z,52752,enumerated_context,0000000000000A03,0,0.000,406,4,406,4,"owner=00000000004713DC;isWindow=0;ownerPid=0;get=1;device=0;options=0x8015;name=issue121-33960-1"
2026-09-14T18:51:20.989Z,52752,enumerated_context,0000000000001302,0,0.000,406,4,406,4,"owner=0000000000000000;isWindow=0;ownerPid=0;get=0;device=0;options=0x0;name="
2026-09-14T18:51:21.000Z,52752,enumerated_context,0000000000001001,0,0.000,406,4,406,4,"owner=0000000000000000;isWindow=0;ownerPid=0;get=1;device=1;options=0x8011;name="
2026-09-14T18:51:21.008Z,52752,enumerated_context,00000000000012CA,0,0.000,406,4,406,4,"owner=00000000004913DC;isWindow=0;ownerPid=0;get=1;device=1;options=0x8015;name=issue121-50160-66"
2026-09-14T18:51:21.019Z,52752,enumerated_context,00000000000012C9,0,0.000,406,4,406,4,"owner=00000000004913DC;isWindow=0;ownerPid=0;get=1;device=1;options=0x8015;name=issue121-50160-65"
2026-09-14T18:51:21.028Z,52752,enumerated_context,00000000000012C8,0,0.000,406,4,406,4,"owner=00000000004913DC;isWindow=0;ownerPid=0;get=1;device=1;options=0x8015;name=issue121-50160-64"
2026-09-14T18:51:21.037Z,52752,enumerated_context,00000000000012C7,0,0.000,406,4,406,4,"owner=00000000004913DC;isWindow=0;ownerPid=0;get=1;device=1;options=0x8015;name=issue121-50160-63"
2026-09-14T18:51:21.048Z,52752,enumerated_context,00000000000012C6,0,0.000,406,4,406,4,"owner=00000000004913DC;isWindow=0;ownerPid=0;get=1;device=1;options=0x8015;name=issue121-50160-62"
2026-09-14T18:51:21.057Z,52752,enumerated_context,00000000000012C5,0,0.000,406,4,406,4,"owner=00000000004913DC;isWindow=0;ownerPid=0;get=1;device=1;options=0x8015;name=issue121-50160-61"
2026-09-14T18:51:21.067Z,52752,enumerated_context,00000000000012C4,0,0.000,406,4,406,4,"owner=00000000004913DC;isWindow=0;ownerPid=0;get=1;device=1;options=0x8015;name=issue121-50160-60"
2026-09-14T18:51:21.076Z,52752,enumerated_context,00000000000012C3,0,0.000,406,4,406,4,"owner=00000000004913DC;isWindow=0;ownerPid=0;get=1;device=1;options=0x8015;name=issue121-50160-59"
2026-09-14T18:51:21.087Z,52752,enumerated_context,00000000000012C2,0,0.000,406,4,406,4,"owner=00000000004913DC;isWindow=0;ownerPid=0;get=1;device=1;options=0x8015;name=issue121-50160-58"
2026-09-14T18:51:21.098Z,52752,enumerated_context,00000000000012C1,0,0.000,406,4,406,4,"owner=00000000004913DC;isWindow=0;ownerPid=0;get=1;device=1;options=0x8015;name=issue121-50160-57"
2026-09-14T18:51:21.108Z,52752,enumerated_context,00000000000012C0,0,0.000,406,4,406,4,"owner=00000000004913DC;isWindow=0;ownerPid=0;get=1;device=1;options=0x8015;name=issue121-50160-56"
2026-09-14T18:51:21.120Z,52752,enumerated_context,00000000000012BF,0,0.000,406,4,406,4,"owner=00000000004913DC;isWindow=0;ownerPid=0;get=1;device=1;options=0x8015;name=issue121-50160-55"
2026-09-14T18:51:21.131Z,52752,enumerated_context,00000000000012BE,0,0.000,406,4,406,4,"owner=00000000004913DC;isWindow=0;ownerPid=0;get=1;device=1;options=0x8015;name=issue121-50160-54"
2026-09-14T18:51:21.141Z,52752,enumerated_context,00000000000012BD,0,0.000,406,4,406,4,"owner=00000000004913DC;isWindow=0;ownerPid=0;get=1;device=1;options=0x8015;name=issue121-50160-53"
2026-09-14T18:51:21.153Z,52752,enumerated_context,00000000000012BC,0,0.000,406,4,406,4,"owner=00000000004913DC;isWindow=0;ownerPid=0;get=1;device=1;options=0x8015;name=issue121-50160-52"
2026-09-14T18:51:21.166Z,52752,enumerated_context,00000000000012BB,0,0.000,406,4,406,4,"owner=00000000004913DC;isWindow=0;ownerPid=0;get=1;device=1;options=0x8015;name=issue121-50160-51"
2026-09-14T18:51:21.178Z,52752,enumerated_context,00000000000012BA,0,0.000,406,4,406,4,"owner=00000000004913DC;isWindow=0;ownerPid=0;get=1;device=1;options=0x8015;name=issue121-50160-50"
2026-09-14T18:51:21.190Z,52752,enumerated_context,00000000000012B9,0,0.000,406,4,406,4,"owner=00000000004913DC;isWindow=0;ownerPid=0;get=1;device=1;options=0x8015;name=issue121-50160-49"
2026-09-14T18:51:21.200Z,52752,enumerated_context,00000000000012B8,0,0.000,406,4,406,4,"owner=00000000004913DC;isWindow=0;ownerPid=0;get=1;device=1;options=0x8015;name=issue121-50160-48"
2026-09-14T18:51:21.210Z,52752,enumerated_context,00000000000012B7,0,0.000,406,4,406,4,"owner=00000000004913DC;isWindow=0;ownerPid=0;get=1;device=1;options=0x8015;name=issue121-50160-47"
2026-09-14T18:51:21.221Z,52752,enumerated_context,00000000000012B6,0,0.000,406,4,406,4,"owner=00000000004913DC;isWindow=0;ownerPid=0;get=1;device=1;options=0x8015;name=issue121-50160-46"
2026-09-14T18:51:21.231Z,52752,enumerated_context,00000000000012B5,0,0.000,406,4,406,4,"owner=00000000004913DC;isWindow=0;ownerPid=0;get=1;device=1;options=0x8015;name=issue121-50160-45"
2026-09-14T18:51:21.240Z,52752,enumerated_context,00000000000012B4,0,0.000,406,4,406,4,"owner=00000000004913DC;isWindow=0;ownerPid=0;get=1;device=1;options=0x8015;name=issue121-50160-44"
2026-09-14T18:51:21.249Z,52752,enumerated_context,00000000000012B3,0,0.000,406,4,406,4,"owner=00000000004913DC;isWindow=0;ownerPid=0;get=1;device=1;options=0x8015;name=issue121-50160-43"
2026-09-14T18:51:21.257Z,52752,enumerated_context,00000000000012B2,0,0.000,406,4,406,4,"owner=00000000004913DC;isWindow=0;ownerPid=0;get=1;device=1;options=0x8015;name=issue121-50160-42"
2026-09-14T18:51:21.266Z,52752,enumerated_context,00000000000012B1,0,0.000,406,4,406,4,"owner=00000000004913DC;isWindow=0;ownerPid=0;get=1;device=1;options=0x8015;name=issue121-50160-41"
2026-09-14T18:51:21.275Z,52752,enumerated_context,00000000000012B0,0,0.000,406,4,406,4,"owner=00000000004913DC;isWindow=0;ownerPid=0;get=1;device=1;options=0x8015;name=issue121-50160-40"
2026-09-14T18:51:21.284Z,52752,enumerated_context,00000000000012AF,0,0.000,406,4,406,4,"owner=00000000004913DC;isWindow=0;ownerPid=0;get=1;device=1;options=0x8015;name=issue121-50160-39"
2026-09-14T18:51:21.295Z,52752,enumerated_context,00000000000012AE,0,0.000,406,4,406,4,"owner=00000000004913DC;isWindow=0;ownerPid=0;get=1;device=1;options=0x8015;name=issue121-50160-38"
2026-09-14T18:51:21.305Z,52752,enumerated_context,00000000000012AD,0,0.000,406,4,406,4,"owner=00000000004913DC;isWindow=0;ownerPid=0;get=1;device=1;options=0x8015;name=issue121-50160-37"
2026-09-14T18:51:21.317Z,52752,enumerated_context,00000000000012AC,0,0.000,406,4,406,4,"owner=00000000004913DC;isWindow=0;ownerPid=0;get=1;device=1;options=0x8015;name=issue121-50160-36"
2026-09-14T18:51:21.329Z,52752,enumerated_context,00000000000012AB,0,0.000,406,4,406,4,"owner=00000000004913DC;isWindow=0;ownerPid=0;get=1;device=1;options=0x8015;name=issue121-50160-35"
2026-09-14T18:51:21.339Z,52752,enumerated_context,00000000000012AA,0,0.000,406,4,406,4,"owner=00000000004913DC;isWindow=0;ownerPid=0;get=1;device=1;options=0x8015;name=issue121-50160-34"
2026-09-14T18:51:21.351Z,52752,enumerated_context,00000000000012A9,0,0.000,406,4,406,4,"owner=00000000004913DC;isWindow=0;ownerPid=0;get=1;device=1;options=0x8015;name=issue121-50160-33"
2026-09-14T18:51:21.361Z,52752,enumerated_context,00000000000012A8,0,0.000,406,4,406,4,"owner=00000000004913DC;isWindow=0;ownerPid=0;get=1;device=1;options=0x8015;name=issue121-50160-32"
2026-09-14T18:51:21.371Z,52752,enumerated_context,00000000000012A7,0,0.000,406,4,406,4,"owner=00000000004913DC;isWindow=0;ownerPid=0;get=1;device=1;options=0x8015;name=issue121-50160-31"
2026-09-14T18:51:21.384Z,52752,enumerated_context,00000000000012A6,0,0.000,406,4,406,4,"owner=00000000004913DC;isWindow=0;ownerPid=0;get=1;device=1;options=0x8015;name=issue121-50160-30"
2026-09-14T18:51:21.396Z,52752,enumerated_context,00000000000012A5,0,0.000,406,4,406,4,"owner=00000000004913DC;isWindow=0;ownerPid=0;get=1;device=1;options=0x8015;name=issue121-50160-29"
2026-09-14T18:51:21.408Z,52752,enumerated_context,00000000000012A4,0,0.000,406,4,406,4,"owner=00000000004913DC;isWindow=0;ownerPid=0;get=1;device=1;options=0x8015;name=issue121-50160-28"
2026-09-14T18:51:21.420Z,52752,enumerated_context,00000000000012A3,0,0.000,406,4,406,4,"owner=00000000004913DC;isWindow=0;ownerPid=0;get=1;device=1;options=0x8015;name=issue121-50160-27"
2026-09-14T18:51:21.433Z,52752,enumerated_context,00000000000012A2,0,0.000,406,4,406,4,"owner=00000000004913DC;isWindow=0;ownerPid=0;get=1;device=1;options=0x8015;name=issue121-50160-26"
2026-09-14T18:51:21.442Z,52752,enumerated_context,00000000000012A1,0,0.000,406,4,406,4,"owner=00000000004913DC;isWindow=0;ownerPid=0;get=1;device=1;options=0x8015;name=issue121-50160-25"
2026-09-14T18:51:21.455Z,52752,enumerated_context,00000000000012A0,0,0.000,406,4,406,4,"owner=00000000004913DC;isWindow=0;ownerPid=0;get=1;device=1;options=0x8015;name=issue121-50160-24"
2026-09-14T18:51:21.467Z,52752,enumerated_context,000000000000129F,0,0.000,406,4,406,4,"owner=00000000004913DC;isWindow=0;ownerPid=0;get=1;device=1;options=0x8015;name=issue121-50160-23"
2026-09-14T18:51:21.478Z,52752,enumerated_context,000000000000129E,0,0.000,406,4,406,4,"owner=00000000004913DC;isWindow=0;ownerPid=0;get=1;device=1;options=0x8015;name=issue121-50160-22"
2026-09-14T18:51:21.490Z,52752,enumerated_context,000000000000129D,0,0.000,406,4,406,4,"owner=00000000004913DC;isWindow=0;ownerPid=0;get=1;device=1;options=0x8015;name=issue121-50160-21"
2026-09-14T18:51:21.501Z,52752,enumerated_context,000000000000129C,0,0.000,406,4,406,4,"owner=00000000004913DC;isWindow=0;ownerPid=0;get=1;device=1;options=0x8015;name=issue121-50160-20"
2026-09-14T18:51:21.508Z,52752,enumerated_context,000000000000129B,0,0.000,406,4,406,4,"owner=00000000004913DC;isWindow=0;ownerPid=0;get=1;device=1;options=0x8015;name=issue121-50160-19"
2026-09-14T18:51:21.520Z,52752,enumerated_context,000000000000129A,0,0.000,406,4,406,4,"owner=00000000004913DC;isWindow=0;ownerPid=0;get=1;device=1;options=0x8015;name=issue121-50160-18"
2026-09-14T18:51:21.531Z,52752,enumerated_context,0000000000001299,0,0.000,406,4,406,4,"owner=00000000004913DC;isWindow=0;ownerPid=0;get=1;device=1;options=0x8015;name=issue121-50160-17"
2026-09-14T18:51:21.540Z,52752,enumerated_context,0000000000001298,0,0.000,406,4,406,4,"owner=00000000004913DC;isWindow=0;ownerPid=0;get=1;device=1;options=0x8015;name=issue121-50160-16"
2026-09-14T18:51:21.551Z,52752,enumerated_context,0000000000001297,0,0.000,406,4,406,4,"owner=00000000004913DC;isWindow=0;ownerPid=0;get=1;device=1;options=0x8015;name=issue121-50160-15"
2026-09-14T18:51:21.560Z,52752,enumerated_context,0000000000001296,0,0.000,406,4,406,4,"owner=00000000004913DC;isWindow=0;ownerPid=0;get=1;device=1;options=0x8015;name=issue121-50160-14"
2026-09-14T18:51:21.571Z,52752,enumerated_context,0000000000001295,0,0.000,406,4,406,4,"owner=00000000004913DC;isWindow=0;ownerPid=0;get=1;device=1;options=0x8015;name=issue121-50160-13"
2026-09-14T18:51:21.583Z,52752,enumerated_context,0000000000001294,0,0.000,406,4,406,4,"owner=00000000004913DC;isWindow=0;ownerPid=0;get=1;device=1;options=0x8015;name=issue121-50160-12"
2026-09-14T18:51:21.590Z,52752,enumerated_context,0000000000001293,0,0.000,406,4,406,4,"owner=00000000004913DC;isWindow=0;ownerPid=0;get=1;device=1;options=0x8015;name=issue121-50160-11"
2026-09-14T18:51:21.602Z,52752,enumerated_context,0000000000001292,0,0.000,406,4,406,4,"owner=00000000004913DC;isWindow=0;ownerPid=0;get=1;device=1;options=0x8015;name=issue121-50160-10"
2026-09-14T18:51:21.611Z,52752,enumerated_context,0000000000001291,0,0.000,406,4,406,4,"owner=00000000004913DC;isWindow=0;ownerPid=0;get=1;device=1;options=0x8015;name=issue121-50160-9"
2026-09-14T18:51:21.621Z,52752,enumerated_context,0000000000001290,0,0.000,406,4,406,4,"owner=00000000004913DC;isWindow=0;ownerPid=0;get=1;device=1;options=0x8015;name=issue121-50160-8"
2026-09-14T18:51:21.632Z,52752,enumerated_context,000000000000128F,0,0.000,406,4,406,4,"owner=00000000004913DC;isWindow=0;ownerPid=0;get=1;device=1;options=0x8015;name=issue121-50160-7"
2026-09-14T18:51:21.641Z,52752,enumerated_context,000000000000128E,0,0.000,406,4,406,4,"owner=00000000004913DC;isWindow=0;ownerPid=0;get=1;device=1;options=0x8015;name=issue121-50160-6"
2026-09-14T18:51:21.653Z,52752,enumerated_context,000000000000128D,0,0.000,406,4,406,4,"owner=00000000004913DC;isWindow=0;ownerPid=0;get=1;device=1;options=0x8015;name=issue121-50160-5"
2026-09-14T18:51:21.664Z,52752,enumerated_context,000000000000128C,0,0.000,406,4,406,4,"owner=00000000004913DC;isWindow=0;ownerPid=0;get=1;device=1;options=0x8015;name=issue121-50160-4"
2026-09-14T18:51:21.676Z,52752,enumerated_context,000000000000128B,0,0.000,406,4,406,4,"owner=00000000004913DC;isWindow=0;ownerPid=0;get=1;device=1;options=0x8015;name=issue121-50160-3"
2026-09-14T18:51:21.689Z,52752,enumerated_context,000000000000128A,0,0.000,406,4,406,4,"owner=00000000004913DC;isWindow=0;ownerPid=0;get=1;device=1;options=0x8015;name=issue121-50160-2"
2026-09-14T18:51:21.699Z,52752,enumerated_context,0000000000001289,0,0.000,406,4,406,4,"owner=00000000004913DC;isWindow=0;ownerPid=0;get=1;device=1;options=0x8015;name=issue121-50160-1"
2026-09-14T18:51:21.708Z,52752,enumerated_context,0000000000001288,0,0.000,406,4,406,4,"owner=00000000004913DC;isWindow=0;ownerPid=0;get=1;device=1;options=0x8015;name=issue121-50160-0"
2026-09-14T18:51:21.717Z,52752,enumerated_context,0000000000001287,0,0.000,406,4,406,4,"owner=00000000004813DC;isWindow=0;ownerPid=0;get=1;device=1;options=0x8015;name=issue121-44524-66"
2026-09-14T18:51:21.726Z,52752,enumerated_context,0000000000001286,0,0.000,406,4,406,4,"owner=00000000004813DC;isWindow=0;ownerPid=0;get=1;device=1;options=0x8015;name=issue121-44524-65"
2026-09-14T18:51:21.736Z,52752,enumerated_context,0000000000001285,0,0.000,406,4,406,4,"owner=00000000004813DC;isWindow=0;ownerPid=0;get=1;device=1;options=0x8015;name=issue121-44524-64"
2026-09-14T18:51:21.747Z,52752,enumerated_context,0000000000001284,0,0.000,406,4,406,4,"owner=00000000004813DC;isWindow=0;ownerPid=0;get=1;device=1;options=0x8015;name=issue121-44524-63"
2026-09-14T18:51:21.756Z,52752,enumerated_context,0000000000001283,0,0.000,406,4,406,4,"owner=00000000004813DC;isWindow=0;ownerPid=0;get=1;device=1;options=0x8015;name=issue121-44524-62"
2026-09-14T18:51:21.766Z,52752,enumerated_context,0000000000001282,0,0.000,406,4,406,4,"owner=00000000004813DC;isWindow=0;ownerPid=0;get=1;device=1;options=0x8015;name=issue121-44524-61"
2026-09-14T18:51:21.776Z,52752,enumerated_context,0000000000001281,0,0.000,406,4,406,4,"owner=00000000004813DC;isWindow=0;ownerPid=0;get=1;device=1;options=0x8015;name=issue121-44524-60"
2026-09-14T18:51:21.785Z,52752,enumerated_context,0000000000001280,0,0.000,406,4,406,4,"owner=00000000004813DC;isWindow=0;ownerPid=0;get=1;device=1;options=0x8015;name=issue121-44524-59"
2026-09-14T18:51:21.796Z,52752,enumerated_context,000000000000127F,0,0.000,406,4,406,4,"owner=00000000004813DC;isWindow=0;ownerPid=0;get=1;device=1;options=0x8015;name=issue121-44524-58"
2026-09-14T18:51:21.805Z,52752,enumerated_context,000000000000127E,0,0.000,406,4,406,4,"owner=00000000004813DC;isWindow=0;ownerPid=0;get=1;device=1;options=0x8015;name=issue121-44524-57"
2026-09-14T18:51:21.817Z,52752,enumerated_context,000000000000127D,0,0.000,406,4,406,4,"owner=00000000004813DC;isWindow=0;ownerPid=0;get=1;device=1;options=0x8015;name=issue121-44524-56"
2026-09-14T18:51:21.826Z,52752,enumerated_context,000000000000127C,0,0.000,406,4,406,4,"owner=00000000004813DC;isWindow=0;ownerPid=0;get=1;device=1;options=0x8015;name=issue121-44524-55"
2026-09-14T18:51:21.836Z,52752,enumerated_context,000000000000127B,0,0.000,406,4,406,4,"owner=00000000004813DC;isWindow=0;ownerPid=0;get=1;device=1;options=0x8015;name=issue121-44524-54"
2026-09-14T18:51:21.846Z,52752,enumerated_context,000000000000127A,0,0.000,406,4,406,4,"owner=00000000004813DC;isWindow=0;ownerPid=0;get=1;device=1;options=0x8015;name=issue121-44524-53"
2026-09-14T18:51:21.856Z,52752,enumerated_context,0000000000001279,0,0.000,406,4,406,4,"owner=00000000004813DC;isWindow=0;ownerPid=0;get=1;device=1;options=0x8015;name=issue121-44524-52"
2026-09-14T18:51:21.867Z,52752,enumerated_context,0000000000001278,0,0.000,406,4,406,4,"owner=00000000004813DC;isWindow=0;ownerPid=0;get=1;device=1;options=0x8015;name=issue121-44524-51"
2026-09-14T18:51:21.876Z,52752,enumerated_context,0000000000001277,0,0.000,406,4,406,4,"owner=00000000004813DC;isWindow=0;ownerPid=0;get=1;device=1;options=0x8015;name=issue121-44524-50"
2026-09-14T18:51:21.888Z,52752,enumerated_context,0000000000001276,0,0.000,406,4,406,4,"owner=00000000004813DC;isWindow=0;ownerPid=0;get=1;device=1;options=0x8015;name=issue121-44524-49"
2026-09-14T18:51:21.899Z,52752,enumerated_context,0000000000001275,0,0.000,406,4,406,4,"owner=00000000004813DC;isWindow=0;ownerPid=0;get=1;device=1;options=0x8015;name=issue121-44524-48"
2026-09-14T18:51:21.910Z,52752,enumerated_context,0000000000001274,0,0.000,406,4,406,4,"owner=00000000004813DC;isWindow=0;ownerPid=0;get=1;device=1;options=0x8015;name=issue121-44524-47"
2026-09-14T18:51:21.920Z,52752,enumerated_context,0000000000001273,0,0.000,406,4,406,4,"owner=00000000004813DC;isWindow=0;ownerPid=0;get=1;device=1;options=0x8015;name=issue121-44524-46"
2026-09-14T18:51:21.930Z,52752,enumerated_context,0000000000001272,0,0.000,406,4,406,4,"owner=00000000004813DC;isWindow=0;ownerPid=0;get=1;device=1;options=0x8015;name=issue121-44524-45"
2026-09-14T18:51:21.940Z,52752,enumerated_context,0000000000001271,0,0.000,406,4,406,4,"owner=00000000004813DC;isWindow=0;ownerPid=0;get=1;device=1;options=0x8015;name=issue121-44524-44"
2026-09-14T18:51:21.951Z,52752,enumerated_context,0000000000001270,0,0.000,406,4,406,4,"owner=00000000004813DC;isWindow=0;ownerPid=0;get=1;device=1;options=0x8015;name=issue121-44524-43"
2026-09-14T18:51:21.960Z,52752,enumerated_context,000000000000126F,0,0.000,406,4,406,4,"owner=00000000004813DC;isWindow=0;ownerPid=0;get=1;device=1;options=0x8015;name=issue121-44524-42"
2026-09-14T18:51:21.970Z,52752,enumerated_context,000000000000126E,0,0.000,406,4,406,4,"owner=00000000004813DC;isWindow=0;ownerPid=0;get=1;device=1;options=0x8015;name=issue121-44524-41"
2026-09-14T18:51:21.980Z,52752,enumerated_context,000000000000126D,0,0.000,406,4,406,4,"owner=00000000004813DC;isWindow=0;ownerPid=0;get=1;device=1;options=0x8015;name=issue121-44524-40"
2026-09-14T18:51:21.990Z,52752,enumerated_context,000000000000126C,0,0.000,406,4,406,4,"owner=00000000004813DC;isWindow=0;ownerPid=0;get=1;device=1;options=0x8015;name=issue121-44524-39"
2026-09-14T18:51:22.002Z,52752,enumerated_context,000000000000126B,0,0.000,406,4,406,4,"owner=00000000004813DC;isWindow=0;ownerPid=0;get=1;device=1;options=0x8015;name=issue121-44524-38"
2026-09-14T18:51:22.010Z,52752,enumerated_context,000000000000126A,0,0.000,406,4,406,4,"owner=00000000004813DC;isWindow=0;ownerPid=0;get=1;device=1;options=0x8015;name=issue121-44524-37"
2026-09-14T18:51:22.021Z,52752,enumerated_context,0000000000001269,0,0.000,406,4,406,4,"owner=00000000004813DC;isWindow=0;ownerPid=0;get=1;device=1;options=0x8015;name=issue121-44524-36"
2026-09-14T18:51:22.030Z,52752,enumerated_context,0000000000001268,0,0.000,406,4,406,4,"owner=00000000004813DC;isWindow=0;ownerPid=0;get=1;device=1;options=0x8015;name=issue121-44524-35"
2026-09-14T18:51:22.039Z,52752,enumerated_context,0000000000001267,0,0.000,406,4,406,4,"owner=00000000004813DC;isWindow=0;ownerPid=0;get=1;device=1;options=0x8015;name=issue121-44524-34"
2026-09-14T18:51:22.051Z,52752,enumerated_context,0000000000001266,0,0.000,406,4,406,4,"owner=00000000004813DC;isWindow=0;ownerPid=0;get=1;device=1;options=0x8015;name=issue121-44524-33"
2026-09-14T18:51:22.060Z,52752,enumerated_context,0000000000001265,0,0.000,406,4,406,4,"owner=00000000004813DC;isWindow=0;ownerPid=0;get=1;device=1;options=0x8015;name=issue121-44524-32"
2026-09-14T18:51:22.071Z,52752,enumerated_context,0000000000001264,0,0.000,406,4,406,4,"owner=00000000004813DC;isWindow=0;ownerPid=0;get=1;device=1;options=0x8015;name=issue121-44524-31"
2026-09-14T18:51:22.081Z,52752,enumerated_context,0000000000001263,0,0.000,406,4,406,4,"owner=00000000004813DC;isWindow=0;ownerPid=0;get=1;device=1;options=0x8015;name=issue121-44524-30"
2026-09-14T18:51:22.090Z,52752,enumerated_context,0000000000001262,0,0.000,406,4,406,4,"owner=00000000004813DC;isWindow=0;ownerPid=0;get=1;device=1;options=0x8015;name=issue121-44524-29"
2026-09-14T18:51:22.101Z,52752,enumerated_context,0000000000001261,0,0.000,406,4,406,4,"owner=00000000004813DC;isWindow=0;ownerPid=0;get=1;device=1;options=0x8015;name=issue121-44524-28"
2026-09-14T18:51:22.110Z,52752,enumerated_context,0000000000001260,0,0.000,406,4,406,4,"owner=00000000004813DC;isWindow=0;ownerPid=0;get=1;device=1;options=0x8015;name=issue121-44524-27"
2026-09-14T18:51:22.119Z,52752,enumerated_context,000000000000125F,0,0.000,406,4,406,4,"owner=00000000004813DC;isWindow=0;ownerPid=0;get=1;device=1;options=0x8015;name=issue121-44524-26"
2026-09-14T18:51:22.130Z,52752,enumerated_context,000000000000125E,0,0.000,406,4,406,4,"owner=00000000004813DC;isWindow=0;ownerPid=0;get=1;device=1;options=0x8015;name=issue121-44524-25"
2026-09-14T18:51:22.139Z,52752,enumerated_context,000000000000125D,0,0.000,406,4,406,4,"owner=00000000004813DC;isWindow=0;ownerPid=0;get=1;device=1;options=0x8015;name=issue121-44524-24"
2026-09-14T18:51:22.151Z,52752,enumerated_context,000000000000125C,0,0.000,406,4,406,4,"owner=00000000004813DC;isWindow=0;ownerPid=0;get=1;device=1;options=0x8015;name=issue121-44524-23"
2026-09-14T18:51:22.159Z,52752,enumerated_context,000000000000125B,0,0.000,406,4,406,4,"owner=00000000004813DC;isWindow=0;ownerPid=0;get=1;device=1;options=0x8015;name=issue121-44524-22"
2026-09-14T18:51:22.169Z,52752,enumerated_context,000000000000125A,0,0.000,406,4,406,4,"owner=00000000004813DC;isWindow=0;ownerPid=0;get=1;device=1;options=0x8015;name=issue121-44524-21"
2026-09-14T18:51:22.180Z,52752,enumerated_context,0000000000001259,0,0.000,406,4,406,4,"owner=00000000004813DC;isWindow=0;ownerPid=0;get=1;device=1;options=0x8015;name=issue121-44524-20"
2026-09-14T18:51:22.195Z,52752,enumerated_context,0000000000001258,0,0.000,406,4,406,4,"owner=00000000004813DC;isWindow=0;ownerPid=0;get=1;device=1;options=0x8015;name=issue121-44524-19"
2026-09-14T18:51:22.211Z,52752,enumerated_context,0000000000001257,0,0.000,406,4,406,4,"owner=00000000004813DC;isWindow=0;ownerPid=0;get=1;device=1;options=0x8015;name=issue121-44524-18"
2026-09-14T18:51:22.223Z,52752,enumerated_context,0000000000001256,0,0.000,406,4,406,4,"owner=00000000004813DC;isWindow=0;ownerPid=0;get=1;device=1;options=0x8015;name=issue121-44524-17"
2026-09-14T18:51:22.236Z,52752,enumerated_context,0000000000001255,0,0.000,406,4,406,4,"owner=00000000004813DC;isWindow=0;ownerPid=0;get=1;device=1;options=0x8015;name=issue121-44524-16"
2026-09-14T18:51:22.244Z,52752,enumerated_context,0000000000001254,0,0.000,406,4,406,4,"owner=00000000004813DC;isWindow=0;ownerPid=0;get=1;device=1;options=0x8015;name=issue121-44524-15"
2026-09-14T18:51:22.255Z,52752,enumerated_context,0000000000001253,0,0.000,406,4,406,4,"owner=00000000004813DC;isWindow=0;ownerPid=0;get=1;device=1;options=0x8015;name=issue121-44524-14"
2026-09-14T18:51:22.265Z,52752,enumerated_context,0000000000001252,0,0.000,406,4,406,4,"owner=00000000004813DC;isWindow=0;ownerPid=0;get=1;device=1;options=0x8015;name=issue121-44524-13"
2026-09-14T18:51:22.274Z,52752,enumerated_context,0000000000001251,0,0.000,406,4,406,4,"owner=00000000004813DC;isWindow=0;ownerPid=0;get=1;device=1;options=0x8015;name=issue121-44524-12"
2026-09-14T18:51:22.283Z,52752,enumerated_context,0000000000001250,0,0.000,406,4,406,4,"owner=00000000004813DC;isWindow=0;ownerPid=0;get=1;device=1;options=0x8015;name=issue121-44524-11"
2026-09-14T18:51:22.293Z,52752,enumerated_context,000000000000124F,0,0.000,406,4,406,4,"owner=00000000004813DC;isWindow=0;ownerPid=0;get=1;device=1;options=0x8015;name=issue121-44524-10"
2026-09-14T18:51:22.305Z,52752,enumerated_context,000000000000124E,0,0.000,406,4,406,4,"owner=00000000004813DC;isWindow=0;ownerPid=0;get=1;device=1;options=0x8015;name=issue121-44524-9"
2026-09-14T18:51:22.315Z,52752,enumerated_context,000000000000124D,0,0.000,406,4,406,4,"owner=00000000004813DC;isWindow=0;ownerPid=0;get=1;device=1;options=0x8015;name=issue121-44524-8"
2026-09-14T18:51:22.324Z,52752,enumerated_context,000000000000124C,0,0.000,406,4,406,4,"owner=00000000004813DC;isWindow=0;ownerPid=0;get=1;device=1;options=0x8015;name=issue121-44524-7"
2026-09-14T18:51:22.335Z,52752,enumerated_context,000000000000124B,0,0.000,406,4,406,4,"owner=00000000004813DC;isWindow=0;ownerPid=0;get=1;device=1;options=0x8015;name=issue121-44524-6"
2026-09-14T18:51:22.345Z,52752,enumerated_context,000000000000124A,0,0.000,406,4,406,4,"owner=00000000004813DC;isWindow=0;ownerPid=0;get=1;device=1;options=0x8015;name=issue121-44524-5"
2026-09-14T18:51:22.355Z,52752,enumerated_context,0000000000001249,0,0.000,406,4,406,4,"owner=00000000004813DC;isWindow=0;ownerPid=0;get=1;device=1;options=0x8015;name=issue121-44524-4"
2026-09-14T18:51:22.365Z,52752,enumerated_context,0000000000001248,0,0.000,406,4,406,4,"owner=00000000004813DC;isWindow=0;ownerPid=0;get=1;device=1;options=0x8015;name=issue121-44524-3"
2026-09-14T18:51:22.374Z,52752,enumerated_context,0000000000001247,0,0.000,406,4,406,4,"owner=00000000004813DC;isWindow=0;ownerPid=0;get=1;device=1;options=0x8015;name=issue121-44524-2"
2026-09-14T18:51:22.385Z,52752,enumerated_context,0000000000001246,0,0.000,406,4,406,4,"owner=00000000004813DC;isWindow=0;ownerPid=0;get=1;device=1;options=0x8015;name=issue121-44524-1"
2026-09-14T18:51:22.394Z,52752,enumerated_context,0000000000001245,0,0.000,406,4,406,4,"owner=00000000004813DC;isWindow=0;ownerPid=0;get=1;device=1;options=0x8015;name=issue121-44524-0"
2026-09-14T18:51:22.406Z,52752,enumerated_context,0000000000001244,0,0.000,406,4,406,4,"owner=00000000004713DC;isWindow=0;ownerPid=0;get=1;device=1;options=0x8015;name=issue121-33960-66"
2026-09-14T18:51:22.416Z,52752,enumerated_context,0000000000001243,0,0.000,406,4,406,4,"owner=00000000004713DC;isWindow=0;ownerPid=0;get=1;device=1;options=0x8015;name=issue121-33960-65"
2026-09-14T18:51:22.425Z,52752,enumerated_context,0000000000001242,0,0.000,406,4,406,4,"owner=00000000004713DC;isWindow=0;ownerPid=0;get=1;device=1;options=0x8015;name=issue121-33960-64"
2026-09-14T18:51:22.438Z,52752,enumerated_context,0000000000001241,0,0.000,406,4,406,4,"owner=00000000004713DC;isWindow=0;ownerPid=0;get=1;device=1;options=0x8015;name=issue121-33960-63"
2026-09-14T18:51:22.449Z,52752,enumerated_context,0000000000001240,0,0.000,406,4,406,4,"owner=00000000004713DC;isWindow=0;ownerPid=0;get=1;device=1;options=0x8015;name=issue121-33960-62"
2026-09-14T18:51:22.458Z,52752,enumerated_context,000000000000123F,0,0.000,406,4,406,4,"owner=00000000004713DC;isWindow=0;ownerPid=0;get=1;device=1;options=0x8015;name=issue121-33960-61"
2026-09-14T18:51:22.468Z,52752,enumerated_context,000000000000123E,0,0.000,406,4,406,4,"owner=00000000004713DC;isWindow=0;ownerPid=0;get=1;device=1;options=0x8015;name=issue121-33960-60"
2026-09-14T18:51:22.478Z,52752,enumerated_context,000000000000123D,0,0.000,406,4,406,4,"owner=00000000004713DC;isWindow=0;ownerPid=0;get=1;device=1;options=0x8015;name=issue121-33960-59"
2026-09-14T18:51:22.488Z,52752,enumerated_context,000000000000123C,0,0.000,406,4,406,4,"owner=00000000004713DC;isWindow=0;ownerPid=0;get=1;device=1;options=0x8015;name=issue121-33960-58"
2026-09-14T18:51:22.499Z,52752,enumerated_context,000000000000123B,0,0.000,406,4,406,4,"owner=00000000004713DC;isWindow=0;ownerPid=0;get=1;device=1;options=0x8015;name=issue121-33960-57"
2026-09-14T18:51:22.507Z,52752,enumerated_context,000000000000123A,0,0.000,406,4,406,4,"owner=00000000004713DC;isWindow=0;ownerPid=0;get=1;device=1;options=0x8015;name=issue121-33960-56"
2026-09-14T18:51:22.517Z,52752,enumerated_context,0000000000001239,0,0.000,406,4,406,4,"owner=00000000004713DC;isWindow=0;ownerPid=0;get=1;device=1;options=0x8015;name=issue121-33960-55"
2026-09-14T18:51:22.526Z,52752,enumerated_context,0000000000001238,0,0.000,406,4,406,4,"owner=00000000004713DC;isWindow=0;ownerPid=0;get=1;device=1;options=0x8015;name=issue121-33960-54"
2026-09-14T18:51:22.538Z,52752,enumerated_context,0000000000001237,0,0.000,406,4,406,4,"owner=00000000004713DC;isWindow=0;ownerPid=0;get=1;device=1;options=0x8015;name=issue121-33960-53"
2026-09-14T18:51:22.547Z,52752,enumerated_context,0000000000001236,0,0.000,406,4,406,4,"owner=00000000004713DC;isWindow=0;ownerPid=0;get=1;device=1;options=0x8015;name=issue121-33960-52"
2026-09-14T18:51:22.556Z,52752,enumerated_context,0000000000001235,0,0.000,406,4,406,4,"owner=00000000004713DC;isWindow=0;ownerPid=0;get=1;device=1;options=0x8015;name=issue121-33960-51"
2026-09-14T18:51:22.568Z,52752,enumerated_context,0000000000001234,0,0.000,406,4,406,4,"owner=00000000004713DC;isWindow=0;ownerPid=0;get=1;device=1;options=0x8015;name=issue121-33960-50"
2026-09-14T18:51:22.576Z,52752,enumerated_context,0000000000001233,0,0.000,406,4,406,4,"owner=00000000004713DC;isWindow=0;ownerPid=0;get=1;device=1;options=0x8015;name=issue121-33960-49"
2026-09-14T18:51:22.588Z,52752,enumerated_context,0000000000001232,0,0.000,406,4,406,4,"owner=00000000004713DC;isWindow=0;ownerPid=0;get=1;device=1;options=0x8015;name=issue121-33960-48"
2026-09-14T18:51:22.599Z,52752,enumerated_context,0000000000001231,0,0.000,406,4,406,4,"owner=00000000004713DC;isWindow=0;ownerPid=0;get=1;device=1;options=0x8015;name=issue121-33960-47"
2026-09-14T18:51:22.612Z,52752,enumerated_context,0000000000001230,0,0.000,406,4,406,4,"owner=00000000004713DC;isWindow=0;ownerPid=0;get=1;device=1;options=0x8015;name=issue121-33960-46"
2026-09-14T18:51:22.622Z,52752,enumerated_context,000000000000122F,0,0.000,406,4,406,4,"owner=00000000004713DC;isWindow=0;ownerPid=0;get=1;device=1;options=0x8015;name=issue121-33960-45"
2026-09-14T18:51:22.631Z,52752,enumerated_context,000000000000122E,0,0.000,406,4,406,4,"owner=00000000004713DC;isWindow=0;ownerPid=0;get=1;device=1;options=0x8015;name=issue121-33960-44"
2026-09-14T18:51:22.642Z,52752,enumerated_context,000000000000122D,0,0.000,406,4,406,4,"owner=00000000004713DC;isWindow=0;ownerPid=0;get=1;device=1;options=0x8015;name=issue121-33960-43"
2026-09-14T18:51:22.655Z,52752,enumerated_context,000000000000122C,0,0.000,406,4,406,4,"owner=00000000004713DC;isWindow=0;ownerPid=0;get=1;device=1;options=0x8015;name=issue121-33960-42"
2026-09-14T18:51:22.668Z,52752,enumerated_context,000000000000122B,0,0.000,406,4,406,4,"owner=00000000004713DC;isWindow=0;ownerPid=0;get=1;device=1;options=0x8015;name=issue121-33960-41"
2026-09-14T18:51:22.678Z,52752,enumerated_context,000000000000122A,0,0.000,406,4,406,4,"owner=00000000004713DC;isWindow=0;ownerPid=0;get=1;device=1;options=0x8015;name=issue121-33960-40"
2026-09-14T18:51:22.691Z,52752,enumerated_context,0000000000001229,0,0.000,406,4,406,4,"owner=00000000004713DC;isWindow=0;ownerPid=0;get=1;device=1;options=0x8015;name=issue121-33960-39"
2026-09-14T18:51:22.701Z,52752,enumerated_context,0000000000001228,0,0.000,406,4,406,4,"owner=00000000004713DC;isWindow=0;ownerPid=0;get=1;device=1;options=0x8015;name=issue121-33960-38"
2026-09-14T18:51:22.711Z,52752,enumerated_context,0000000000001227,0,0.000,406,4,406,4,"owner=00000000004713DC;isWindow=0;ownerPid=0;get=1;device=1;options=0x8015;name=issue121-33960-37"
2026-09-14T18:51:22.722Z,52752,enumerated_context,0000000000001226,0,0.000,406,4,406,4,"owner=00000000004713DC;isWindow=0;ownerPid=0;get=1;device=1;options=0x8015;name=issue121-33960-36"
2026-09-14T18:51:22.731Z,52752,enumerated_context,0000000000001225,0,0.000,406,4,406,4,"owner=00000000004713DC;isWindow=0;ownerPid=0;get=1;device=1;options=0x8015;name=issue121-33960-35"
2026-09-14T18:51:22.740Z,52752,enumerated_context,0000000000001224,0,0.000,406,4,406,4,"owner=00000000004713DC;isWindow=0;ownerPid=0;get=1;device=1;options=0x8015;name=issue121-33960-34"
2026-09-14T18:51:22.751Z,52752,enumerated_context,0000000000001223,0,0.000,406,4,406,4,"owner=00000000004713DC;isWindow=0;ownerPid=0;get=1;device=1;options=0x8015;name=issue121-33960-33"
2026-09-14T18:51:22.759Z,52752,enumerated_context,0000000000001222,0,0.000,406,4,406,4,"owner=00000000004713DC;isWindow=0;ownerPid=0;get=1;device=1;options=0x8015;name=issue121-33960-32"
2026-09-14T18:51:22.769Z,52752,enumerated_context,0000000000001221,0,0.000,406,4,406,4,"owner=00000000004713DC;isWindow=0;ownerPid=0;get=1;device=1;options=0x8015;name=issue121-33960-31"
2026-09-14T18:51:22.779Z,52752,enumerated_context,0000000000001220,0,0.000,406,4,406,4,"owner=00000000004713DC;isWindow=0;ownerPid=0;get=1;device=1;options=0x8015;name=issue121-33960-30"
2026-09-14T18:51:22.790Z,52752,enumerated_context,000000000000121F,0,0.000,406,4,406,4,"owner=00000000004713DC;isWindow=0;ownerPid=0;get=1;device=1;options=0x8015;name=issue121-33960-29"
2026-09-14T18:51:22.801Z,52752,enumerated_context,000000000000121E,0,0.000,406,4,406,4,"owner=00000000004713DC;isWindow=0;ownerPid=0;get=1;device=1;options=0x8015;name=issue121-33960-28"
2026-09-14T18:51:22.813Z,52752,enumerated_context,000000000000121D,0,0.000,406,4,406,4,"owner=00000000004713DC;isWindow=0;ownerPid=0;get=1;device=1;options=0x8015;name=issue121-33960-27"
2026-09-14T18:51:22.824Z,52752,enumerated_context,000000000000121C,0,0.000,406,4,406,4,"owner=00000000004713DC;isWindow=0;ownerPid=0;get=1;device=1;options=0x8015;name=issue121-33960-26"
2026-09-14T18:51:22.837Z,52752,enumerated_context,000000000000121B,0,0.000,406,4,406,4,"owner=00000000004713DC;isWindow=0;ownerPid=0;get=1;device=1;options=0x8015;name=issue121-33960-25"
2026-09-14T18:51:22.848Z,52752,enumerated_context,000000000000121A,0,0.000,406,4,406,4,"owner=00000000004713DC;isWindow=0;ownerPid=0;get=1;device=1;options=0x8015;name=issue121-33960-24"
2026-09-14T18:51:22.860Z,52752,enumerated_context,0000000000001219,0,0.000,406,4,406,4,"owner=00000000004713DC;isWindow=0;ownerPid=0;get=1;device=1;options=0x8015;name=issue121-33960-23"
2026-09-14T18:51:22.872Z,52752,enumerated_context,0000000000001218,0,0.000,406,4,406,4,"owner=00000000004713DC;isWindow=0;ownerPid=0;get=1;device=1;options=0x8015;name=issue121-33960-22"
2026-09-14T18:51:22.884Z,52752,enumerated_context,0000000000001217,0,0.000,406,4,406,4,"owner=00000000004713DC;isWindow=0;ownerPid=0;get=1;device=1;options=0x8015;name=issue121-33960-21"
2026-09-14T18:51:22.894Z,52752,enumerated_context,0000000000001216,0,0.000,406,4,406,4,"owner=00000000004713DC;isWindow=0;ownerPid=0;get=1;device=1;options=0x8015;name=issue121-33960-20"
2026-09-14T18:51:22.906Z,52752,enumerated_context,0000000000001215,0,0.000,406,4,406,4,"owner=00000000004713DC;isWindow=0;ownerPid=0;get=1;device=1;options=0x8015;name=issue121-33960-19"
2026-09-14T18:51:22.917Z,52752,enumerated_context,0000000000001214,0,0.000,406,4,406,4,"owner=00000000004713DC;isWindow=0;ownerPid=0;get=1;device=1;options=0x8015;name=issue121-33960-18"
2026-09-14T18:51:22.926Z,52752,enumerated_context,0000000000001213,0,0.000,406,4,406,4,"owner=00000000004713DC;isWindow=0;ownerPid=0;get=1;device=1;options=0x8015;name=issue121-33960-17"
2026-09-14T18:51:22.936Z,52752,enumerated_context,0000000000001212,0,0.000,406,4,406,4,"owner=00000000004713DC;isWindow=0;ownerPid=0;get=1;device=1;options=0x8015;name=issue121-33960-16"
2026-09-14T18:51:22.947Z,52752,enumerated_context,0000000000001211,0,0.000,406,4,406,4,"owner=00000000004713DC;isWindow=0;ownerPid=0;get=1;device=1;options=0x8015;name=issue121-33960-15"
2026-09-14T18:51:22.956Z,52752,enumerated_context,0000000000001210,0,0.000,406,4,406,4,"owner=00000000004713DC;isWindow=0;ownerPid=0;get=1;device=1;options=0x8015;name=issue121-33960-14"
2026-09-14T18:51:22.968Z,52752,enumerated_context,000000000000120F,0,0.000,406,4,406,4,"owner=00000000004713DC;isWindow=0;ownerPid=0;get=1;device=1;options=0x8015;name=issue121-33960-13"
2026-09-14T18:51:22.978Z,52752,enumerated_context,000000000000120E,0,0.000,406,4,406,4,"owner=00000000004713DC;isWindow=0;ownerPid=0;get=1;device=1;options=0x8015;name=issue121-33960-12"
2026-09-14T18:51:22.988Z,52752,enumerated_context,000000000000120D,0,0.000,406,4,406,4,"owner=00000000004713DC;isWindow=0;ownerPid=0;get=1;device=1;options=0x8015;name=issue121-33960-11"
2026-09-14T18:51:23.000Z,52752,enumerated_context,000000000000120C,0,0.000,406,4,406,4,"owner=00000000004713DC;isWindow=0;ownerPid=0;get=1;device=1;options=0x8015;name=issue121-33960-10"
2026-09-14T18:51:23.010Z,52752,enumerated_context,000000000000120B,0,0.000,406,4,406,4,"owner=00000000004713DC;isWindow=0;ownerPid=0;get=1;device=1;options=0x8015;name=issue121-33960-9"
2026-09-14T18:51:23.021Z,52752,enumerated_context,000000000000120A,0,0.000,406,4,406,4,"owner=00000000004713DC;isWindow=0;ownerPid=0;get=1;device=1;options=0x8015;name=issue121-33960-8"
2026-09-14T18:51:23.031Z,52752,enumerated_context,0000000000001209,0,0.000,406,4,406,4,"owner=00000000004713DC;isWindow=0;ownerPid=0;get=1;device=1;options=0x8015;name=issue121-33960-7"
2026-09-14T18:51:23.042Z,52752,enumerated_context,0000000000001208,0,0.000,406,4,406,4,"owner=00000000004713DC;isWindow=0;ownerPid=0;get=1;device=1;options=0x8015;name=issue121-33960-6"
2026-09-14T18:51:23.052Z,52752,enumerated_context,0000000000001207,0,0.000,406,4,406,4,"owner=00000000004713DC;isWindow=0;ownerPid=0;get=1;device=1;options=0x8015;name=issue121-33960-5"
2026-09-14T18:51:23.065Z,52752,enumerated_context,0000000000001206,0,0.000,406,4,406,4,"owner=00000000004713DC;isWindow=0;ownerPid=0;get=1;device=1;options=0x8015;name=issue121-33960-4"
2026-09-14T18:51:23.075Z,52752,enumerated_context,0000000000001205,0,0.000,406,4,406,4,"owner=00000000004713DC;isWindow=0;ownerPid=0;get=1;device=1;options=0x8015;name=issue121-33960-3"
2026-09-14T18:51:23.085Z,52752,enumerated_context,0000000000001204,0,0.000,406,4,406,4,"owner=00000000004713DC;isWindow=0;ownerPid=0;get=1;device=1;options=0x8015;name=issue121-33960-2"
2026-09-14T18:51:23.095Z,52752,enumerated_context,0000000000001203,0,0.000,406,4,406,4,"owner=00000000004713DC;isWindow=0;ownerPid=0;get=1;device=1;options=0x8015;name=issue121-33960-1"
2026-09-14T18:51:23.105Z,52752,manager_enum,0000000000000006,1,0.000,406,4,406,4,"callbacks=406"
2026-09-14T18:51:23.115Z,52752,manager_default_digitizer,0000000000000C02,0,0.000,406,4,406,4,"read_only"
2026-09-14T18:51:23.122Z,52752,manager_default_system,0000000000000C01,0,0.000,406,4,406,4,"read_only"
2026-09-14T18:51:23.131Z,52752,manager_close,0000000000000006,1,0.000,406,4,406,4,"hidden"
2026-09-14T18:51:23.260Z,52752,manager_open,0000000000000007,1,0.134,406,4,406,4,"visible;lastError=0"
2026-09-14T18:51:23.275Z,52752,enumerated_context,0000000000000B02,0,0.000,406,4,406,4,"owner=0000000000000000;isWindow=0;ownerPid=0;get=0;device=0;options=0x0;name="
2026-09-14T18:51:23.290Z,52752,enumerated_context,0000000000000B01,0,0.000,406,4,406,4,"owner=0000000000000000;isWindow=0;ownerPid=0;get=0;device=0;options=0x0;name="
2026-09-14T18:51:23.307Z,52752,enumerated_context,0000000000000801,0,0.000,406,4,406,4,"owner=0000000000000000;isWindow=0;ownerPid=0;get=1;device=0;options=0x8011;name="
2026-09-14T18:51:23.321Z,52752,enumerated_context,0000000000000B00,0,0.000,406,4,406,4,"owner=0000000000000000;isWindow=0;ownerPid=0;get=0;device=0;options=0x0;name="
2026-09-14T18:51:23.336Z,52752,enumerated_context,0000000000000ACA,0,0.000,406,4,406,4,"owner=00000000004913DC;isWindow=0;ownerPid=0;get=1;device=0;options=0x8015;name=issue121-50160-66"
2026-09-14T18:51:23.351Z,52752,enumerated_context,0000000000000AC9,0,0.000,406,4,406,4,"owner=00000000004913DC;isWindow=0;ownerPid=0;get=1;device=0;options=0x8015;name=issue121-50160-65"
2026-09-14T18:51:23.365Z,52752,enumerated_context,0000000000000AC8,0,0.000,406,4,406,4,"owner=00000000004913DC;isWindow=0;ownerPid=0;get=1;device=0;options=0x8015;name=issue121-50160-64"
2026-09-14T18:51:23.380Z,52752,enumerated_context,0000000000000AC7,0,0.000,406,4,406,4,"owner=00000000004913DC;isWindow=0;ownerPid=0;get=1;device=0;options=0x8015;name=issue121-50160-63"
2026-09-14T18:51:23.397Z,52752,enumerated_context,0000000000000AC6,0,0.000,406,4,406,4,"owner=00000000004913DC;isWindow=0;ownerPid=0;get=1;device=0;options=0x8015;name=issue121-50160-62"
2026-09-14T18:51:23.412Z,52752,enumerated_context,0000000000000AC5,0,0.000,406,4,406,4,"owner=00000000004913DC;isWindow=0;ownerPid=0;get=1;device=0;options=0x8015;name=issue121-50160-61"
2026-09-14T18:51:23.425Z,52752,enumerated_context,0000000000000AC4,0,0.000,406,4,406,4,"owner=00000000004913DC;isWindow=0;ownerPid=0;get=1;device=0;options=0x8015;name=issue121-50160-60"
2026-09-14T18:51:23.438Z,52752,enumerated_context,0000000000000AC3,0,0.000,406,4,406,4,"owner=00000000004913DC;isWindow=0;ownerPid=0;get=1;device=0;options=0x8015;name=issue121-50160-59"
2026-09-14T18:51:23.452Z,52752,enumerated_context,0000000000000AC2,0,0.000,406,4,406,4,"owner=00000000004913DC;isWindow=0;ownerPid=0;get=1;device=0;options=0x8015;name=issue121-50160-58"
2026-09-14T18:51:23.467Z,52752,enumerated_context,0000000000000AC1,0,0.000,406,4,406,4,"owner=00000000004913DC;isWindow=0;ownerPid=0;get=1;device=0;options=0x8015;name=issue121-50160-57"
2026-09-14T18:51:23.483Z,52752,enumerated_context,0000000000000AC0,0,0.000,406,4,406,4,"owner=00000000004913DC;isWindow=0;ownerPid=0;get=1;device=0;options=0x8015;name=issue121-50160-56"
2026-09-14T18:51:23.498Z,52752,enumerated_context,0000000000000ABF,0,0.000,406,4,406,4,"owner=00000000004913DC;isWindow=0;ownerPid=0;get=1;device=0;options=0x8015;name=issue121-50160-55"
2026-09-14T18:51:23.512Z,52752,enumerated_context,0000000000000ABE,0,0.000,406,4,406,4,"owner=00000000004913DC;isWindow=0;ownerPid=0;get=1;device=0;options=0x8015;name=issue121-50160-54"
2026-09-14T18:51:23.526Z,52752,enumerated_context,0000000000000ABD,0,0.000,406,4,406,4,"owner=00000000004913DC;isWindow=0;ownerPid=0;get=1;device=0;options=0x8015;name=issue121-50160-53"
2026-09-14T18:51:23.541Z,52752,enumerated_context,0000000000000ABC,0,0.000,406,4,406,4,"owner=00000000004913DC;isWindow=0;ownerPid=0;get=1;device=0;options=0x8015;name=issue121-50160-52"
2026-09-14T18:51:23.556Z,52752,enumerated_context,0000000000000ABB,0,0.000,406,4,406,4,"owner=00000000004913DC;isWindow=0;ownerPid=0;get=1;device=0;options=0x8015;name=issue121-50160-51"
2026-09-14T18:51:23.571Z,52752,enumerated_context,0000000000000ABA,0,0.000,406,4,406,4,"owner=00000000004913DC;isWindow=0;ownerPid=0;get=1;device=0;options=0x8015;name=issue121-50160-50"
2026-09-14T18:51:23.586Z,52752,enumerated_context,0000000000000AB9,0,0.000,406,4,406,4,"owner=00000000004913DC;isWindow=0;ownerPid=0;get=1;device=0;options=0x8015;name=issue121-50160-49"
2026-09-14T18:51:23.601Z,52752,enumerated_context,0000000000000AB8,0,0.000,406,4,406,4,"owner=00000000004913DC;isWindow=0;ownerPid=0;get=1;device=0;options=0x8015;name=issue121-50160-48"
2026-09-14T18:51:23.616Z,52752,enumerated_context,0000000000000AB7,0,0.000,406,4,406,4,"owner=00000000004913DC;isWindow=0;ownerPid=0;get=1;device=0;options=0x8015;name=issue121-50160-47"
2026-09-14T18:51:23.631Z,52752,enumerated_context,0000000000000AB6,0,0.000,406,4,406,4,"owner=00000000004913DC;isWindow=0;ownerPid=0;get=1;device=0;options=0x8015;name=issue121-50160-46"
2026-09-14T18:51:23.646Z,52752,enumerated_context,0000000000000AB5,0,0.000,406,4,406,4,"owner=00000000004913DC;isWindow=0;ownerPid=0;get=1;device=0;options=0x8015;name=issue121-50160-45"
2026-09-14T18:51:23.661Z,52752,enumerated_context,0000000000000AB4,0,0.000,406,4,406,4,"owner=00000000004913DC;isWindow=0;ownerPid=0;get=1;device=0;options=0x8015;name=issue121-50160-44"
2026-09-14T18:51:23.676Z,52752,enumerated_context,0000000000000AB3,0,0.000,406,4,406,4,"owner=00000000004913DC;isWindow=0;ownerPid=0;get=1;device=0;options=0x8015;name=issue121-50160-43"
2026-09-14T18:51:23.690Z,52752,enumerated_context,0000000000000AB2,0,0.000,406,4,406,4,"owner=00000000004913DC;isWindow=0;ownerPid=0;get=1;device=0;options=0x8015;name=issue121-50160-42"
2026-09-14T18:51:23.705Z,52752,enumerated_context,0000000000000AB1,0,0.000,406,4,406,4,"owner=00000000004913DC;isWindow=0;ownerPid=0;get=1;device=0;options=0x8015;name=issue121-50160-41"
2026-09-14T18:51:23.719Z,52752,enumerated_context,0000000000000AB0,0,0.000,406,4,406,4,"owner=00000000004913DC;isWindow=0;ownerPid=0;get=1;device=0;options=0x8015;name=issue121-50160-40"
2026-09-14T18:51:23.734Z,52752,enumerated_context,0000000000000AAF,0,0.000,406,4,406,4,"owner=00000000004913DC;isWindow=0;ownerPid=0;get=1;device=0;options=0x8015;name=issue121-50160-39"
2026-09-14T18:51:23.749Z,52752,enumerated_context,0000000000000AAE,0,0.000,406,4,406,4,"owner=00000000004913DC;isWindow=0;ownerPid=0;get=1;device=0;options=0x8015;name=issue121-50160-38"
2026-09-14T18:51:23.765Z,52752,enumerated_context,0000000000000AAD,0,0.000,406,4,406,4,"owner=00000000004913DC;isWindow=0;ownerPid=0;get=1;device=0;options=0x8015;name=issue121-50160-37"
2026-09-14T18:51:23.780Z,52752,enumerated_context,0000000000000AAC,0,0.000,406,4,406,4,"owner=00000000004913DC;isWindow=0;ownerPid=0;get=1;device=0;options=0x8015;name=issue121-50160-36"
2026-09-14T18:51:23.795Z,52752,enumerated_context,0000000000000AAB,0,0.000,406,4,406,4,"owner=00000000004913DC;isWindow=0;ownerPid=0;get=1;device=0;options=0x8015;name=issue121-50160-35"
2026-09-14T18:51:23.810Z,52752,enumerated_context,0000000000000AAA,0,0.000,406,4,406,4,"owner=00000000004913DC;isWindow=0;ownerPid=0;get=1;device=0;options=0x8015;name=issue121-50160-34"
2026-09-14T18:51:23.825Z,52752,enumerated_context,0000000000000AA9,0,0.000,406,4,406,4,"owner=00000000004913DC;isWindow=0;ownerPid=0;get=1;device=0;options=0x8015;name=issue121-50160-33"
2026-09-14T18:51:23.840Z,52752,enumerated_context,0000000000000AA8,0,0.000,406,4,406,4,"owner=00000000004913DC;isWindow=0;ownerPid=0;get=1;device=0;options=0x8015;name=issue121-50160-32"
2026-09-14T18:51:23.852Z,52752,enumerated_context,0000000000000AA7,0,0.000,406,4,406,4,"owner=00000000004913DC;isWindow=0;ownerPid=0;get=1;device=0;options=0x8015;name=issue121-50160-31"
2026-09-14T18:51:23.865Z,52752,enumerated_context,0000000000000AA6,0,0.000,406,4,406,4,"owner=00000000004913DC;isWindow=0;ownerPid=0;get=1;device=0;options=0x8015;name=issue121-50160-30"
2026-09-14T18:51:23.874Z,52752,enumerated_context,0000000000000AA5,0,0.000,406,4,406,4,"owner=00000000004913DC;isWindow=0;ownerPid=0;get=1;device=0;options=0x8015;name=issue121-50160-29"
2026-09-14T18:51:23.886Z,52752,enumerated_context,0000000000000AA4,0,0.000,406,4,406,4,"owner=00000000004913DC;isWindow=0;ownerPid=0;get=1;device=0;options=0x8015;name=issue121-50160-28"
2026-09-14T18:51:23.900Z,52752,enumerated_context,0000000000000AA3,0,0.000,406,4,406,4,"owner=00000000004913DC;isWindow=0;ownerPid=0;get=1;device=0;options=0x8015;name=issue121-50160-27"
2026-09-14T18:51:23.910Z,52752,enumerated_context,0000000000000AA2,0,0.000,406,4,406,4,"owner=00000000004913DC;isWindow=0;ownerPid=0;get=1;device=0;options=0x8015;name=issue121-50160-26"
2026-09-14T18:51:23.922Z,52752,enumerated_context,0000000000000AA1,0,0.000,406,4,406,4,"owner=00000000004913DC;isWindow=0;ownerPid=0;get=1;device=0;options=0x8015;name=issue121-50160-25"
2026-09-14T18:51:23.934Z,52752,enumerated_context,0000000000000AA0,0,0.000,406,4,406,4,"owner=00000000004913DC;isWindow=0;ownerPid=0;get=1;device=0;options=0x8015;name=issue121-50160-24"
2026-09-14T18:51:23.945Z,52752,enumerated_context,0000000000000A9F,0,0.000,406,4,406,4,"owner=00000000004913DC;isWindow=0;ownerPid=0;get=1;device=0;options=0x8015;name=issue121-50160-23"
2026-09-14T18:51:23.956Z,52752,enumerated_context,0000000000000A9E,0,0.000,406,4,406,4,"owner=00000000004913DC;isWindow=0;ownerPid=0;get=1;device=0;options=0x8015;name=issue121-50160-22"
2026-09-14T18:51:23.967Z,52752,enumerated_context,0000000000000A9D,0,0.000,406,4,406,4,"owner=00000000004913DC;isWindow=0;ownerPid=0;get=1;device=0;options=0x8015;name=issue121-50160-21"
2026-09-14T18:51:23.980Z,52752,enumerated_context,0000000000000A9C,0,0.000,406,4,406,4,"owner=00000000004913DC;isWindow=0;ownerPid=0;get=1;device=0;options=0x8015;name=issue121-50160-20"
2026-09-14T18:51:23.991Z,52752,enumerated_context,0000000000000A9B,0,0.000,406,4,406,4,"owner=00000000004913DC;isWindow=0;ownerPid=0;get=1;device=0;options=0x8015;name=issue121-50160-19"
2026-09-14T18:51:24.005Z,52752,enumerated_context,0000000000000A9A,0,0.000,406,4,406,4,"owner=00000000004913DC;isWindow=0;ownerPid=0;get=1;device=0;options=0x8015;name=issue121-50160-18"
2026-09-14T18:51:24.016Z,52752,enumerated_context,0000000000000A99,0,0.000,406,4,406,4,"owner=00000000004913DC;isWindow=0;ownerPid=0;get=1;device=0;options=0x8015;name=issue121-50160-17"
2026-09-14T18:51:24.026Z,52752,enumerated_context,0000000000000A98,0,0.000,406,4,406,4,"owner=00000000004913DC;isWindow=0;ownerPid=0;get=1;device=0;options=0x8015;name=issue121-50160-16"
2026-09-14T18:51:24.038Z,52752,enumerated_context,0000000000000A97,0,0.000,406,4,406,4,"owner=00000000004913DC;isWindow=0;ownerPid=0;get=1;device=0;options=0x8015;name=issue121-50160-15"
2026-09-14T18:51:24.050Z,52752,enumerated_context,0000000000000A96,0,0.000,406,4,406,4,"owner=00000000004913DC;isWindow=0;ownerPid=0;get=1;device=0;options=0x8015;name=issue121-50160-14"
2026-09-14T18:51:24.061Z,52752,enumerated_context,0000000000000A95,0,0.000,406,4,406,4,"owner=00000000004913DC;isWindow=0;ownerPid=0;get=1;device=0;options=0x8015;name=issue121-50160-13"
2026-09-14T18:51:24.076Z,52752,enumerated_context,0000000000000A94,0,0.000,406,4,406,4,"owner=00000000004913DC;isWindow=0;ownerPid=0;get=1;device=0;options=0x8015;name=issue121-50160-12"
2026-09-14T18:51:24.091Z,52752,enumerated_context,0000000000000A93,0,0.000,406,4,406,4,"owner=00000000004913DC;isWindow=0;ownerPid=0;get=1;device=0;options=0x8015;name=issue121-50160-11"
2026-09-14T18:51:24.107Z,52752,enumerated_context,0000000000000A92,0,0.000,406,4,406,4,"owner=00000000004913DC;isWindow=0;ownerPid=0;get=1;device=0;options=0x8015;name=issue121-50160-10"
2026-09-14T18:51:24.122Z,52752,enumerated_context,0000000000000A91,0,0.000,406,4,406,4,"owner=00000000004913DC;isWindow=0;ownerPid=0;get=1;device=0;options=0x8015;name=issue121-50160-9"
2026-09-14T18:51:24.137Z,52752,enumerated_context,0000000000000A90,0,0.000,406,4,406,4,"owner=00000000004913DC;isWindow=0;ownerPid=0;get=1;device=0;options=0x8015;name=issue121-50160-8"
2026-09-14T18:51:24.152Z,52752,enumerated_context,0000000000000A8F,0,0.000,406,4,406,4,"owner=00000000004913DC;isWindow=0;ownerPid=0;get=1;device=0;options=0x8015;name=issue121-50160-7"
2026-09-14T18:51:24.168Z,52752,enumerated_context,0000000000000A8E,0,0.000,406,4,406,4,"owner=00000000004913DC;isWindow=0;ownerPid=0;get=1;device=0;options=0x8015;name=issue121-50160-6"
2026-09-14T18:51:24.185Z,52752,enumerated_context,0000000000000A8D,0,0.000,406,4,406,4,"owner=00000000004913DC;isWindow=0;ownerPid=0;get=1;device=0;options=0x8015;name=issue121-50160-5"
2026-09-14T18:51:24.198Z,52752,enumerated_context,0000000000000A8C,0,0.000,406,4,406,4,"owner=00000000004913DC;isWindow=0;ownerPid=0;get=1;device=0;options=0x8015;name=issue121-50160-4"
2026-09-14T18:51:24.213Z,52752,enumerated_context,0000000000000A8B,0,0.000,406,4,406,4,"owner=00000000004913DC;isWindow=0;ownerPid=0;get=1;device=0;options=0x8015;name=issue121-50160-3"
2026-09-14T18:51:24.228Z,52752,enumerated_context,0000000000000A8A,0,0.000,406,4,406,4,"owner=00000000004913DC;isWindow=0;ownerPid=0;get=1;device=0;options=0x8015;name=issue121-50160-2"
2026-09-14T18:51:24.243Z,52752,enumerated_context,0000000000000A89,0,0.000,406,4,406,4,"owner=00000000004913DC;isWindow=0;ownerPid=0;get=1;device=0;options=0x8015;name=issue121-50160-1"
2026-09-14T18:51:24.259Z,52752,enumerated_context,0000000000000A88,0,0.000,406,4,406,4,"owner=00000000004913DC;isWindow=0;ownerPid=0;get=1;device=0;options=0x8015;name=issue121-50160-0"
2026-09-14T18:51:24.274Z,52752,enumerated_context,0000000000000A87,0,0.000,406,4,406,4,"owner=00000000004813DC;isWindow=0;ownerPid=0;get=1;device=0;options=0x8015;name=issue121-44524-66"
2026-09-14T18:51:24.291Z,52752,enumerated_context,0000000000000A86,0,0.000,406,4,406,4,"owner=00000000004813DC;isWindow=0;ownerPid=0;get=1;device=0;options=0x8015;name=issue121-44524-65"
2026-09-14T18:51:24.306Z,52752,enumerated_context,0000000000000A85,0,0.000,406,4,406,4,"owner=00000000004813DC;isWindow=0;ownerPid=0;get=1;device=0;options=0x8015;name=issue121-44524-64"
2026-09-14T18:51:24.321Z,52752,enumerated_context,0000000000000A84,0,0.000,406,4,406,4,"owner=00000000004813DC;isWindow=0;ownerPid=0;get=1;device=0;options=0x8015;name=issue121-44524-63"
2026-09-14T18:51:24.337Z,52752,enumerated_context,0000000000000A83,0,0.000,406,4,406,4,"owner=00000000004813DC;isWindow=0;ownerPid=0;get=1;device=0;options=0x8015;name=issue121-44524-62"
2026-09-14T18:51:24.352Z,52752,enumerated_context,0000000000000A82,0,0.000,406,4,406,4,"owner=00000000004813DC;isWindow=0;ownerPid=0;get=1;device=0;options=0x8015;name=issue121-44524-61"
2026-09-14T18:51:24.367Z,52752,enumerated_context,0000000000000A81,0,0.000,406,4,406,4,"owner=00000000004813DC;isWindow=0;ownerPid=0;get=1;device=0;options=0x8015;name=issue121-44524-60"
2026-09-14T18:51:24.383Z,52752,enumerated_context,0000000000000A80,0,0.000,406,4,406,4,"owner=00000000004813DC;isWindow=0;ownerPid=0;get=1;device=0;options=0x8015;name=issue121-44524-59"
2026-09-14T18:51:24.398Z,52752,enumerated_context,0000000000000A7F,0,0.000,406,4,406,4,"owner=00000000004813DC;isWindow=0;ownerPid=0;get=1;device=0;options=0x8015;name=issue121-44524-58"
2026-09-14T18:51:24.413Z,52752,enumerated_context,0000000000000A7E,0,0.000,406,4,406,4,"owner=00000000004813DC;isWindow=0;ownerPid=0;get=1;device=0;options=0x8015;name=issue121-44524-57"
2026-09-14T18:51:24.429Z,52752,enumerated_context,0000000000000A7D,0,0.000,406,4,406,4,"owner=00000000004813DC;isWindow=0;ownerPid=0;get=1;device=0;options=0x8015;name=issue121-44524-56"
2026-09-14T18:51:24.445Z,52752,enumerated_context,0000000000000A7C,0,0.000,406,4,406,4,"owner=00000000004813DC;isWindow=0;ownerPid=0;get=1;device=0;options=0x8015;name=issue121-44524-55"
2026-09-14T18:51:24.459Z,52752,enumerated_context,0000000000000A7B,0,0.000,406,4,406,4,"owner=00000000004813DC;isWindow=0;ownerPid=0;get=1;device=0;options=0x8015;name=issue121-44524-54"
2026-09-14T18:51:24.476Z,52752,enumerated_context,0000000000000A7A,0,0.000,406,4,406,4,"owner=00000000004813DC;isWindow=0;ownerPid=0;get=1;device=0;options=0x8015;name=issue121-44524-53"
2026-09-14T18:51:24.491Z,52752,enumerated_context,0000000000000A79,0,0.000,406,4,406,4,"owner=00000000004813DC;isWindow=0;ownerPid=0;get=1;device=0;options=0x8015;name=issue121-44524-52"
2026-09-14T18:51:24.508Z,52752,enumerated_context,0000000000000A78,0,0.000,406,4,406,4,"owner=00000000004813DC;isWindow=0;ownerPid=0;get=1;device=0;options=0x8015;name=issue121-44524-51"
2026-09-14T18:51:24.522Z,52752,enumerated_context,0000000000000A77,0,0.000,406,4,406,4,"owner=00000000004813DC;isWindow=0;ownerPid=0;get=1;device=0;options=0x8015;name=issue121-44524-50"
2026-09-14T18:51:24.536Z,52752,enumerated_context,0000000000000A76,0,0.000,406,4,406,4,"owner=00000000004813DC;isWindow=0;ownerPid=0;get=1;device=0;options=0x8015;name=issue121-44524-49"
2026-09-14T18:51:24.553Z,52752,enumerated_context,0000000000000A75,0,0.000,406,4,406,4,"owner=00000000004813DC;isWindow=0;ownerPid=0;get=1;device=0;options=0x8015;name=issue121-44524-48"
2026-09-14T18:51:24.568Z,52752,enumerated_context,0000000000000A74,0,0.000,406,4,406,4,"owner=00000000004813DC;isWindow=0;ownerPid=0;get=1;device=0;options=0x8015;name=issue121-44524-47"
2026-09-14T18:51:24.585Z,52752,enumerated_context,0000000000000A73,0,0.000,406,4,406,4,"owner=00000000004813DC;isWindow=0;ownerPid=0;get=1;device=0;options=0x8015;name=issue121-44524-46"
2026-09-14T18:51:24.600Z,52752,enumerated_context,0000000000000A72,0,0.000,406,4,406,4,"owner=00000000004813DC;isWindow=0;ownerPid=0;get=1;device=0;options=0x8015;name=issue121-44524-45"
2026-09-14T18:51:24.611Z,52752,enumerated_context,0000000000000A71,0,0.000,406,4,406,4,"owner=00000000004813DC;isWindow=0;ownerPid=0;get=1;device=0;options=0x8015;name=issue121-44524-44"
2026-09-14T18:51:24.623Z,52752,enumerated_context,0000000000000A70,0,0.000,406,4,406,4,"owner=00000000004813DC;isWindow=0;ownerPid=0;get=1;device=0;options=0x8015;name=issue121-44524-43"
2026-09-14T18:51:24.635Z,52752,enumerated_context,0000000000000A6F,0,0.000,406,4,406,4,"owner=00000000004813DC;isWindow=0;ownerPid=0;get=1;device=0;options=0x8015;name=issue121-44524-42"
2026-09-14T18:51:24.647Z,52752,enumerated_context,0000000000000A6E,0,0.000,406,4,406,4,"owner=00000000004813DC;isWindow=0;ownerPid=0;get=1;device=0;options=0x8015;name=issue121-44524-41"
2026-09-14T18:51:24.659Z,52752,enumerated_context,0000000000000A6D,0,0.000,406,4,406,4,"owner=00000000004813DC;isWindow=0;ownerPid=0;get=1;device=0;options=0x8015;name=issue121-44524-40"
2026-09-14T18:51:24.672Z,52752,enumerated_context,0000000000000A6C,0,0.000,406,4,406,4,"owner=00000000004813DC;isWindow=0;ownerPid=0;get=1;device=0;options=0x8015;name=issue121-44524-39"
2026-09-14T18:51:24.685Z,52752,enumerated_context,0000000000000A6B,0,0.000,406,4,406,4,"owner=00000000004813DC;isWindow=0;ownerPid=0;get=1;device=0;options=0x8015;name=issue121-44524-38"
2026-09-14T18:51:24.699Z,52752,enumerated_context,0000000000000A6A,0,0.000,406,4,406,4,"owner=00000000004813DC;isWindow=0;ownerPid=0;get=1;device=0;options=0x8015;name=issue121-44524-37"
2026-09-14T18:51:24.713Z,52752,enumerated_context,0000000000000A69,0,0.000,406,4,406,4,"owner=00000000004813DC;isWindow=0;ownerPid=0;get=1;device=0;options=0x8015;name=issue121-44524-36"
2026-09-14T18:51:24.725Z,52752,enumerated_context,0000000000000A68,0,0.000,406,4,406,4,"owner=00000000004813DC;isWindow=0;ownerPid=0;get=1;device=0;options=0x8015;name=issue121-44524-35"
2026-09-14T18:51:24.738Z,52752,enumerated_context,0000000000000A67,0,0.000,406,4,406,4,"owner=00000000004813DC;isWindow=0;ownerPid=0;get=1;device=0;options=0x8015;name=issue121-44524-34"
2026-09-14T18:51:24.750Z,52752,enumerated_context,0000000000000A66,0,0.000,406,4,406,4,"owner=00000000004813DC;isWindow=0;ownerPid=0;get=1;device=0;options=0x8015;name=issue121-44524-33"
2026-09-14T18:51:24.761Z,52752,enumerated_context,0000000000000A65,0,0.000,406,4,406,4,"owner=00000000004813DC;isWindow=0;ownerPid=0;get=1;device=0;options=0x8015;name=issue121-44524-32"
2026-09-14T18:51:24.772Z,52752,enumerated_context,0000000000000A64,0,0.000,406,4,406,4,"owner=00000000004813DC;isWindow=0;ownerPid=0;get=1;device=0;options=0x8015;name=issue121-44524-31"
2026-09-14T18:51:24.784Z,52752,enumerated_context,0000000000000A63,0,0.000,406,4,406,4,"owner=00000000004813DC;isWindow=0;ownerPid=0;get=1;device=0;options=0x8015;name=issue121-44524-30"
2026-09-14T18:51:24.798Z,52752,enumerated_context,0000000000000A62,0,0.000,406,4,406,4,"owner=00000000004813DC;isWindow=0;ownerPid=0;get=1;device=0;options=0x8015;name=issue121-44524-29"
2026-09-14T18:51:24.812Z,52752,enumerated_context,0000000000000A61,0,0.000,406,4,406,4,"owner=00000000004813DC;isWindow=0;ownerPid=0;get=1;device=0;options=0x8015;name=issue121-44524-28"
2026-09-14T18:51:24.826Z,52752,enumerated_context,0000000000000A60,0,0.000,406,4,406,4,"owner=00000000004813DC;isWindow=0;ownerPid=0;get=1;device=0;options=0x8015;name=issue121-44524-27"
2026-09-14T18:51:24.839Z,52752,enumerated_context,0000000000000A5F,0,0.000,406,4,406,4,"owner=00000000004813DC;isWindow=0;ownerPid=0;get=1;device=0;options=0x8015;name=issue121-44524-26"
2026-09-14T18:51:24.853Z,52752,enumerated_context,0000000000000A5E,0,0.000,406,4,406,4,"owner=00000000004813DC;isWindow=0;ownerPid=0;get=1;device=0;options=0x8015;name=issue121-44524-25"
2026-09-14T18:51:24.866Z,52752,enumerated_context,0000000000000A5D,0,0.000,406,4,406,4,"owner=00000000004813DC;isWindow=0;ownerPid=0;get=1;device=0;options=0x8015;name=issue121-44524-24"
2026-09-14T18:51:24.879Z,52752,enumerated_context,0000000000000A5C,0,0.000,406,4,406,4,"owner=00000000004813DC;isWindow=0;ownerPid=0;get=1;device=0;options=0x8015;name=issue121-44524-23"
2026-09-14T18:51:24.893Z,52752,enumerated_context,0000000000000A5B,0,0.000,406,4,406,4,"owner=00000000004813DC;isWindow=0;ownerPid=0;get=1;device=0;options=0x8015;name=issue121-44524-22"
2026-09-14T18:51:24.907Z,52752,enumerated_context,0000000000000A5A,0,0.000,406,4,406,4,"owner=00000000004813DC;isWindow=0;ownerPid=0;get=1;device=0;options=0x8015;name=issue121-44524-21"
2026-09-14T18:51:24.918Z,52752,enumerated_context,0000000000000A59,0,0.000,406,4,406,4,"owner=00000000004813DC;isWindow=0;ownerPid=0;get=1;device=0;options=0x8015;name=issue121-44524-20"
2026-09-14T18:51:24.928Z,52752,enumerated_context,0000000000000A58,0,0.000,406,4,406,4,"owner=00000000004813DC;isWindow=0;ownerPid=0;get=1;device=0;options=0x8015;name=issue121-44524-19"
2026-09-14T18:51:24.938Z,52752,enumerated_context,0000000000000A57,0,0.000,406,4,406,4,"owner=00000000004813DC;isWindow=0;ownerPid=0;get=1;device=0;options=0x8015;name=issue121-44524-18"
2026-09-14T18:51:24.949Z,52752,enumerated_context,0000000000000A56,0,0.000,406,4,406,4,"owner=00000000004813DC;isWindow=0;ownerPid=0;get=1;device=0;options=0x8015;name=issue121-44524-17"
2026-09-14T18:51:24.957Z,52752,enumerated_context,0000000000000A55,0,0.000,406,4,406,4,"owner=00000000004813DC;isWindow=0;ownerPid=0;get=1;device=0;options=0x8015;name=issue121-44524-16"
2026-09-14T18:51:24.968Z,52752,enumerated_context,0000000000000A54,0,0.000,406,4,406,4,"owner=00000000004813DC;isWindow=0;ownerPid=0;get=1;device=0;options=0x8015;name=issue121-44524-15"
2026-09-14T18:51:24.979Z,52752,enumerated_context,0000000000000A53,0,0.000,406,4,406,4,"owner=00000000004813DC;isWindow=0;ownerPid=0;get=1;device=0;options=0x8015;name=issue121-44524-14"
2026-09-14T18:51:24.990Z,52752,enumerated_context,0000000000000A52,0,0.000,406,4,406,4,"owner=00000000004813DC;isWindow=0;ownerPid=0;get=1;device=0;options=0x8015;name=issue121-44524-13"
2026-09-14T18:51:25.001Z,52752,enumerated_context,0000000000000A51,0,0.000,406,4,406,4,"owner=00000000004813DC;isWindow=0;ownerPid=0;get=1;device=0;options=0x8015;name=issue121-44524-12"
2026-09-14T18:51:25.013Z,52752,enumerated_context,0000000000000A50,0,0.000,406,4,406,4,"owner=00000000004813DC;isWindow=0;ownerPid=0;get=1;device=0;options=0x8015;name=issue121-44524-11"
2026-09-14T18:51:25.024Z,52752,enumerated_context,0000000000000A4F,0,0.000,406,4,406,4,"owner=00000000004813DC;isWindow=0;ownerPid=0;get=1;device=0;options=0x8015;name=issue121-44524-10"
2026-09-14T18:51:25.033Z,52752,enumerated_context,0000000000000A4E,0,0.000,406,4,406,4,"owner=00000000004813DC;isWindow=0;ownerPid=0;get=1;device=0;options=0x8015;name=issue121-44524-9"
2026-09-14T18:51:25.043Z,52752,enumerated_context,0000000000000A4D,0,0.000,406,4,406,4,"owner=00000000004813DC;isWindow=0;ownerPid=0;get=1;device=0;options=0x8015;name=issue121-44524-8"
2026-09-14T18:51:25.054Z,52752,enumerated_context,0000000000000A4C,0,0.000,406,4,406,4,"owner=00000000004813DC;isWindow=0;ownerPid=0;get=1;device=0;options=0x8015;name=issue121-44524-7"
2026-09-14T18:51:25.064Z,52752,enumerated_context,0000000000000A4B,0,0.000,406,4,406,4,"owner=00000000004813DC;isWindow=0;ownerPid=0;get=1;device=0;options=0x8015;name=issue121-44524-6"
2026-09-14T18:51:25.073Z,52752,enumerated_context,0000000000000A4A,0,0.000,406,4,406,4,"owner=00000000004813DC;isWindow=0;ownerPid=0;get=1;device=0;options=0x8015;name=issue121-44524-5"
2026-09-14T18:51:25.085Z,52752,enumerated_context,0000000000000A49,0,0.000,406,4,406,4,"owner=00000000004813DC;isWindow=0;ownerPid=0;get=1;device=0;options=0x8015;name=issue121-44524-4"
2026-09-14T18:51:25.094Z,52752,enumerated_context,0000000000000A48,0,0.000,406,4,406,4,"owner=00000000004813DC;isWindow=0;ownerPid=0;get=1;device=0;options=0x8015;name=issue121-44524-3"
2026-09-14T18:51:25.104Z,52752,enumerated_context,0000000000000A47,0,0.000,406,4,406,4,"owner=00000000004813DC;isWindow=0;ownerPid=0;get=1;device=0;options=0x8015;name=issue121-44524-2"
2026-09-14T18:51:25.115Z,52752,enumerated_context,0000000000000A46,0,0.000,406,4,406,4,"owner=00000000004813DC;isWindow=0;ownerPid=0;get=1;device=0;options=0x8015;name=issue121-44524-1"
2026-09-14T18:51:25.124Z,52752,enumerated_context,0000000000000A45,0,0.000,406,4,406,4,"owner=00000000004813DC;isWindow=0;ownerPid=0;get=1;device=0;options=0x8015;name=issue121-44524-0"
2026-09-14T18:51:25.134Z,52752,enumerated_context,0000000000000A44,0,0.000,406,4,406,4,"owner=00000000004713DC;isWindow=0;ownerPid=0;get=1;device=0;options=0x8015;name=issue121-33960-66"
2026-09-14T18:51:25.146Z,52752,enumerated_context,0000000000000A43,0,0.000,406,4,406,4,"owner=00000000004713DC;isWindow=0;ownerPid=0;get=1;device=0;options=0x8015;name=issue121-33960-65"
2026-09-14T18:51:25.157Z,52752,enumerated_context,0000000000000A42,0,0.000,406,4,406,4,"owner=00000000004713DC;isWindow=0;ownerPid=0;get=1;device=0;options=0x8015;name=issue121-33960-64"
2026-09-14T18:51:25.168Z,52752,enumerated_context,0000000000000A41,0,0.000,406,4,406,4,"owner=00000000004713DC;isWindow=0;ownerPid=0;get=1;device=0;options=0x8015;name=issue121-33960-63"
2026-09-14T18:51:25.179Z,52752,enumerated_context,0000000000000A40,0,0.000,406,4,406,4,"owner=00000000004713DC;isWindow=0;ownerPid=0;get=1;device=0;options=0x8015;name=issue121-33960-62"
2026-09-14T18:51:25.189Z,52752,enumerated_context,0000000000000A3F,0,0.000,406,4,406,4,"owner=00000000004713DC;isWindow=0;ownerPid=0;get=1;device=0;options=0x8015;name=issue121-33960-61"
2026-09-14T18:51:25.202Z,52752,enumerated_context,0000000000000A3E,0,0.000,406,4,406,4,"owner=00000000004713DC;isWindow=0;ownerPid=0;get=1;device=0;options=0x8015;name=issue121-33960-60"
2026-09-14T18:51:25.214Z,52752,enumerated_context,0000000000000A3D,0,0.000,406,4,406,4,"owner=00000000004713DC;isWindow=0;ownerPid=0;get=1;device=0;options=0x8015;name=issue121-33960-59"
2026-09-14T18:51:25.224Z,52752,enumerated_context,0000000000000A3C,0,0.000,406,4,406,4,"owner=00000000004713DC;isWindow=0;ownerPid=0;get=1;device=0;options=0x8015;name=issue121-33960-58"
2026-09-14T18:51:25.236Z,52752,enumerated_context,0000000000000A3B,0,0.000,406,4,406,4,"owner=00000000004713DC;isWindow=0;ownerPid=0;get=1;device=0;options=0x8015;name=issue121-33960-57"
2026-09-14T18:51:25.250Z,52752,enumerated_context,0000000000000A3A,0,0.000,406,4,406,4,"owner=00000000004713DC;isWindow=0;ownerPid=0;get=1;device=0;options=0x8015;name=issue121-33960-56"
2026-09-14T18:51:25.260Z,52752,enumerated_context,0000000000000A39,0,0.000,406,4,406,4,"owner=00000000004713DC;isWindow=0;ownerPid=0;get=1;device=0;options=0x8015;name=issue121-33960-55"
2026-09-14T18:51:25.272Z,52752,enumerated_context,0000000000000A38,0,0.000,406,4,406,4,"owner=00000000004713DC;isWindow=0;ownerPid=0;get=1;device=0;options=0x8015;name=issue121-33960-54"
2026-09-14T18:51:25.283Z,52752,enumerated_context,0000000000000A37,0,0.000,406,4,406,4,"owner=00000000004713DC;isWindow=0;ownerPid=0;get=1;device=0;options=0x8015;name=issue121-33960-53"
2026-09-14T18:51:25.293Z,52752,enumerated_context,0000000000000A36,0,0.000,406,4,406,4,"owner=00000000004713DC;isWindow=0;ownerPid=0;get=1;device=0;options=0x8015;name=issue121-33960-52"
2026-09-14T18:51:25.305Z,52752,enumerated_context,0000000000000A35,0,0.000,406,4,406,4,"owner=00000000004713DC;isWindow=0;ownerPid=0;get=1;device=0;options=0x8015;name=issue121-33960-51"
2026-09-14T18:51:25.316Z,52752,enumerated_context,0000000000000A34,0,0.000,406,4,406,4,"owner=00000000004713DC;isWindow=0;ownerPid=0;get=1;device=0;options=0x8015;name=issue121-33960-50"
2026-09-14T18:51:25.326Z,52752,enumerated_context,0000000000000A33,0,0.000,406,4,406,4,"owner=00000000004713DC;isWindow=0;ownerPid=0;get=1;device=0;options=0x8015;name=issue121-33960-49"
2026-09-14T18:51:25.338Z,52752,enumerated_context,0000000000000A32,0,0.000,406,4,406,4,"owner=00000000004713DC;isWindow=0;ownerPid=0;get=1;device=0;options=0x8015;name=issue121-33960-48"
2026-09-14T18:51:25.348Z,52752,enumerated_context,0000000000000A31,0,0.000,406,4,406,4,"owner=00000000004713DC;isWindow=0;ownerPid=0;get=1;device=0;options=0x8015;name=issue121-33960-47"
2026-09-14T18:51:25.358Z,52752,enumerated_context,0000000000000A30,0,0.000,406,4,406,4,"owner=00000000004713DC;isWindow=0;ownerPid=0;get=1;device=0;options=0x8015;name=issue121-33960-46"
2026-09-14T18:51:25.369Z,52752,enumerated_context,0000000000000A2F,0,0.000,406,4,406,4,"owner=00000000004713DC;isWindow=0;ownerPid=0;get=1;device=0;options=0x8015;name=issue121-33960-45"
2026-09-14T18:51:25.381Z,52752,enumerated_context,0000000000000A2E,0,0.000,406,4,406,4,"owner=00000000004713DC;isWindow=0;ownerPid=0;get=1;device=0;options=0x8015;name=issue121-33960-44"
2026-09-14T18:51:25.390Z,52752,enumerated_context,0000000000000A2D,0,0.000,406,4,406,4,"owner=00000000004713DC;isWindow=0;ownerPid=0;get=1;device=0;options=0x8015;name=issue121-33960-43"
2026-09-14T18:51:25.404Z,52752,enumerated_context,0000000000000A2C,0,0.000,406,4,406,4,"owner=00000000004713DC;isWindow=0;ownerPid=0;get=1;device=0;options=0x8015;name=issue121-33960-42"
2026-09-14T18:51:25.416Z,52752,enumerated_context,0000000000000A2B,0,0.000,406,4,406,4,"owner=00000000004713DC;isWindow=0;ownerPid=0;get=1;device=0;options=0x8015;name=issue121-33960-41"
2026-09-14T18:51:25.431Z,52752,enumerated_context,0000000000000A2A,0,0.000,406,4,406,4,"owner=00000000004713DC;isWindow=0;ownerPid=0;get=1;device=0;options=0x8015;name=issue121-33960-40"
2026-09-14T18:51:25.441Z,52752,enumerated_context,0000000000000A29,0,0.000,406,4,406,4,"owner=00000000004713DC;isWindow=0;ownerPid=0;get=1;device=0;options=0x8015;name=issue121-33960-39"
2026-09-14T18:51:25.453Z,52752,enumerated_context,0000000000000A28,0,0.000,406,4,406,4,"owner=00000000004713DC;isWindow=0;ownerPid=0;get=1;device=0;options=0x8015;name=issue121-33960-38"
2026-09-14T18:51:25.464Z,52752,enumerated_context,0000000000000A27,0,0.000,406,4,406,4,"owner=00000000004713DC;isWindow=0;ownerPid=0;get=1;device=0;options=0x8015;name=issue121-33960-37"
2026-09-14T18:51:25.475Z,52752,enumerated_context,0000000000000A26,0,0.000,406,4,406,4,"owner=00000000004713DC;isWindow=0;ownerPid=0;get=1;device=0;options=0x8015;name=issue121-33960-36"
2026-09-14T18:51:25.486Z,52752,enumerated_context,0000000000000A25,0,0.000,406,4,406,4,"owner=00000000004713DC;isWindow=0;ownerPid=0;get=1;device=0;options=0x8015;name=issue121-33960-35"
2026-09-14T18:51:25.498Z,52752,enumerated_context,0000000000000A24,0,0.000,406,4,406,4,"owner=00000000004713DC;isWindow=0;ownerPid=0;get=1;device=0;options=0x8015;name=issue121-33960-34"
2026-09-14T18:51:25.508Z,52752,enumerated_context,0000000000000A23,0,0.000,406,4,406,4,"owner=00000000004713DC;isWindow=0;ownerPid=0;get=1;device=0;options=0x8015;name=issue121-33960-33"
2026-09-14T18:51:25.520Z,52752,enumerated_context,0000000000000A22,0,0.000,406,4,406,4,"owner=00000000004713DC;isWindow=0;ownerPid=0;get=1;device=0;options=0x8015;name=issue121-33960-32"
2026-09-14T18:51:25.532Z,52752,enumerated_context,0000000000000A21,0,0.000,406,4,406,4,"owner=00000000004713DC;isWindow=0;ownerPid=0;get=1;device=0;options=0x8015;name=issue121-33960-31"
2026-09-14T18:51:25.546Z,52752,enumerated_context,0000000000000A20,0,0.000,406,4,406,4,"owner=00000000004713DC;isWindow=0;ownerPid=0;get=1;device=0;options=0x8015;name=issue121-33960-30"
2026-09-14T18:51:25.560Z,52752,enumerated_context,0000000000000A1F,0,0.000,406,4,406,4,"owner=00000000004713DC;isWindow=0;ownerPid=0;get=1;device=0;options=0x8015;name=issue121-33960-29"
2026-09-14T18:51:25.575Z,52752,enumerated_context,0000000000000A1E,0,0.000,406,4,406,4,"owner=00000000004713DC;isWindow=0;ownerPid=0;get=1;device=0;options=0x8015;name=issue121-33960-28"
2026-09-14T18:51:25.590Z,52752,enumerated_context,0000000000000A1D,0,0.000,406,4,406,4,"owner=00000000004713DC;isWindow=0;ownerPid=0;get=1;device=0;options=0x8015;name=issue121-33960-27"
2026-09-14T18:51:25.605Z,52752,enumerated_context,0000000000000A1C,0,0.000,406,4,406,4,"owner=00000000004713DC;isWindow=0;ownerPid=0;get=1;device=0;options=0x8015;name=issue121-33960-26"
2026-09-14T18:51:25.617Z,52752,enumerated_context,0000000000000A1B,0,0.000,406,4,406,4,"owner=00000000004713DC;isWindow=0;ownerPid=0;get=1;device=0;options=0x8015;name=issue121-33960-25"
2026-09-14T18:51:25.627Z,52752,enumerated_context,0000000000000A1A,0,0.000,406,4,406,4,"owner=00000000004713DC;isWindow=0;ownerPid=0;get=1;device=0;options=0x8015;name=issue121-33960-24"
2026-09-14T18:51:25.642Z,52752,enumerated_context,0000000000000A19,0,0.000,406,4,406,4,"owner=00000000004713DC;isWindow=0;ownerPid=0;get=1;device=0;options=0x8015;name=issue121-33960-23"
2026-09-14T18:51:25.658Z,52752,enumerated_context,0000000000000A18,0,0.000,406,4,406,4,"owner=00000000004713DC;isWindow=0;ownerPid=0;get=1;device=0;options=0x8015;name=issue121-33960-22"
2026-09-14T18:51:25.671Z,52752,enumerated_context,0000000000000A17,0,0.000,406,4,406,4,"owner=00000000004713DC;isWindow=0;ownerPid=0;get=1;device=0;options=0x8015;name=issue121-33960-21"
2026-09-14T18:51:25.687Z,52752,enumerated_context,0000000000000A16,0,0.000,406,4,406,4,"owner=00000000004713DC;isWindow=0;ownerPid=0;get=1;device=0;options=0x8015;name=issue121-33960-20"
2026-09-14T18:51:25.701Z,52752,enumerated_context,0000000000000A15,0,0.000,406,4,406,4,"owner=00000000004713DC;isWindow=0;ownerPid=0;get=1;device=0;options=0x8015;name=issue121-33960-19"
2026-09-14T18:51:25.714Z,52752,enumerated_context,0000000000000A14,0,0.000,406,4,406,4,"owner=00000000004713DC;isWindow=0;ownerPid=0;get=1;device=0;options=0x8015;name=issue121-33960-18"
2026-09-14T18:51:25.727Z,52752,enumerated_context,0000000000000A13,0,0.000,406,4,406,4,"owner=00000000004713DC;isWindow=0;ownerPid=0;get=1;device=0;options=0x8015;name=issue121-33960-17"
2026-09-14T18:51:25.742Z,52752,enumerated_context,0000000000000A12,0,0.000,406,4,406,4,"owner=00000000004713DC;isWindow=0;ownerPid=0;get=1;device=0;options=0x8015;name=issue121-33960-16"
2026-09-14T18:51:25.756Z,52752,enumerated_context,0000000000000A11,0,0.000,406,4,406,4,"owner=00000000004713DC;isWindow=0;ownerPid=0;get=1;device=0;options=0x8015;name=issue121-33960-15"
2026-09-14T18:51:25.769Z,52752,enumerated_context,0000000000000A10,0,0.000,406,4,406,4,"owner=00000000004713DC;isWindow=0;ownerPid=0;get=1;device=0;options=0x8015;name=issue121-33960-14"
2026-09-14T18:51:25.783Z,52752,enumerated_context,0000000000000A0F,0,0.000,406,4,406,4,"owner=00000000004713DC;isWindow=0;ownerPid=0;get=1;device=0;options=0x8015;name=issue121-33960-13"
2026-09-14T18:51:25.797Z,52752,enumerated_context,0000000000000A0E,0,0.000,406,4,406,4,"owner=00000000004713DC;isWindow=0;ownerPid=0;get=1;device=0;options=0x8015;name=issue121-33960-12"
2026-09-14T18:51:25.810Z,52752,enumerated_context,0000000000000A0D,0,0.000,406,4,406,4,"owner=00000000004713DC;isWindow=0;ownerPid=0;get=1;device=0;options=0x8015;name=issue121-33960-11"
2026-09-14T18:51:25.824Z,52752,enumerated_context,0000000000000A0C,0,0.000,406,4,406,4,"owner=00000000004713DC;isWindow=0;ownerPid=0;get=1;device=0;options=0x8015;name=issue121-33960-10"
2026-09-14T18:51:25.840Z,52752,enumerated_context,0000000000000A0B,0,0.000,406,4,406,4,"owner=00000000004713DC;isWindow=0;ownerPid=0;get=1;device=0;options=0x8015;name=issue121-33960-9"
2026-09-14T18:51:25.854Z,52752,enumerated_context,0000000000000A0A,0,0.000,406,4,406,4,"owner=00000000004713DC;isWindow=0;ownerPid=0;get=1;device=0;options=0x8015;name=issue121-33960-8"
2026-09-14T18:51:25.867Z,52752,enumerated_context,0000000000000A09,0,0.000,406,4,406,4,"owner=00000000004713DC;isWindow=0;ownerPid=0;get=1;device=0;options=0x8015;name=issue121-33960-7"
2026-09-14T18:51:25.881Z,52752,enumerated_context,0000000000000A08,0,0.000,406,4,406,4,"owner=00000000004713DC;isWindow=0;ownerPid=0;get=1;device=0;options=0x8015;name=issue121-33960-6"
2026-09-14T18:51:25.896Z,52752,enumerated_context,0000000000000A07,0,0.000,406,4,406,4,"owner=00000000004713DC;isWindow=0;ownerPid=0;get=1;device=0;options=0x8015;name=issue121-33960-5"
2026-09-14T18:51:25.910Z,52752,enumerated_context,0000000000000A06,0,0.000,406,4,406,4,"owner=00000000004713DC;isWindow=0;ownerPid=0;get=1;device=0;options=0x8015;name=issue121-33960-4"
2026-09-14T18:51:25.928Z,52752,enumerated_context,0000000000000A05,0,0.000,406,4,406,4,"owner=00000000004713DC;isWindow=0;ownerPid=0;get=1;device=0;options=0x8015;name=issue121-33960-3"
2026-09-14T18:51:25.941Z,52752,enumerated_context,0000000000000A04,0,0.000,406,4,406,4,"owner=00000000004713DC;isWindow=0;ownerPid=0;get=1;device=0;options=0x8015;name=issue121-33960-2"
2026-09-14T18:51:25.957Z,52752,enumerated_context,0000000000000A03,0,0.000,406,4,406,4,"owner=00000000004713DC;isWindow=0;ownerPid=0;get=1;device=0;options=0x8015;name=issue121-33960-1"
2026-09-14T18:51:25.972Z,52752,enumerated_context,0000000000001302,0,0.000,406,4,406,4,"owner=0000000000000000;isWindow=0;ownerPid=0;get=0;device=0;options=0x0;name="
2026-09-14T18:51:25.989Z,52752,enumerated_context,0000000000001001,0,0.000,406,4,406,4,"owner=0000000000000000;isWindow=0;ownerPid=0;get=1;device=1;options=0x8011;name="
2026-09-14T18:51:26.006Z,52752,enumerated_context,00000000000012CA,0,0.000,406,4,406,4,"owner=00000000004913DC;isWindow=0;ownerPid=0;get=1;device=1;options=0x8015;name=issue121-50160-66"
2026-09-14T18:51:26.020Z,52752,enumerated_context,00000000000012C9,0,0.000,406,4,406,4,"owner=00000000004913DC;isWindow=0;ownerPid=0;get=1;device=1;options=0x8015;name=issue121-50160-65"
2026-09-14T18:51:26.036Z,52752,enumerated_context,00000000000012C8,0,0.000,406,4,406,4,"owner=00000000004913DC;isWindow=0;ownerPid=0;get=1;device=1;options=0x8015;name=issue121-50160-64"
2026-09-14T18:51:26.053Z,52752,enumerated_context,00000000000012C7,0,0.000,406,4,406,4,"owner=00000000004913DC;isWindow=0;ownerPid=0;get=1;device=1;options=0x8015;name=issue121-50160-63"
2026-09-14T18:51:26.070Z,52752,enumerated_context,00000000000012C6,0,0.000,406,4,406,4,"owner=00000000004913DC;isWindow=0;ownerPid=0;get=1;device=1;options=0x8015;name=issue121-50160-62"
2026-09-14T18:51:26.085Z,52752,enumerated_context,00000000000012C5,0,0.000,406,4,406,4,"owner=00000000004913DC;isWindow=0;ownerPid=0;get=1;device=1;options=0x8015;name=issue121-50160-61"
2026-09-14T18:51:26.100Z,52752,enumerated_context,00000000000012C4,0,0.000,406,4,406,4,"owner=00000000004913DC;isWindow=0;ownerPid=0;get=1;device=1;options=0x8015;name=issue121-50160-60"
2026-09-14T18:51:26.115Z,52752,enumerated_context,00000000000012C3,0,0.000,406,4,406,4,"owner=00000000004913DC;isWindow=0;ownerPid=0;get=1;device=1;options=0x8015;name=issue121-50160-59"
2026-09-14T18:51:26.130Z,52752,enumerated_context,00000000000012C2,0,0.000,406,4,406,4,"owner=00000000004913DC;isWindow=0;ownerPid=0;get=1;device=1;options=0x8015;name=issue121-50160-58"
2026-09-14T18:51:26.145Z,52752,enumerated_context,00000000000012C1,0,0.000,406,4,406,4,"owner=00000000004913DC;isWindow=0;ownerPid=0;get=1;device=1;options=0x8015;name=issue121-50160-57"
2026-09-14T18:51:26.160Z,52752,enumerated_context,00000000000012C0,0,0.000,406,4,406,4,"owner=00000000004913DC;isWindow=0;ownerPid=0;get=1;device=1;options=0x8015;name=issue121-50160-56"
2026-09-14T18:51:26.175Z,52752,enumerated_context,00000000000012BF,0,0.000,406,4,406,4,"owner=00000000004913DC;isWindow=0;ownerPid=0;get=1;device=1;options=0x8015;name=issue121-50160-55"
2026-09-14T18:51:26.191Z,52752,enumerated_context,00000000000012BE,0,0.000,406,4,406,4,"owner=00000000004913DC;isWindow=0;ownerPid=0;get=1;device=1;options=0x8015;name=issue121-50160-54"
2026-09-14T18:51:26.207Z,52752,enumerated_context,00000000000012BD,0,0.000,406,4,406,4,"owner=00000000004913DC;isWindow=0;ownerPid=0;get=1;device=1;options=0x8015;name=issue121-50160-53"
2026-09-14T18:51:26.223Z,52752,enumerated_context,00000000000012BC,0,0.000,406,4,406,4,"owner=00000000004913DC;isWindow=0;ownerPid=0;get=1;device=1;options=0x8015;name=issue121-50160-52"
2026-09-14T18:51:26.236Z,52752,enumerated_context,00000000000012BB,0,0.000,406,4,406,4,"owner=00000000004913DC;isWindow=0;ownerPid=0;get=1;device=1;options=0x8015;name=issue121-50160-51"
2026-09-14T18:51:26.253Z,52752,enumerated_context,00000000000012BA,0,0.000,406,4,406,4,"owner=00000000004913DC;isWindow=0;ownerPid=0;get=1;device=1;options=0x8015;name=issue121-50160-50"
2026-09-14T18:51:26.268Z,52752,enumerated_context,00000000000012B9,0,0.000,406,4,406,4,"owner=00000000004913DC;isWindow=0;ownerPid=0;get=1;device=1;options=0x8015;name=issue121-50160-49"
2026-09-14T18:51:26.283Z,52752,enumerated_context,00000000000012B8,0,0.000,406,4,406,4,"owner=00000000004913DC;isWindow=0;ownerPid=0;get=1;device=1;options=0x8015;name=issue121-50160-48"
2026-09-14T18:51:26.298Z,52752,enumerated_context,00000000000012B7,0,0.000,406,4,406,4,"owner=00000000004913DC;isWindow=0;ownerPid=0;get=1;device=1;options=0x8015;name=issue121-50160-47"
2026-09-14T18:51:26.315Z,52752,enumerated_context,00000000000012B6,0,0.000,406,4,406,4,"owner=00000000004913DC;isWindow=0;ownerPid=0;get=1;device=1;options=0x8015;name=issue121-50160-46"
2026-09-14T18:51:26.330Z,52752,enumerated_context,00000000000012B5,0,0.000,406,4,406,4,"owner=00000000004913DC;isWindow=0;ownerPid=0;get=1;device=1;options=0x8015;name=issue121-50160-45"
2026-09-14T18:51:26.345Z,52752,enumerated_context,00000000000012B4,0,0.000,406,4,406,4,"owner=00000000004913DC;isWindow=0;ownerPid=0;get=1;device=1;options=0x8015;name=issue121-50160-44"
2026-09-14T18:51:26.361Z,52752,enumerated_context,00000000000012B3,0,0.000,406,4,406,4,"owner=00000000004913DC;isWindow=0;ownerPid=0;get=1;device=1;options=0x8015;name=issue121-50160-43"
2026-09-14T18:51:26.376Z,52752,enumerated_context,00000000000012B2,0,0.000,406,4,406,4,"owner=00000000004913DC;isWindow=0;ownerPid=0;get=1;device=1;options=0x8015;name=issue121-50160-42"
2026-09-14T18:51:26.391Z,52752,enumerated_context,00000000000012B1,0,0.000,406,4,406,4,"owner=00000000004913DC;isWindow=0;ownerPid=0;get=1;device=1;options=0x8015;name=issue121-50160-41"
2026-09-14T18:51:26.407Z,52752,enumerated_context,00000000000012B0,0,0.000,406,4,406,4,"owner=00000000004913DC;isWindow=0;ownerPid=0;get=1;device=1;options=0x8015;name=issue121-50160-40"
2026-09-14T18:51:26.423Z,52752,enumerated_context,00000000000012AF,0,0.000,406,4,406,4,"owner=00000000004913DC;isWindow=0;ownerPid=0;get=1;device=1;options=0x8015;name=issue121-50160-39"
2026-09-14T18:51:26.437Z,52752,enumerated_context,00000000000012AE,0,0.000,406,4,406,4,"owner=00000000004913DC;isWindow=0;ownerPid=0;get=1;device=1;options=0x8015;name=issue121-50160-38"
2026-09-14T18:51:26.453Z,52752,enumerated_context,00000000000012AD,0,0.000,406,4,406,4,"owner=00000000004913DC;isWindow=0;ownerPid=0;get=1;device=1;options=0x8015;name=issue121-50160-37"
2026-09-14T18:51:26.467Z,52752,enumerated_context,00000000000012AC,0,0.000,406,4,406,4,"owner=00000000004913DC;isWindow=0;ownerPid=0;get=1;device=1;options=0x8015;name=issue121-50160-36"
2026-09-14T18:51:26.483Z,52752,enumerated_context,00000000000012AB,0,0.000,406,4,406,4,"owner=00000000004913DC;isWindow=0;ownerPid=0;get=1;device=1;options=0x8015;name=issue121-50160-35"
2026-09-14T18:51:26.499Z,52752,enumerated_context,00000000000012AA,0,0.000,406,4,406,4,"owner=00000000004913DC;isWindow=0;ownerPid=0;get=1;device=1;options=0x8015;name=issue121-50160-34"
2026-09-14T18:51:26.513Z,52752,enumerated_context,00000000000012A9,0,0.000,406,4,406,4,"owner=00000000004913DC;isWindow=0;ownerPid=0;get=1;device=1;options=0x8015;name=issue121-50160-33"
2026-09-14T18:51:26.527Z,52752,enumerated_context,00000000000012A8,0,0.000,406,4,406,4,"owner=00000000004913DC;isWindow=0;ownerPid=0;get=1;device=1;options=0x8015;name=issue121-50160-32"
2026-09-14T18:51:26.543Z,52752,enumerated_context,00000000000012A7,0,0.000,406,4,406,4,"owner=00000000004913DC;isWindow=0;ownerPid=0;get=1;device=1;options=0x8015;name=issue121-50160-31"
2026-09-14T18:51:26.559Z,52752,enumerated_context,00000000000012A6,0,0.000,406,4,406,4,"owner=00000000004913DC;isWindow=0;ownerPid=0;get=1;device=1;options=0x8015;name=issue121-50160-30"
2026-09-14T18:51:26.574Z,52752,enumerated_context,00000000000012A5,0,0.000,406,4,406,4,"owner=00000000004913DC;isWindow=0;ownerPid=0;get=1;device=1;options=0x8015;name=issue121-50160-29"
2026-09-14T18:51:26.588Z,52752,enumerated_context,00000000000012A4,0,0.000,406,4,406,4,"owner=00000000004913DC;isWindow=0;ownerPid=0;get=1;device=1;options=0x8015;name=issue121-50160-28"
2026-09-14T18:51:26.603Z,52752,enumerated_context,00000000000012A3,0,0.000,406,4,406,4,"owner=00000000004913DC;isWindow=0;ownerPid=0;get=1;device=1;options=0x8015;name=issue121-50160-27"
2026-09-14T18:51:26.618Z,52752,enumerated_context,00000000000012A2,0,0.000,406,4,406,4,"owner=00000000004913DC;isWindow=0;ownerPid=0;get=1;device=1;options=0x8015;name=issue121-50160-26"
2026-09-14T18:51:26.632Z,52752,enumerated_context,00000000000012A1,0,0.000,406,4,406,4,"owner=00000000004913DC;isWindow=0;ownerPid=0;get=1;device=1;options=0x8015;name=issue121-50160-25"
2026-09-14T18:51:26.647Z,52752,enumerated_context,00000000000012A0,0,0.000,406,4,406,4,"owner=00000000004913DC;isWindow=0;ownerPid=0;get=1;device=1;options=0x8015;name=issue121-50160-24"
2026-09-14T18:51:26.662Z,52752,enumerated_context,000000000000129F,0,0.000,406,4,406,4,"owner=00000000004913DC;isWindow=0;ownerPid=0;get=1;device=1;options=0x8015;name=issue121-50160-23"
2026-09-14T18:51:26.678Z,52752,enumerated_context,000000000000129E,0,0.000,406,4,406,4,"owner=00000000004913DC;isWindow=0;ownerPid=0;get=1;device=1;options=0x8015;name=issue121-50160-22"
2026-09-14T18:51:26.693Z,52752,enumerated_context,000000000000129D,0,0.000,406,4,406,4,"owner=00000000004913DC;isWindow=0;ownerPid=0;get=1;device=1;options=0x8015;name=issue121-50160-21"
2026-09-14T18:51:26.708Z,52752,enumerated_context,000000000000129C,0,0.000,406,4,406,4,"owner=00000000004913DC;isWindow=0;ownerPid=0;get=1;device=1;options=0x8015;name=issue121-50160-20"
2026-09-14T18:51:26.724Z,52752,enumerated_context,000000000000129B,0,0.000,406,4,406,4,"owner=00000000004913DC;isWindow=0;ownerPid=0;get=1;device=1;options=0x8015;name=issue121-50160-19"
2026-09-14T18:51:26.738Z,52752,enumerated_context,000000000000129A,0,0.000,406,4,406,4,"owner=00000000004913DC;isWindow=0;ownerPid=0;get=1;device=1;options=0x8015;name=issue121-50160-18"
2026-09-14T18:51:26.753Z,52752,enumerated_context,0000000000001299,0,0.000,406,4,406,4,"owner=00000000004913DC;isWindow=0;ownerPid=0;get=1;device=1;options=0x8015;name=issue121-50160-17"
2026-09-14T18:51:26.768Z,52752,enumerated_context,0000000000001298,0,0.000,406,4,406,4,"owner=00000000004913DC;isWindow=0;ownerPid=0;get=1;device=1;options=0x8015;name=issue121-50160-16"
2026-09-14T18:51:26.783Z,52752,enumerated_context,0000000000001297,0,0.000,406,4,406,4,"owner=00000000004913DC;isWindow=0;ownerPid=0;get=1;device=1;options=0x8015;name=issue121-50160-15"
2026-09-14T18:51:26.800Z,52752,enumerated_context,0000000000001296,0,0.000,406,4,406,4,"owner=00000000004913DC;isWindow=0;ownerPid=0;get=1;device=1;options=0x8015;name=issue121-50160-14"
2026-09-14T18:51:26.816Z,52752,enumerated_context,0000000000001295,0,0.000,406,4,406,4,"owner=00000000004913DC;isWindow=0;ownerPid=0;get=1;device=1;options=0x8015;name=issue121-50160-13"
2026-09-14T18:51:26.833Z,52752,enumerated_context,0000000000001294,0,0.000,406,4,406,4,"owner=00000000004913DC;isWindow=0;ownerPid=0;get=1;device=1;options=0x8015;name=issue121-50160-12"
2026-09-14T18:51:26.848Z,52752,enumerated_context,0000000000001293,0,0.000,406,4,406,4,"owner=00000000004913DC;isWindow=0;ownerPid=0;get=1;device=1;options=0x8015;name=issue121-50160-11"
2026-09-14T18:51:26.864Z,52752,enumerated_context,0000000000001292,0,0.000,406,4,406,4,"owner=00000000004913DC;isWindow=0;ownerPid=0;get=1;device=1;options=0x8015;name=issue121-50160-10"
2026-09-14T18:51:26.880Z,52752,enumerated_context,0000000000001291,0,0.000,406,4,406,4,"owner=00000000004913DC;isWindow=0;ownerPid=0;get=1;device=1;options=0x8015;name=issue121-50160-9"
2026-09-14T18:51:26.897Z,52752,enumerated_context,0000000000001290,0,0.000,406,4,406,4,"owner=00000000004913DC;isWindow=0;ownerPid=0;get=1;device=1;options=0x8015;name=issue121-50160-8"
2026-09-14T18:51:26.912Z,52752,enumerated_context,000000000000128F,0,0.000,406,4,406,4,"owner=00000000004913DC;isWindow=0;ownerPid=0;get=1;device=1;options=0x8015;name=issue121-50160-7"
2026-09-14T18:51:26.929Z,52752,enumerated_context,000000000000128E,0,0.000,406,4,406,4,"owner=00000000004913DC;isWindow=0;ownerPid=0;get=1;device=1;options=0x8015;name=issue121-50160-6"
2026-09-14T18:51:26.945Z,52752,enumerated_context,000000000000128D,0,0.000,406,4,406,4,"owner=00000000004913DC;isWindow=0;ownerPid=0;get=1;device=1;options=0x8015;name=issue121-50160-5"
2026-09-14T18:51:26.960Z,52752,enumerated_context,000000000000128C,0,0.000,406,4,406,4,"owner=00000000004913DC;isWindow=0;ownerPid=0;get=1;device=1;options=0x8015;name=issue121-50160-4"
2026-09-14T18:51:26.975Z,52752,enumerated_context,000000000000128B,0,0.000,406,4,406,4,"owner=00000000004913DC;isWindow=0;ownerPid=0;get=1;device=1;options=0x8015;name=issue121-50160-3"
2026-09-14T18:51:26.992Z,52752,enumerated_context,000000000000128A,0,0.000,406,4,406,4,"owner=00000000004913DC;isWindow=0;ownerPid=0;get=1;device=1;options=0x8015;name=issue121-50160-2"
2026-09-14T18:51:27.009Z,52752,enumerated_context,0000000000001289,0,0.000,406,4,406,4,"owner=00000000004913DC;isWindow=0;ownerPid=0;get=1;device=1;options=0x8015;name=issue121-50160-1"
2026-09-14T18:51:27.024Z,52752,enumerated_context,0000000000001288,0,0.000,406,4,406,4,"owner=00000000004913DC;isWindow=0;ownerPid=0;get=1;device=1;options=0x8015;name=issue121-50160-0"
2026-09-14T18:51:27.041Z,52752,enumerated_context,0000000000001287,0,0.000,406,4,406,4,"owner=00000000004813DC;isWindow=0;ownerPid=0;get=1;device=1;options=0x8015;name=issue121-44524-66"
2026-09-14T18:51:27.058Z,52752,enumerated_context,0000000000001286,0,0.000,406,4,406,4,"owner=00000000004813DC;isWindow=0;ownerPid=0;get=1;device=1;options=0x8015;name=issue121-44524-65"
2026-09-14T18:51:27.073Z,52752,enumerated_context,0000000000001285,0,0.000,406,4,406,4,"owner=00000000004813DC;isWindow=0;ownerPid=0;get=1;device=1;options=0x8015;name=issue121-44524-64"
2026-09-14T18:51:27.090Z,52752,enumerated_context,0000000000001284,0,0.000,406,4,406,4,"owner=00000000004813DC;isWindow=0;ownerPid=0;get=1;device=1;options=0x8015;name=issue121-44524-63"
2026-09-14T18:51:27.106Z,52752,enumerated_context,0000000000001283,0,0.000,406,4,406,4,"owner=00000000004813DC;isWindow=0;ownerPid=0;get=1;device=1;options=0x8015;name=issue121-44524-62"
2026-09-14T18:51:27.121Z,52752,enumerated_context,0000000000001282,0,0.000,406,4,406,4,"owner=00000000004813DC;isWindow=0;ownerPid=0;get=1;device=1;options=0x8015;name=issue121-44524-61"
2026-09-14T18:51:27.137Z,52752,enumerated_context,0000000000001281,0,0.000,406,4,406,4,"owner=00000000004813DC;isWindow=0;ownerPid=0;get=1;device=1;options=0x8015;name=issue121-44524-60"
2026-09-14T18:51:27.153Z,52752,enumerated_context,0000000000001280,0,0.000,406,4,406,4,"owner=00000000004813DC;isWindow=0;ownerPid=0;get=1;device=1;options=0x8015;name=issue121-44524-59"
2026-09-14T18:51:27.169Z,52752,enumerated_context,000000000000127F,0,0.000,406,4,406,4,"owner=00000000004813DC;isWindow=0;ownerPid=0;get=1;device=1;options=0x8015;name=issue121-44524-58"
2026-09-14T18:51:27.184Z,52752,enumerated_context,000000000000127E,0,0.000,406,4,406,4,"owner=00000000004813DC;isWindow=0;ownerPid=0;get=1;device=1;options=0x8015;name=issue121-44524-57"
2026-09-14T18:51:27.201Z,52752,enumerated_context,000000000000127D,0,0.000,406,4,406,4,"owner=00000000004813DC;isWindow=0;ownerPid=0;get=1;device=1;options=0x8015;name=issue121-44524-56"
2026-09-14T18:51:27.216Z,52752,enumerated_context,000000000000127C,0,0.000,406,4,406,4,"owner=00000000004813DC;isWindow=0;ownerPid=0;get=1;device=1;options=0x8015;name=issue121-44524-55"
2026-09-14T18:51:27.232Z,52752,enumerated_context,000000000000127B,0,0.000,406,4,406,4,"owner=00000000004813DC;isWindow=0;ownerPid=0;get=1;device=1;options=0x8015;name=issue121-44524-54"
2026-09-14T18:51:27.248Z,52752,enumerated_context,000000000000127A,0,0.000,406,4,406,4,"owner=00000000004813DC;isWindow=0;ownerPid=0;get=1;device=1;options=0x8015;name=issue121-44524-53"
2026-09-14T18:51:27.263Z,52752,enumerated_context,0000000000001279,0,0.000,406,4,406,4,"owner=00000000004813DC;isWindow=0;ownerPid=0;get=1;device=1;options=0x8015;name=issue121-44524-52"
2026-09-14T18:51:27.280Z,52752,enumerated_context,0000000000001278,0,0.000,406,4,406,4,"owner=00000000004813DC;isWindow=0;ownerPid=0;get=1;device=1;options=0x8015;name=issue121-44524-51"
2026-09-14T18:51:27.295Z,52752,enumerated_context,0000000000001277,0,0.000,406,4,406,4,"owner=00000000004813DC;isWindow=0;ownerPid=0;get=1;device=1;options=0x8015;name=issue121-44524-50"
2026-09-14T18:51:27.310Z,52752,enumerated_context,0000000000001276,0,0.000,406,4,406,4,"owner=00000000004813DC;isWindow=0;ownerPid=0;get=1;device=1;options=0x8015;name=issue121-44524-49"
2026-09-14T18:51:27.325Z,52752,enumerated_context,0000000000001275,0,0.000,406,4,406,4,"owner=00000000004813DC;isWindow=0;ownerPid=0;get=1;device=1;options=0x8015;name=issue121-44524-48"
2026-09-14T18:51:27.339Z,52752,enumerated_context,0000000000001274,0,0.000,406,4,406,4,"owner=00000000004813DC;isWindow=0;ownerPid=0;get=1;device=1;options=0x8015;name=issue121-44524-47"
2026-09-14T18:51:27.354Z,52752,enumerated_context,0000000000001273,0,0.000,406,4,406,4,"owner=00000000004813DC;isWindow=0;ownerPid=0;get=1;device=1;options=0x8015;name=issue121-44524-46"
2026-09-14T18:51:27.368Z,52752,enumerated_context,0000000000001272,0,0.000,406,4,406,4,"owner=00000000004813DC;isWindow=0;ownerPid=0;get=1;device=1;options=0x8015;name=issue121-44524-45"
2026-09-14T18:51:27.383Z,52752,enumerated_context,0000000000001271,0,0.000,406,4,406,4,"owner=00000000004813DC;isWindow=0;ownerPid=0;get=1;device=1;options=0x8015;name=issue121-44524-44"
2026-09-14T18:51:27.395Z,52752,enumerated_context,0000000000001270,0,0.000,406,4,406,4,"owner=00000000004813DC;isWindow=0;ownerPid=0;get=1;device=1;options=0x8015;name=issue121-44524-43"
2026-09-14T18:51:27.413Z,52752,enumerated_context,000000000000126F,0,0.000,406,4,406,4,"owner=00000000004813DC;isWindow=0;ownerPid=0;get=1;device=1;options=0x8015;name=issue121-44524-42"
2026-09-14T18:51:27.428Z,52752,enumerated_context,000000000000126E,0,0.000,406,4,406,4,"owner=00000000004813DC;isWindow=0;ownerPid=0;get=1;device=1;options=0x8015;name=issue121-44524-41"
2026-09-14T18:51:27.443Z,52752,enumerated_context,000000000000126D,0,0.000,406,4,406,4,"owner=00000000004813DC;isWindow=0;ownerPid=0;get=1;device=1;options=0x8015;name=issue121-44524-40"
2026-09-14T18:51:27.458Z,52752,enumerated_context,000000000000126C,0,0.000,406,4,406,4,"owner=00000000004813DC;isWindow=0;ownerPid=0;get=1;device=1;options=0x8015;name=issue121-44524-39"
2026-09-14T18:51:27.473Z,52752,enumerated_context,000000000000126B,0,0.000,406,4,406,4,"owner=00000000004813DC;isWindow=0;ownerPid=0;get=1;device=1;options=0x8015;name=issue121-44524-38"
2026-09-14T18:51:27.488Z,52752,enumerated_context,000000000000126A,0,0.000,406,4,406,4,"owner=00000000004813DC;isWindow=0;ownerPid=0;get=1;device=1;options=0x8015;name=issue121-44524-37"
2026-09-14T18:51:27.503Z,52752,enumerated_context,0000000000001269,0,0.000,406,4,406,4,"owner=00000000004813DC;isWindow=0;ownerPid=0;get=1;device=1;options=0x8015;name=issue121-44524-36"
2026-09-14T18:51:27.519Z,52752,enumerated_context,0000000000001268,0,0.000,406,4,406,4,"owner=00000000004813DC;isWindow=0;ownerPid=0;get=1;device=1;options=0x8015;name=issue121-44524-35"
2026-09-14T18:51:27.530Z,52752,enumerated_context,0000000000001267,0,0.000,406,4,406,4,"owner=00000000004813DC;isWindow=0;ownerPid=0;get=1;device=1;options=0x8015;name=issue121-44524-34"
2026-09-14T18:51:27.546Z,52752,enumerated_context,0000000000001266,0,0.000,406,4,406,4,"owner=00000000004813DC;isWindow=0;ownerPid=0;get=1;device=1;options=0x8015;name=issue121-44524-33"
2026-09-14T18:51:27.561Z,52752,enumerated_context,0000000000001265,0,0.000,406,4,406,4,"owner=00000000004813DC;isWindow=0;ownerPid=0;get=1;device=1;options=0x8015;name=issue121-44524-32"
2026-09-14T18:51:27.573Z,52752,enumerated_context,0000000000001264,0,0.000,406,4,406,4,"owner=00000000004813DC;isWindow=0;ownerPid=0;get=1;device=1;options=0x8015;name=issue121-44524-31"
2026-09-14T18:51:27.584Z,52752,enumerated_context,0000000000001263,0,0.000,406,4,406,4,"owner=00000000004813DC;isWindow=0;ownerPid=0;get=1;device=1;options=0x8015;name=issue121-44524-30"
2026-09-14T18:51:27.593Z,52752,enumerated_context,0000000000001262,0,0.000,406,4,406,4,"owner=00000000004813DC;isWindow=0;ownerPid=0;get=1;device=1;options=0x8015;name=issue121-44524-29"
2026-09-14T18:51:27.605Z,52752,enumerated_context,0000000000001261,0,0.000,406,4,406,4,"owner=00000000004813DC;isWindow=0;ownerPid=0;get=1;device=1;options=0x8015;name=issue121-44524-28"
2026-09-14T18:51:27.615Z,52752,enumerated_context,0000000000001260,0,0.000,406,4,406,4,"owner=00000000004813DC;isWindow=0;ownerPid=0;get=1;device=1;options=0x8015;name=issue121-44524-27"
2026-09-14T18:51:27.624Z,52752,enumerated_context,000000000000125F,0,0.000,406,4,406,4,"owner=00000000004813DC;isWindow=0;ownerPid=0;get=1;device=1;options=0x8015;name=issue121-44524-26"
2026-09-14T18:51:27.635Z,52752,enumerated_context,000000000000125E,0,0.000,406,4,406,4,"owner=00000000004813DC;isWindow=0;ownerPid=0;get=1;device=1;options=0x8015;name=issue121-44524-25"
2026-09-14T18:51:27.650Z,52752,enumerated_context,000000000000125D,0,0.000,406,4,406,4,"owner=00000000004813DC;isWindow=0;ownerPid=0;get=1;device=1;options=0x8015;name=issue121-44524-24"
2026-09-14T18:51:27.663Z,52752,enumerated_context,000000000000125C,0,0.000,406,4,406,4,"owner=00000000004813DC;isWindow=0;ownerPid=0;get=1;device=1;options=0x8015;name=issue121-44524-23"
2026-09-14T18:51:27.676Z,52752,enumerated_context,000000000000125B,0,0.000,406,4,406,4,"owner=00000000004813DC;isWindow=0;ownerPid=0;get=1;device=1;options=0x8015;name=issue121-44524-22"
2026-09-14T18:51:27.687Z,52752,enumerated_context,000000000000125A,0,0.000,406,4,406,4,"owner=00000000004813DC;isWindow=0;ownerPid=0;get=1;device=1;options=0x8015;name=issue121-44524-21"
2026-09-14T18:51:27.699Z,52752,enumerated_context,0000000000001259,0,0.000,406,4,406,4,"owner=00000000004813DC;isWindow=0;ownerPid=0;get=1;device=1;options=0x8015;name=issue121-44524-20"
2026-09-14T18:51:27.709Z,52752,enumerated_context,0000000000001258,0,0.000,406,4,406,4,"owner=00000000004813DC;isWindow=0;ownerPid=0;get=1;device=1;options=0x8015;name=issue121-44524-19"
2026-09-14T18:51:27.719Z,52752,enumerated_context,0000000000001257,0,0.000,406,4,406,4,"owner=00000000004813DC;isWindow=0;ownerPid=0;get=1;device=1;options=0x8015;name=issue121-44524-18"
2026-09-14T18:51:27.729Z,52752,enumerated_context,0000000000001256,0,0.000,406,4,406,4,"owner=00000000004813DC;isWindow=0;ownerPid=0;get=1;device=1;options=0x8015;name=issue121-44524-17"
2026-09-14T18:51:27.741Z,52752,enumerated_context,0000000000001255,0,0.000,406,4,406,4,"owner=00000000004813DC;isWindow=0;ownerPid=0;get=1;device=1;options=0x8015;name=issue121-44524-16"
2026-09-14T18:51:27.754Z,52752,enumerated_context,0000000000001254,0,0.000,406,4,406,4,"owner=00000000004813DC;isWindow=0;ownerPid=0;get=1;device=1;options=0x8015;name=issue121-44524-15"
2026-09-14T18:51:27.768Z,52752,enumerated_context,0000000000001253,0,0.000,406,4,406,4,"owner=00000000004813DC;isWindow=0;ownerPid=0;get=1;device=1;options=0x8015;name=issue121-44524-14"
2026-09-14T18:51:27.781Z,52752,enumerated_context,0000000000001252,0,0.000,406,4,406,4,"owner=00000000004813DC;isWindow=0;ownerPid=0;get=1;device=1;options=0x8015;name=issue121-44524-13"
2026-09-14T18:51:27.794Z,52752,enumerated_context,0000000000001251,0,0.000,406,4,406,4,"owner=00000000004813DC;isWindow=0;ownerPid=0;get=1;device=1;options=0x8015;name=issue121-44524-12"
2026-09-14T18:51:27.807Z,52752,enumerated_context,0000000000001250,0,0.000,406,4,406,4,"owner=00000000004813DC;isWindow=0;ownerPid=0;get=1;device=1;options=0x8015;name=issue121-44524-11"
2026-09-14T18:51:27.819Z,52752,enumerated_context,000000000000124F,0,0.000,406,4,406,4,"owner=00000000004813DC;isWindow=0;ownerPid=0;get=1;device=1;options=0x8015;name=issue121-44524-10"
2026-09-14T18:51:27.833Z,52752,enumerated_context,000000000000124E,0,0.000,406,4,406,4,"owner=00000000004813DC;isWindow=0;ownerPid=0;get=1;device=1;options=0x8015;name=issue121-44524-9"
2026-09-14T18:51:27.846Z,52752,enumerated_context,000000000000124D,0,0.000,406,4,406,4,"owner=00000000004813DC;isWindow=0;ownerPid=0;get=1;device=1;options=0x8015;name=issue121-44524-8"
2026-09-14T18:51:27.859Z,52752,enumerated_context,000000000000124C,0,0.000,406,4,406,4,"owner=00000000004813DC;isWindow=0;ownerPid=0;get=1;device=1;options=0x8015;name=issue121-44524-7"
2026-09-14T18:51:27.870Z,52752,enumerated_context,000000000000124B,0,0.000,406,4,406,4,"owner=00000000004813DC;isWindow=0;ownerPid=0;get=1;device=1;options=0x8015;name=issue121-44524-6"
2026-09-14T18:51:27.880Z,52752,enumerated_context,000000000000124A,0,0.000,406,4,406,4,"owner=00000000004813DC;isWindow=0;ownerPid=0;get=1;device=1;options=0x8015;name=issue121-44524-5"
2026-09-14T18:51:27.891Z,52752,enumerated_context,0000000000001249,0,0.000,406,4,406,4,"owner=00000000004813DC;isWindow=0;ownerPid=0;get=1;device=1;options=0x8015;name=issue121-44524-4"
2026-09-14T18:51:27.903Z,52752,enumerated_context,0000000000001248,0,0.000,406,4,406,4,"owner=00000000004813DC;isWindow=0;ownerPid=0;get=1;device=1;options=0x8015;name=issue121-44524-3"
2026-09-14T18:51:27.915Z,52752,enumerated_context,0000000000001247,0,0.000,406,4,406,4,"owner=00000000004813DC;isWindow=0;ownerPid=0;get=1;device=1;options=0x8015;name=issue121-44524-2"
2026-09-14T18:51:27.925Z,52752,enumerated_context,0000000000001246,0,0.000,406,4,406,4,"owner=00000000004813DC;isWindow=0;ownerPid=0;get=1;device=1;options=0x8015;name=issue121-44524-1"
2026-09-14T18:51:27.935Z,52752,enumerated_context,0000000000001245,0,0.000,406,4,406,4,"owner=00000000004813DC;isWindow=0;ownerPid=0;get=1;device=1;options=0x8015;name=issue121-44524-0"
2026-09-14T18:51:27.946Z,52752,enumerated_context,0000000000001244,0,0.000,406,4,406,4,"owner=00000000004713DC;isWindow=0;ownerPid=0;get=1;device=1;options=0x8015;name=issue121-33960-66"
2026-09-14T18:51:27.957Z,52752,enumerated_context,0000000000001243,0,0.000,406,4,406,4,"owner=00000000004713DC;isWindow=0;ownerPid=0;get=1;device=1;options=0x8015;name=issue121-33960-65"
2026-09-14T18:51:27.970Z,52752,enumerated_context,0000000000001242,0,0.000,406,4,406,4,"owner=00000000004713DC;isWindow=0;ownerPid=0;get=1;device=1;options=0x8015;name=issue121-33960-64"
2026-09-14T18:51:27.983Z,52752,enumerated_context,0000000000001241,0,0.000,406,4,406,4,"owner=00000000004713DC;isWindow=0;ownerPid=0;get=1;device=1;options=0x8015;name=issue121-33960-63"
2026-09-14T18:51:27.997Z,52752,enumerated_context,0000000000001240,0,0.000,406,4,406,4,"owner=00000000004713DC;isWindow=0;ownerPid=0;get=1;device=1;options=0x8015;name=issue121-33960-62"
2026-09-14T18:51:28.011Z,52752,enumerated_context,000000000000123F,0,0.000,406,4,406,4,"owner=00000000004713DC;isWindow=0;ownerPid=0;get=1;device=1;options=0x8015;name=issue121-33960-61"
2026-09-14T18:51:28.025Z,52752,enumerated_context,000000000000123E,0,0.000,406,4,406,4,"owner=00000000004713DC;isWindow=0;ownerPid=0;get=1;device=1;options=0x8015;name=issue121-33960-60"
2026-09-14T18:51:28.038Z,52752,enumerated_context,000000000000123D,0,0.000,406,4,406,4,"owner=00000000004713DC;isWindow=0;ownerPid=0;get=1;device=1;options=0x8015;name=issue121-33960-59"
2026-09-14T18:51:28.049Z,52752,enumerated_context,000000000000123C,0,0.000,406,4,406,4,"owner=00000000004713DC;isWindow=0;ownerPid=0;get=1;device=1;options=0x8015;name=issue121-33960-58"
2026-09-14T18:51:28.062Z,52752,enumerated_context,000000000000123B,0,0.000,406,4,406,4,"owner=00000000004713DC;isWindow=0;ownerPid=0;get=1;device=1;options=0x8015;name=issue121-33960-57"
2026-09-14T18:51:28.075Z,52752,enumerated_context,000000000000123A,0,0.000,406,4,406,4,"owner=00000000004713DC;isWindow=0;ownerPid=0;get=1;device=1;options=0x8015;name=issue121-33960-56"
2026-09-14T18:51:28.087Z,52752,enumerated_context,0000000000001239,0,0.000,406,4,406,4,"owner=00000000004713DC;isWindow=0;ownerPid=0;get=1;device=1;options=0x8015;name=issue121-33960-55"
2026-09-14T18:51:28.099Z,52752,enumerated_context,0000000000001238,0,0.000,406,4,406,4,"owner=00000000004713DC;isWindow=0;ownerPid=0;get=1;device=1;options=0x8015;name=issue121-33960-54"
2026-09-14T18:51:28.112Z,52752,enumerated_context,0000000000001237,0,0.000,406,4,406,4,"owner=00000000004713DC;isWindow=0;ownerPid=0;get=1;device=1;options=0x8015;name=issue121-33960-53"
2026-09-14T18:51:28.125Z,52752,enumerated_context,0000000000001236,0,0.000,406,4,406,4,"owner=00000000004713DC;isWindow=0;ownerPid=0;get=1;device=1;options=0x8015;name=issue121-33960-52"
2026-09-14T18:51:28.138Z,52752,enumerated_context,0000000000001235,0,0.000,406,4,406,4,"owner=00000000004713DC;isWindow=0;ownerPid=0;get=1;device=1;options=0x8015;name=issue121-33960-51"
2026-09-14T18:51:28.151Z,52752,enumerated_context,0000000000001234,0,0.000,406,4,406,4,"owner=00000000004713DC;isWindow=0;ownerPid=0;get=1;device=1;options=0x8015;name=issue121-33960-50"
2026-09-14T18:51:28.164Z,52752,enumerated_context,0000000000001233,0,0.000,406,4,406,4,"owner=00000000004713DC;isWindow=0;ownerPid=0;get=1;device=1;options=0x8015;name=issue121-33960-49"
2026-09-14T18:51:28.178Z,52752,enumerated_context,0000000000001232,0,0.000,406,4,406,4,"owner=00000000004713DC;isWindow=0;ownerPid=0;get=1;device=1;options=0x8015;name=issue121-33960-48"
2026-09-14T18:51:28.190Z,52752,enumerated_context,0000000000001231,0,0.000,406,4,406,4,"owner=00000000004713DC;isWindow=0;ownerPid=0;get=1;device=1;options=0x8015;name=issue121-33960-47"
2026-09-14T18:51:28.201Z,52752,enumerated_context,0000000000001230,0,0.000,406,4,406,4,"owner=00000000004713DC;isWindow=0;ownerPid=0;get=1;device=1;options=0x8015;name=issue121-33960-46"
2026-09-14T18:51:28.214Z,52752,enumerated_context,000000000000122F,0,0.000,406,4,406,4,"owner=00000000004713DC;isWindow=0;ownerPid=0;get=1;device=1;options=0x8015;name=issue121-33960-45"
2026-09-14T18:51:28.224Z,52752,enumerated_context,000000000000122E,0,0.000,406,4,406,4,"owner=00000000004713DC;isWindow=0;ownerPid=0;get=1;device=1;options=0x8015;name=issue121-33960-44"
2026-09-14T18:51:28.235Z,52752,enumerated_context,000000000000122D,0,0.000,406,4,406,4,"owner=00000000004713DC;isWindow=0;ownerPid=0;get=1;device=1;options=0x8015;name=issue121-33960-43"
2026-09-14T18:51:28.249Z,52752,enumerated_context,000000000000122C,0,0.000,406,4,406,4,"owner=00000000004713DC;isWindow=0;ownerPid=0;get=1;device=1;options=0x8015;name=issue121-33960-42"
2026-09-14T18:51:28.262Z,52752,enumerated_context,000000000000122B,0,0.000,406,4,406,4,"owner=00000000004713DC;isWindow=0;ownerPid=0;get=1;device=1;options=0x8015;name=issue121-33960-41"
2026-09-14T18:51:28.276Z,52752,enumerated_context,000000000000122A,0,0.000,406,4,406,4,"owner=00000000004713DC;isWindow=0;ownerPid=0;get=1;device=1;options=0x8015;name=issue121-33960-40"
2026-09-14T18:51:28.290Z,52752,enumerated_context,0000000000001229,0,0.000,406,4,406,4,"owner=00000000004713DC;isWindow=0;ownerPid=0;get=1;device=1;options=0x8015;name=issue121-33960-39"
2026-09-14T18:51:28.304Z,52752,enumerated_context,0000000000001228,0,0.000,406,4,406,4,"owner=00000000004713DC;isWindow=0;ownerPid=0;get=1;device=1;options=0x8015;name=issue121-33960-38"
2026-09-14T18:51:28.318Z,52752,enumerated_context,0000000000001227,0,0.000,406,4,406,4,"owner=00000000004713DC;isWindow=0;ownerPid=0;get=1;device=1;options=0x8015;name=issue121-33960-37"
2026-09-14T18:51:28.330Z,52752,enumerated_context,0000000000001226,0,0.000,406,4,406,4,"owner=00000000004713DC;isWindow=0;ownerPid=0;get=1;device=1;options=0x8015;name=issue121-33960-36"
2026-09-14T18:51:28.341Z,52752,enumerated_context,0000000000001225,0,0.000,406,4,406,4,"owner=00000000004713DC;isWindow=0;ownerPid=0;get=1;device=1;options=0x8015;name=issue121-33960-35"
2026-09-14T18:51:28.351Z,52752,enumerated_context,0000000000001224,0,0.000,406,4,406,4,"owner=00000000004713DC;isWindow=0;ownerPid=0;get=1;device=1;options=0x8015;name=issue121-33960-34"
2026-09-14T18:51:28.362Z,52752,enumerated_context,0000000000001223,0,0.000,406,4,406,4,"owner=00000000004713DC;isWindow=0;ownerPid=0;get=1;device=1;options=0x8015;name=issue121-33960-33"
2026-09-14T18:51:28.372Z,52752,enumerated_context,0000000000001222,0,0.000,406,4,406,4,"owner=00000000004713DC;isWindow=0;ownerPid=0;get=1;device=1;options=0x8015;name=issue121-33960-32"
2026-09-14T18:51:28.384Z,52752,enumerated_context,0000000000001221,0,0.000,406,4,406,4,"owner=00000000004713DC;isWindow=0;ownerPid=0;get=1;device=1;options=0x8015;name=issue121-33960-31"
2026-09-14T18:51:28.396Z,52752,enumerated_context,0000000000001220,0,0.000,406,4,406,4,"owner=00000000004713DC;isWindow=0;ownerPid=0;get=1;device=1;options=0x8015;name=issue121-33960-30"
2026-09-14T18:51:28.407Z,52752,enumerated_context,000000000000121F,0,0.000,406,4,406,4,"owner=00000000004713DC;isWindow=0;ownerPid=0;get=1;device=1;options=0x8015;name=issue121-33960-29"
2026-09-14T18:51:28.418Z,52752,enumerated_context,000000000000121E,0,0.000,406,4,406,4,"owner=00000000004713DC;isWindow=0;ownerPid=0;get=1;device=1;options=0x8015;name=issue121-33960-28"
2026-09-14T18:51:28.429Z,52752,enumerated_context,000000000000121D,0,0.000,406,4,406,4,"owner=00000000004713DC;isWindow=0;ownerPid=0;get=1;device=1;options=0x8015;name=issue121-33960-27"
2026-09-14T18:51:28.440Z,52752,enumerated_context,000000000000121C,0,0.000,406,4,406,4,"owner=00000000004713DC;isWindow=0;ownerPid=0;get=1;device=1;options=0x8015;name=issue121-33960-26"
2026-09-14T18:51:28.451Z,52752,enumerated_context,000000000000121B,0,0.000,406,4,406,4,"owner=00000000004713DC;isWindow=0;ownerPid=0;get=1;device=1;options=0x8015;name=issue121-33960-25"
2026-09-14T18:51:28.465Z,52752,enumerated_context,000000000000121A,0,0.000,406,4,406,4,"owner=00000000004713DC;isWindow=0;ownerPid=0;get=1;device=1;options=0x8015;name=issue121-33960-24"
2026-09-14T18:51:28.477Z,52752,enumerated_context,0000000000001219,0,0.000,406,4,406,4,"owner=00000000004713DC;isWindow=0;ownerPid=0;get=1;device=1;options=0x8015;name=issue121-33960-23"
2026-09-14T18:51:28.491Z,52752,enumerated_context,0000000000001218,0,0.000,406,4,406,4,"owner=00000000004713DC;isWindow=0;ownerPid=0;get=1;device=1;options=0x8015;name=issue121-33960-22"
2026-09-14T18:51:28.506Z,52752,enumerated_context,0000000000001217,0,0.000,406,4,406,4,"owner=00000000004713DC;isWindow=0;ownerPid=0;get=1;device=1;options=0x8015;name=issue121-33960-21"
2026-09-14T18:51:28.520Z,52752,enumerated_context,0000000000001216,0,0.000,406,4,406,4,"owner=00000000004713DC;isWindow=0;ownerPid=0;get=1;device=1;options=0x8015;name=issue121-33960-20"
2026-09-14T18:51:28.534Z,52752,enumerated_context,0000000000001215,0,0.000,406,4,406,4,"owner=00000000004713DC;isWindow=0;ownerPid=0;get=1;device=1;options=0x8015;name=issue121-33960-19"
2026-09-14T18:51:28.548Z,52752,enumerated_context,0000000000001214,0,0.000,406,4,406,4,"owner=00000000004713DC;isWindow=0;ownerPid=0;get=1;device=1;options=0x8015;name=issue121-33960-18"
2026-09-14T18:51:28.562Z,52752,enumerated_context,0000000000001213,0,0.000,406,4,406,4,"owner=00000000004713DC;isWindow=0;ownerPid=0;get=1;device=1;options=0x8015;name=issue121-33960-17"
2026-09-14T18:51:28.575Z,52752,enumerated_context,0000000000001212,0,0.000,406,4,406,4,"owner=00000000004713DC;isWindow=0;ownerPid=0;get=1;device=1;options=0x8015;name=issue121-33960-16"
2026-09-14T18:51:28.588Z,52752,enumerated_context,0000000000001211,0,0.000,406,4,406,4,"owner=00000000004713DC;isWindow=0;ownerPid=0;get=1;device=1;options=0x8015;name=issue121-33960-15"
2026-09-14T18:51:28.601Z,52752,enumerated_context,0000000000001210,0,0.000,406,4,406,4,"owner=00000000004713DC;isWindow=0;ownerPid=0;get=1;device=1;options=0x8015;name=issue121-33960-14"
2026-09-14T18:51:28.610Z,52752,enumerated_context,000000000000120F,0,0.000,406,4,406,4,"owner=00000000004713DC;isWindow=0;ownerPid=0;get=1;device=1;options=0x8015;name=issue121-33960-13"
2026-09-14T18:51:28.624Z,52752,enumerated_context,000000000000120E,0,0.000,406,4,406,4,"owner=00000000004713DC;isWindow=0;ownerPid=0;get=1;device=1;options=0x8015;name=issue121-33960-12"
2026-09-14T18:51:28.637Z,52752,enumerated_context,000000000000120D,0,0.000,406,4,406,4,"owner=00000000004713DC;isWindow=0;ownerPid=0;get=1;device=1;options=0x8015;name=issue121-33960-11"
2026-09-14T18:51:28.653Z,52752,enumerated_context,000000000000120C,0,0.000,406,4,406,4,"owner=00000000004713DC;isWindow=0;ownerPid=0;get=1;device=1;options=0x8015;name=issue121-33960-10"
2026-09-14T18:51:28.667Z,52752,enumerated_context,000000000000120B,0,0.000,406,4,406,4,"owner=00000000004713DC;isWindow=0;ownerPid=0;get=1;device=1;options=0x8015;name=issue121-33960-9"
2026-09-14T18:51:28.681Z,52752,enumerated_context,000000000000120A,0,0.000,406,4,406,4,"owner=00000000004713DC;isWindow=0;ownerPid=0;get=1;device=1;options=0x8015;name=issue121-33960-8"
2026-09-14T18:51:28.695Z,52752,enumerated_context,0000000000001209,0,0.000,406,4,406,4,"owner=00000000004713DC;isWindow=0;ownerPid=0;get=1;device=1;options=0x8015;name=issue121-33960-7"
2026-09-14T18:51:28.709Z,52752,enumerated_context,0000000000001208,0,0.000,406,4,406,4,"owner=00000000004713DC;isWindow=0;ownerPid=0;get=1;device=1;options=0x8015;name=issue121-33960-6"
2026-09-14T18:51:28.724Z,52752,enumerated_context,0000000000001207,0,0.000,406,4,406,4,"owner=00000000004713DC;isWindow=0;ownerPid=0;get=1;device=1;options=0x8015;name=issue121-33960-5"
2026-09-14T18:51:28.738Z,52752,enumerated_context,0000000000001206,0,0.000,406,4,406,4,"owner=00000000004713DC;isWindow=0;ownerPid=0;get=1;device=1;options=0x8015;name=issue121-33960-4"
2026-09-14T18:51:28.754Z,52752,enumerated_context,0000000000001205,0,0.000,406,4,406,4,"owner=00000000004713DC;isWindow=0;ownerPid=0;get=1;device=1;options=0x8015;name=issue121-33960-3"
2026-09-14T18:51:28.769Z,52752,enumerated_context,0000000000001204,0,0.000,406,4,406,4,"owner=00000000004713DC;isWindow=0;ownerPid=0;get=1;device=1;options=0x8015;name=issue121-33960-2"
2026-09-14T18:51:28.782Z,52752,enumerated_context,0000000000001203,0,0.000,406,4,406,4,"owner=00000000004713DC;isWindow=0;ownerPid=0;get=1;device=1;options=0x8015;name=issue121-33960-1"
2026-09-14T18:51:28.798Z,52752,manager_enum,0000000000000007,1,0.000,406,4,406,4,"callbacks=406"
2026-09-14T18:51:28.811Z,52752,manager_default_digitizer,0000000000000C02,0,0.000,406,4,406,4,"read_only"
2026-09-14T18:51:28.824Z,52752,manager_default_system,0000000000000C01,0,0.000,406,4,406,4,"read_only"
2026-09-14T18:51:28.838Z,52752,manager_close,0000000000000007,1,0.000,406,4,406,4,"visible"
2026-09-14T18:51:28.852Z,52752,manager_open,0000000000000000,0,0.016,406,4,406,4,"null_hwnd;lastError=0"
