utc,pid,event,handle,result,elapsed_ms,contexts,contexts_bytes,system,system_bytes,detail
2026-09-14T18:48:25.282Z,58492,manager_exports,0000000000000000,1,0.000,512,4,512,4,"open;close;enum;owner;default"
2026-09-14T18:48:25.296Z,58492,manager_open,0000000000000004,1,0.082,512,4,512,4,"hidden;lastError=0"
2026-09-14T18:48:25.313Z,58492,enumerated_context,0000000000000B01,0,0.000,512,4,512,4,"owner=0000000000000000;isWindow=0;ownerPid=0;get=0;device=0;options=0x0;name="
2026-09-14T18:48:25.326Z,58492,enumerated_context,0000000000000AFF,18900,0.000,512,4,512,4,"owner=0000000000A10F6E;isWindow=1;ownerPid=18900;get=1;device=0;options=0x8015;name=issue121-18900-52"
2026-09-14T18:48:25.341Z,58492,enumerated_context,0000000000000AFE,18900,0.000,512,4,512,4,"owner=0000000000A10F6E;isWindow=1;ownerPid=18900;get=1;device=0;options=0x8015;name=issue121-18900-51"
2026-09-14T18:48:25.356Z,58492,enumerated_context,0000000000000AFD,18900,0.000,512,4,512,4,"owner=0000000000A10F6E;isWindow=1;ownerPid=18900;get=1;device=0;options=0x8015;name=issue121-18900-50"
2026-09-14T18:48:25.369Z,58492,enumerated_context,0000000000000AFC,18900,0.000,512,4,512,4,"owner=0000000000A10F6E;isWindow=1;ownerPid=18900;get=1;device=0;options=0x8015;name=issue121-18900-49"
2026-09-14T18:48:25.382Z,58492,enumerated_context,0000000000000AFB,18900,0.000,512,4,512,4,"owner=0000000000A10F6E;isWindow=1;ownerPid=18900;get=1;device=0;options=0x8015;name=issue121-18900-48"
2026-09-14T18:48:25.395Z,58492,enumerated_context,0000000000000AFA,18900,0.000,512,4,512,4,"owner=0000000000A10F6E;isWindow=1;ownerPid=18900;get=1;device=0;options=0x8015;name=issue121-18900-47"
2026-09-14T18:48:25.408Z,58492,enumerated_context,0000000000000AF9,18900,0.000,512,4,512,4,"owner=0000000000A10F6E;isWindow=1;ownerPid=18900;get=1;device=0;options=0x8015;name=issue121-18900-46"
2026-09-14T18:48:25.423Z,58492,enumerated_context,0000000000000AF8,18900,0.000,512,4,512,4,"owner=0000000000A10F6E;isWindow=1;ownerPid=18900;get=1;device=0;options=0x8015;name=issue121-18900-45"
2026-09-14T18:48:25.435Z,58492,enumerated_context,0000000000000AF7,18900,0.000,512,4,512,4,"owner=0000000000A10F6E;isWindow=1;ownerPid=18900;get=1;device=0;options=0x8015;name=issue121-18900-44"
2026-09-14T18:48:25.449Z,58492,enumerated_context,0000000000000AF6,18900,0.000,512,4,512,4,"owner=0000000000A10F6E;isWindow=1;ownerPid=18900;get=1;device=0;options=0x8015;name=issue121-18900-43"
2026-09-14T18:48:25.462Z,58492,enumerated_context,0000000000000AF5,18900,0.000,512,4,512,4,"owner=0000000000A10F6E;isWindow=1;ownerPid=18900;get=1;device=0;options=0x8015;name=issue121-18900-42"
2026-09-14T18:48:25.473Z,58492,enumerated_context,0000000000000AF4,18900,0.000,512,4,512,4,"owner=0000000000A10F6E;isWindow=1;ownerPid=18900;get=1;device=0;options=0x8015;name=issue121-18900-41"
2026-09-14T18:48:25.484Z,58492,enumerated_context,0000000000000AF3,18900,0.000,512,4,512,4,"owner=0000000000A10F6E;isWindow=1;ownerPid=18900;get=1;device=0;options=0x8015;name=issue121-18900-40"
2026-09-14T18:48:25.496Z,58492,enumerated_context,0000000000000AF2,18900,0.000,512,4,512,4,"owner=0000000000A10F6E;isWindow=1;ownerPid=18900;get=1;device=0;options=0x8015;name=issue121-18900-39"
2026-09-14T18:48:25.510Z,58492,enumerated_context,0000000000000AF1,18900,0.000,512,4,512,4,"owner=0000000000A10F6E;isWindow=1;ownerPid=18900;get=1;device=0;options=0x8015;name=issue121-18900-38"
2026-09-14T18:48:25.523Z,58492,enumerated_context,0000000000000AF0,18900,0.000,512,4,512,4,"owner=0000000000A10F6E;isWindow=1;ownerPid=18900;get=1;device=0;options=0x8015;name=issue121-18900-37"
2026-09-14T18:48:25.537Z,58492,enumerated_context,0000000000000AEF,18900,0.000,512,4,512,4,"owner=0000000000A10F6E;isWindow=1;ownerPid=18900;get=1;device=0;options=0x8015;name=issue121-18900-36"
2026-09-14T18:48:25.551Z,58492,enumerated_context,0000000000000AEE,18900,0.000,512,4,512,4,"owner=0000000000A10F6E;isWindow=1;ownerPid=18900;get=1;device=0;options=0x8015;name=issue121-18900-35"
2026-09-14T18:48:25.565Z,58492,enumerated_context,0000000000000AED,18900,0.000,512,4,512,4,"owner=0000000000A10F6E;isWindow=1;ownerPid=18900;get=1;device=0;options=0x8015;name=issue121-18900-34"
2026-09-14T18:48:25.579Z,58492,enumerated_context,0000000000000AEC,18900,0.000,512,4,512,4,"owner=0000000000A10F6E;isWindow=1;ownerPid=18900;get=1;device=0;options=0x8015;name=issue121-18900-33"
2026-09-14T18:48:25.593Z,58492,enumerated_context,0000000000000AEB,18900,0.000,512,4,512,4,"owner=0000000000A10F6E;isWindow=1;ownerPid=18900;get=1;device=0;options=0x8015;name=issue121-18900-32"
2026-09-14T18:48:25.608Z,58492,enumerated_context,0000000000000AEA,18900,0.000,512,4,512,4,"owner=0000000000A10F6E;isWindow=1;ownerPid=18900;get=1;device=0;options=0x8015;name=issue121-18900-31"
2026-09-14T18:48:25.623Z,58492,enumerated_context,0000000000000AE9,18900,0.000,512,4,512,4,"owner=0000000000A10F6E;isWindow=1;ownerPid=18900;get=1;device=0;options=0x8015;name=issue121-18900-30"
2026-09-14T18:48:25.636Z,58492,enumerated_context,0000000000000AE8,18900,0.000,512,4,512,4,"owner=0000000000A10F6E;isWindow=1;ownerPid=18900;get=1;device=0;options=0x8015;name=issue121-18900-29"
2026-09-14T18:48:25.649Z,58492,enumerated_context,0000000000000AE7,18900,0.000,512,4,512,4,"owner=0000000000A10F6E;isWindow=1;ownerPid=18900;get=1;device=0;options=0x8015;name=issue121-18900-28"
2026-09-14T18:48:25.663Z,58492,enumerated_context,0000000000000AE6,18900,0.000,512,4,512,4,"owner=0000000000A10F6E;isWindow=1;ownerPid=18900;get=1;device=0;options=0x8015;name=issue121-18900-27"
2026-09-14T18:48:25.677Z,58492,enumerated_context,0000000000000AE5,18900,0.000,512,4,512,4,"owner=0000000000A10F6E;isWindow=1;ownerPid=18900;get=1;device=0;options=0x8015;name=issue121-18900-26"
2026-09-14T18:48:25.690Z,58492,enumerated_context,0000000000000AE4,18900,0.000,512,4,512,4,"owner=0000000000A10F6E;isWindow=1;ownerPid=18900;get=1;device=0;options=0x8015;name=issue121-18900-25"
2026-09-14T18:48:25.704Z,58492,enumerated_context,0000000000000AE3,18900,0.000,512,4,512,4,"owner=0000000000A10F6E;isWindow=1;ownerPid=18900;get=1;device=0;options=0x8015;name=issue121-18900-24"
2026-09-14T18:48:25.718Z,58492,enumerated_context,0000000000000AE2,18900,0.000,512,4,512,4,"owner=0000000000A10F6E;isWindow=1;ownerPid=18900;get=1;device=0;options=0x8015;name=issue121-18900-23"
2026-09-14T18:48:25.733Z,58492,enumerated_context,0000000000000AE1,18900,0.000,512,4,512,4,"owner=0000000000A10F6E;isWindow=1;ownerPid=18900;get=1;device=0;options=0x8015;name=issue121-18900-22"
2026-09-14T18:48:25.746Z,58492,enumerated_context,0000000000000AE0,18900,0.000,512,4,512,4,"owner=0000000000A10F6E;isWindow=1;ownerPid=18900;get=1;device=0;options=0x8015;name=issue121-18900-21"
2026-09-14T18:48:25.760Z,58492,enumerated_context,0000000000000ADF,18900,0.000,512,4,512,4,"owner=0000000000A10F6E;isWindow=1;ownerPid=18900;get=1;device=0;options=0x8015;name=issue121-18900-20"
2026-09-14T18:48:25.773Z,58492,enumerated_context,0000000000000ADE,18900,0.000,512,4,512,4,"owner=0000000000A10F6E;isWindow=1;ownerPid=18900;get=1;device=0;options=0x8015;name=issue121-18900-19"
2026-09-14T18:48:25.788Z,58492,enumerated_context,0000000000000ADD,18900,0.000,512,4,512,4,"owner=0000000000A10F6E;isWindow=1;ownerPid=18900;get=1;device=0;options=0x8015;name=issue121-18900-18"
2026-09-14T18:48:25.799Z,58492,enumerated_context,0000000000000ADC,18900,0.000,512,4,512,4,"owner=0000000000A10F6E;isWindow=1;ownerPid=18900;get=1;device=0;options=0x8015;name=issue121-18900-17"
2026-09-14T18:48:25.814Z,58492,enumerated_context,0000000000000ADB,18900,0.000,512,4,512,4,"owner=0000000000A10F6E;isWindow=1;ownerPid=18900;get=1;device=0;options=0x8015;name=issue121-18900-16"
2026-09-14T18:48:25.827Z,58492,enumerated_context,0000000000000ADA,18900,0.000,512,4,512,4,"owner=0000000000A10F6E;isWindow=1;ownerPid=18900;get=1;device=0;options=0x8015;name=issue121-18900-15"
2026-09-14T18:48:25.841Z,58492,enumerated_context,0000000000000AD9,18900,0.000,512,4,512,4,"owner=0000000000A10F6E;isWindow=1;ownerPid=18900;get=1;device=0;options=0x8015;name=issue121-18900-14"
2026-09-14T18:48:25.855Z,58492,enumerated_context,0000000000000AD8,18900,0.000,512,4,512,4,"owner=0000000000A10F6E;isWindow=1;ownerPid=18900;get=1;device=0;options=0x8015;name=issue121-18900-13"
2026-09-14T18:48:25.867Z,58492,enumerated_context,0000000000000AD7,18900,0.000,512,4,512,4,"owner=0000000000A10F6E;isWindow=1;ownerPid=18900;get=1;device=0;options=0x8015;name=issue121-18900-12"
2026-09-14T18:48:25.879Z,58492,enumerated_context,0000000000000AD6,18900,0.000,512,4,512,4,"owner=0000000000A10F6E;isWindow=1;ownerPid=18900;get=1;device=0;options=0x8015;name=issue121-18900-11"
2026-09-14T18:48:25.894Z,58492,enumerated_context,0000000000000AD5,18900,0.000,512,4,512,4,"owner=0000000000A10F6E;isWindow=1;ownerPid=18900;get=1;device=0;options=0x8015;name=issue121-18900-10"
2026-09-14T18:48:25.908Z,58492,enumerated_context,0000000000000AD4,18900,0.000,512,4,512,4,"owner=0000000000A10F6E;isWindow=1;ownerPid=18900;get=1;device=0;options=0x8015;name=issue121-18900-9"
2026-09-14T18:48:25.920Z,58492,enumerated_context,0000000000000AD3,18900,0.000,512,4,512,4,"owner=0000000000A10F6E;isWindow=1;ownerPid=18900;get=1;device=0;options=0x8015;name=issue121-18900-8"
2026-09-14T18:48:25.933Z,58492,enumerated_context,0000000000000AD2,18900,0.000,512,4,512,4,"owner=0000000000A10F6E;isWindow=1;ownerPid=18900;get=1;device=0;options=0x8015;name=issue121-18900-7"
2026-09-14T18:48:25.947Z,58492,enumerated_context,0000000000000AD1,18900,0.000,512,4,512,4,"owner=0000000000A10F6E;isWindow=1;ownerPid=18900;get=1;device=0;options=0x8015;name=issue121-18900-6"
2026-09-14T18:48:25.961Z,58492,enumerated_context,0000000000000AD0,18900,0.000,512,4,512,4,"owner=0000000000A10F6E;isWindow=1;ownerPid=18900;get=1;device=0;options=0x8015;name=issue121-18900-5"
2026-09-14T18:48:25.976Z,58492,enumerated_context,0000000000000ACF,18900,0.000,512,4,512,4,"owner=0000000000A10F6E;isWindow=1;ownerPid=18900;get=1;device=0;options=0x8015;name=issue121-18900-4"
2026-09-14T18:48:25.992Z,58492,enumerated_context,0000000000000ACE,18900,0.000,512,4,512,4,"owner=0000000000A10F6E;isWindow=1;ownerPid=18900;get=1;device=0;options=0x8015;name=issue121-18900-3"
2026-09-14T18:48:26.007Z,58492,enumerated_context,0000000000000ACD,18900,0.000,512,4,512,4,"owner=0000000000A10F6E;isWindow=1;ownerPid=18900;get=1;device=0;options=0x8015;name=issue121-18900-2"
2026-09-14T18:48:26.023Z,58492,enumerated_context,0000000000000ACC,18900,0.000,512,4,512,4,"owner=0000000000A10F6E;isWindow=1;ownerPid=18900;get=1;device=0;options=0x8015;name=issue121-18900-1"
2026-09-14T18:48:26.036Z,58492,enumerated_context,0000000000000ACB,18900,0.000,512,4,512,4,"owner=0000000000A10F6E;isWindow=1;ownerPid=18900;get=1;device=0;options=0x8015;name=issue121-18900-0"
2026-09-14T18:48:26.057Z,58492,enumerated_context,0000000000000801,0,0.000,512,4,512,4,"owner=0000000000000000;isWindow=0;ownerPid=0;get=1;device=0;options=0x8011;name="
2026-09-14T18:48:26.075Z,58492,enumerated_context,0000000000000B00,0,0.000,512,4,512,4,"owner=0000000000000000;isWindow=0;ownerPid=0;get=0;device=0;options=0x0;name="
2026-09-14T18:48:26.089Z,58492,enumerated_context,0000000000000ACA,0,0.000,512,4,512,4,"owner=00000000004913DC;isWindow=0;ownerPid=0;get=1;device=0;options=0x8015;name=issue121-50160-66"
2026-09-14T18:48:26.103Z,58492,enumerated_context,0000000000000AC9,0,0.000,512,4,512,4,"owner=00000000004913DC;isWindow=0;ownerPid=0;get=1;device=0;options=0x8015;name=issue121-50160-65"
2026-09-14T18:48:26.115Z,58492,enumerated_context,0000000000000AC8,0,0.000,512,4,512,4,"owner=00000000004913DC;isWindow=0;ownerPid=0;get=1;device=0;options=0x8015;name=issue121-50160-64"
2026-09-14T18:48:26.129Z,58492,enumerated_context,0000000000000AC7,0,0.000,512,4,512,4,"owner=00000000004913DC;isWindow=0;ownerPid=0;get=1;device=0;options=0x8015;name=issue121-50160-63"
2026-09-14T18:48:26.143Z,58492,enumerated_context,0000000000000AC6,0,0.000,512,4,512,4,"owner=00000000004913DC;isWindow=0;ownerPid=0;get=1;device=0;options=0x8015;name=issue121-50160-62"
2026-09-14T18:48:26.157Z,58492,enumerated_context,0000000000000AC5,0,0.000,512,4,512,4,"owner=00000000004913DC;isWindow=0;ownerPid=0;get=1;device=0;options=0x8015;name=issue121-50160-61"
2026-09-14T18:48:26.173Z,58492,enumerated_context,0000000000000AC4,0,0.000,512,4,512,4,"owner=00000000004913DC;isWindow=0;ownerPid=0;get=1;device=0;options=0x8015;name=issue121-50160-60"
2026-09-14T18:48:26.188Z,58492,enumerated_context,0000000000000AC3,0,0.000,512,4,512,4,"owner=00000000004913DC;isWindow=0;ownerPid=0;get=1;device=0;options=0x8015;name=issue121-50160-59"
2026-09-14T18:48:26.203Z,58492,enumerated_context,0000000000000AC2,0,0.000,512,4,512,4,"owner=00000000004913DC;isWindow=0;ownerPid=0;get=1;device=0;options=0x8015;name=issue121-50160-58"
2026-09-14T18:48:26.218Z,58492,enumerated_context,0000000000000AC1,0,0.000,512,4,512,4,"owner=00000000004913DC;isWindow=0;ownerPid=0;get=1;device=0;options=0x8015;name=issue121-50160-57"
2026-09-14T18:48:26.236Z,58492,enumerated_context,0000000000000AC0,0,0.000,512,4,512,4,"owner=00000000004913DC;isWindow=0;ownerPid=0;get=1;device=0;options=0x8015;name=issue121-50160-56"
2026-09-14T18:48:26.248Z,58492,enumerated_context,0000000000000ABF,0,0.000,512,4,512,4,"owner=00000000004913DC;isWindow=0;ownerPid=0;get=1;device=0;options=0x8015;name=issue121-50160-55"
2026-09-14T18:48:26.262Z,58492,enumerated_context,0000000000000ABE,0,0.000,512,4,512,4,"owner=00000000004913DC;isWindow=0;ownerPid=0;get=1;device=0;options=0x8015;name=issue121-50160-54"
2026-09-14T18:48:26.275Z,58492,enumerated_context,0000000000000ABD,0,0.000,512,4,512,4,"owner=00000000004913DC;isWindow=0;ownerPid=0;get=1;device=0;options=0x8015;name=issue121-50160-53"
2026-09-14T18:48:26.288Z,58492,enumerated_context,0000000000000ABC,0,0.000,512,4,512,4,"owner=00000000004913DC;isWindow=0;ownerPid=0;get=1;device=0;options=0x8015;name=issue121-50160-52"
2026-09-14T18:48:26.300Z,58492,enumerated_context,0000000000000ABB,0,0.000,512,4,512,4,"owner=00000000004913DC;isWindow=0;ownerPid=0;get=1;device=0;options=0x8015;name=issue121-50160-51"
2026-09-14T18:48:26.314Z,58492,enumerated_context,0000000000000ABA,0,0.000,512,4,512,4,"owner=00000000004913DC;isWindow=0;ownerPid=0;get=1;device=0;options=0x8015;name=issue121-50160-50"
2026-09-14T18:48:26.328Z,58492,enumerated_context,0000000000000AB9,0,0.000,512,4,512,4,"owner=00000000004913DC;isWindow=0;ownerPid=0;get=1;device=0;options=0x8015;name=issue121-50160-49"
2026-09-14T18:48:26.341Z,58492,enumerated_context,0000000000000AB8,0,0.000,512,4,512,4,"owner=00000000004913DC;isWindow=0;ownerPid=0;get=1;device=0;options=0x8015;name=issue121-50160-48"
2026-09-14T18:48:26.353Z,58492,enumerated_context,0000000000000AB7,0,0.000,512,4,512,4,"owner=00000000004913DC;isWindow=0;ownerPid=0;get=1;device=0;options=0x8015;name=issue121-50160-47"
2026-09-14T18:48:26.365Z,58492,enumerated_context,0000000000000AB6,0,0.000,512,4,512,4,"owner=00000000004913DC;isWindow=0;ownerPid=0;get=1;device=0;options=0x8015;name=issue121-50160-46"
2026-09-14T18:48:26.381Z,58492,enumerated_context,0000000000000AB5,0,0.000,512,4,512,4,"owner=00000000004913DC;isWindow=0;ownerPid=0;get=1;device=0;options=0x8015;name=issue121-50160-45"
2026-09-14T18:48:26.396Z,58492,enumerated_context,0000000000000AB4,0,0.000,512,4,512,4,"owner=00000000004913DC;isWindow=0;ownerPid=0;get=1;device=0;options=0x8015;name=issue121-50160-44"
2026-09-14T18:48:26.411Z,58492,enumerated_context,0000000000000AB3,0,0.000,512,4,512,4,"owner=00000000004913DC;isWindow=0;ownerPid=0;get=1;device=0;options=0x8015;name=issue121-50160-43"
2026-09-14T18:48:26.425Z,58492,enumerated_context,0000000000000AB2,0,0.000,512,4,512,4,"owner=00000000004913DC;isWindow=0;ownerPid=0;get=1;device=0;options=0x8015;name=issue121-50160-42"
2026-09-14T18:48:26.438Z,58492,enumerated_context,0000000000000AB1,0,0.000,512,4,512,4,"owner=00000000004913DC;isWindow=0;ownerPid=0;get=1;device=0;options=0x8015;name=issue121-50160-41"
2026-09-14T18:48:26.453Z,58492,enumerated_context,0000000000000AB0,0,0.000,512,4,512,4,"owner=00000000004913DC;isWindow=0;ownerPid=0;get=1;device=0;options=0x8015;name=issue121-50160-40"
2026-09-14T18:48:26.466Z,58492,enumerated_context,0000000000000AAF,0,0.000,512,4,512,4,"owner=00000000004913DC;isWindow=0;ownerPid=0;get=1;device=0;options=0x8015;name=issue121-50160-39"
2026-09-14T18:48:26.481Z,58492,enumerated_context,0000000000000AAE,0,0.000,512,4,512,4,"owner=00000000004913DC;isWindow=0;ownerPid=0;get=1;device=0;options=0x8015;name=issue121-50160-38"
2026-09-14T18:48:26.496Z,58492,enumerated_context,0000000000000AAD,0,0.000,512,4,512,4,"owner=00000000004913DC;isWindow=0;ownerPid=0;get=1;device=0;options=0x8015;name=issue121-50160-37"
2026-09-14T18:48:26.509Z,58492,enumerated_context,0000000000000AAC,0,0.000,512,4,512,4,"owner=00000000004913DC;isWindow=0;ownerPid=0;get=1;device=0;options=0x8015;name=issue121-50160-36"
2026-09-14T18:48:26.523Z,58492,enumerated_context,0000000000000AAB,0,0.000,512,4,512,4,"owner=00000000004913DC;isWindow=0;ownerPid=0;get=1;device=0;options=0x8015;name=issue121-50160-35"
2026-09-14T18:48:26.536Z,58492,enumerated_context,0000000000000AAA,0,0.000,512,4,512,4,"owner=00000000004913DC;isWindow=0;ownerPid=0;get=1;device=0;options=0x8015;name=issue121-50160-34"
2026-09-14T18:48:26.549Z,58492,enumerated_context,0000000000000AA9,0,0.000,512,4,512,4,"owner=00000000004913DC;isWindow=0;ownerPid=0;get=1;device=0;options=0x8015;name=issue121-50160-33"
2026-09-14T18:48:26.564Z,58492,enumerated_context,0000000000000AA8,0,0.000,512,4,512,4,"owner=00000000004913DC;isWindow=0;ownerPid=0;get=1;device=0;options=0x8015;name=issue121-50160-32"
2026-09-14T18:48:26.576Z,58492,enumerated_context,0000000000000AA7,0,0.000,512,4,512,4,"owner=00000000004913DC;isWindow=0;ownerPid=0;get=1;device=0;options=0x8015;name=issue121-50160-31"
2026-09-14T18:48:26.591Z,58492,enumerated_context,0000000000000AA6,0,0.000,512,4,512,4,"owner=00000000004913DC;isWindow=0;ownerPid=0;get=1;device=0;options=0x8015;name=issue121-50160-30"
2026-09-14T18:48:26.605Z,58492,enumerated_context,0000000000000AA5,0,0.000,512,4,512,4,"owner=00000000004913DC;isWindow=0;ownerPid=0;get=1;device=0;options=0x8015;name=issue121-50160-29"
2026-09-14T18:48:26.618Z,58492,enumerated_context,0000000000000AA4,0,0.000,512,4,512,4,"owner=00000000004913DC;isWindow=0;ownerPid=0;get=1;device=0;options=0x8015;name=issue121-50160-28"
2026-09-14T18:48:26.632Z,58492,enumerated_context,0000000000000AA3,0,0.000,512,4,512,4,"owner=00000000004913DC;isWindow=0;ownerPid=0;get=1;device=0;options=0x8015;name=issue121-50160-27"
2026-09-14T18:48:26.646Z,58492,enumerated_context,0000000000000AA2,0,0.000,512,4,512,4,"owner=00000000004913DC;isWindow=0;ownerPid=0;get=1;device=0;options=0x8015;name=issue121-50160-26"
2026-09-14T18:48:26.660Z,58492,enumerated_context,0000000000000AA1,0,0.000,512,4,512,4,"owner=00000000004913DC;isWindow=0;ownerPid=0;get=1;device=0;options=0x8015;name=issue121-50160-25"
2026-09-14T18:48:26.675Z,58492,enumerated_context,0000000000000AA0,0,0.000,512,4,512,4,"owner=00000000004913DC;isWindow=0;ownerPid=0;get=1;device=0;options=0x8015;name=issue121-50160-24"
2026-09-14T18:48:26.688Z,58492,enumerated_context,0000000000000A9F,0,0.000,512,4,512,4,"owner=00000000004913DC;isWindow=0;ownerPid=0;get=1;device=0;options=0x8015;name=issue121-50160-23"
2026-09-14T18:48:26.701Z,58492,enumerated_context,0000000000000A9E,0,0.000,512,4,512,4,"owner=00000000004913DC;isWindow=0;ownerPid=0;get=1;device=0;options=0x8015;name=issue121-50160-22"
2026-09-14T18:48:26.715Z,58492,enumerated_context,0000000000000A9D,0,0.000,512,4,512,4,"owner=00000000004913DC;isWindow=0;ownerPid=0;get=1;device=0;options=0x8015;name=issue121-50160-21"
2026-09-14T18:48:26.729Z,58492,enumerated_context,0000000000000A9C,0,0.000,512,4,512,4,"owner=00000000004913DC;isWindow=0;ownerPid=0;get=1;device=0;options=0x8015;name=issue121-50160-20"
2026-09-14T18:48:26.745Z,58492,enumerated_context,0000000000000A9B,0,0.000,512,4,512,4,"owner=00000000004913DC;isWindow=0;ownerPid=0;get=1;device=0;options=0x8015;name=issue121-50160-19"
2026-09-14T18:48:26.759Z,58492,enumerated_context,0000000000000A9A,0,0.000,512,4,512,4,"owner=00000000004913DC;isWindow=0;ownerPid=0;get=1;device=0;options=0x8015;name=issue121-50160-18"
2026-09-14T18:48:26.773Z,58492,enumerated_context,0000000000000A99,0,0.000,512,4,512,4,"owner=00000000004913DC;isWindow=0;ownerPid=0;get=1;device=0;options=0x8015;name=issue121-50160-17"
2026-09-14T18:48:26.785Z,58492,enumerated_context,0000000000000A98,0,0.000,512,4,512,4,"owner=00000000004913DC;isWindow=0;ownerPid=0;get=1;device=0;options=0x8015;name=issue121-50160-16"
2026-09-14T18:48:26.801Z,58492,enumerated_context,0000000000000A97,0,0.000,512,4,512,4,"owner=00000000004913DC;isWindow=0;ownerPid=0;get=1;device=0;options=0x8015;name=issue121-50160-15"
2026-09-14T18:48:26.816Z,58492,enumerated_context,0000000000000A96,0,0.000,512,4,512,4,"owner=00000000004913DC;isWindow=0;ownerPid=0;get=1;device=0;options=0x8015;name=issue121-50160-14"
2026-09-14T18:48:26.830Z,58492,enumerated_context,0000000000000A95,0,0.000,512,4,512,4,"owner=00000000004913DC;isWindow=0;ownerPid=0;get=1;device=0;options=0x8015;name=issue121-50160-13"
2026-09-14T18:48:26.844Z,58492,enumerated_context,0000000000000A94,0,0.000,512,4,512,4,"owner=00000000004913DC;isWindow=0;ownerPid=0;get=1;device=0;options=0x8015;name=issue121-50160-12"
2026-09-14T18:48:26.858Z,58492,enumerated_context,0000000000000A93,0,0.000,512,4,512,4,"owner=00000000004913DC;isWindow=0;ownerPid=0;get=1;device=0;options=0x8015;name=issue121-50160-11"
2026-09-14T18:48:26.873Z,58492,enumerated_context,0000000000000A92,0,0.000,512,4,512,4,"owner=00000000004913DC;isWindow=0;ownerPid=0;get=1;device=0;options=0x8015;name=issue121-50160-10"
2026-09-14T18:48:26.886Z,58492,enumerated_context,0000000000000A91,0,0.000,512,4,512,4,"owner=00000000004913DC;isWindow=0;ownerPid=0;get=1;device=0;options=0x8015;name=issue121-50160-9"
2026-09-14T18:48:26.900Z,58492,enumerated_context,0000000000000A90,0,0.000,512,4,512,4,"owner=00000000004913DC;isWindow=0;ownerPid=0;get=1;device=0;options=0x8015;name=issue121-50160-8"
2026-09-14T18:48:26.914Z,58492,enumerated_context,0000000000000A8F,0,0.000,512,4,512,4,"owner=00000000004913DC;isWindow=0;ownerPid=0;get=1;device=0;options=0x8015;name=issue121-50160-7"
2026-09-14T18:48:26.926Z,58492,enumerated_context,0000000000000A8E,0,0.000,512,4,512,4,"owner=00000000004913DC;isWindow=0;ownerPid=0;get=1;device=0;options=0x8015;name=issue121-50160-6"
2026-09-14T18:48:26.940Z,58492,enumerated_context,0000000000000A8D,0,0.000,512,4,512,4,"owner=00000000004913DC;isWindow=0;ownerPid=0;get=1;device=0;options=0x8015;name=issue121-50160-5"
2026-09-14T18:48:26.955Z,58492,enumerated_context,0000000000000A8C,0,0.000,512,4,512,4,"owner=00000000004913DC;isWindow=0;ownerPid=0;get=1;device=0;options=0x8015;name=issue121-50160-4"
2026-09-14T18:48:26.968Z,58492,enumerated_context,0000000000000A8B,0,0.000,512,4,512,4,"owner=00000000004913DC;isWindow=0;ownerPid=0;get=1;device=0;options=0x8015;name=issue121-50160-3"
2026-09-14T18:48:26.981Z,58492,enumerated_context,0000000000000A8A,0,0.000,512,4,512,4,"owner=00000000004913DC;isWindow=0;ownerPid=0;get=1;device=0;options=0x8015;name=issue121-50160-2"
2026-09-14T18:48:26.996Z,58492,enumerated_context,0000000000000A89,0,0.000,512,4,512,4,"owner=00000000004913DC;isWindow=0;ownerPid=0;get=1;device=0;options=0x8015;name=issue121-50160-1"
2026-09-14T18:48:27.010Z,58492,enumerated_context,0000000000000A88,0,0.000,512,4,512,4,"owner=00000000004913DC;isWindow=0;ownerPid=0;get=1;device=0;options=0x8015;name=issue121-50160-0"
2026-09-14T18:48:27.023Z,58492,enumerated_context,0000000000000A87,0,0.000,512,4,512,4,"owner=00000000004813DC;isWindow=0;ownerPid=0;get=1;device=0;options=0x8015;name=issue121-44524-66"
2026-09-14T18:48:27.037Z,58492,enumerated_context,0000000000000A86,0,0.000,512,4,512,4,"owner=00000000004813DC;isWindow=0;ownerPid=0;get=1;device=0;options=0x8015;name=issue121-44524-65"
2026-09-14T18:48:27.050Z,58492,enumerated_context,0000000000000A85,0,0.000,512,4,512,4,"owner=00000000004813DC;isWindow=0;ownerPid=0;get=1;device=0;options=0x8015;name=issue121-44524-64"
2026-09-14T18:48:27.065Z,58492,enumerated_context,0000000000000A84,0,0.000,512,4,512,4,"owner=00000000004813DC;isWindow=0;ownerPid=0;get=1;device=0;options=0x8015;name=issue121-44524-63"
2026-09-14T18:48:27.078Z,58492,enumerated_context,0000000000000A83,0,0.000,512,4,512,4,"owner=00000000004813DC;isWindow=0;ownerPid=0;get=1;device=0;options=0x8015;name=issue121-44524-62"
2026-09-14T18:48:27.092Z,58492,enumerated_context,0000000000000A82,0,0.000,512,4,512,4,"owner=00000000004813DC;isWindow=0;ownerPid=0;get=1;device=0;options=0x8015;name=issue121-44524-61"
2026-09-14T18:48:27.106Z,58492,enumerated_context,0000000000000A81,0,0.000,512,4,512,4,"owner=00000000004813DC;isWindow=0;ownerPid=0;get=1;device=0;options=0x8015;name=issue121-44524-60"
2026-09-14T18:48:27.119Z,58492,enumerated_context,0000000000000A80,0,0.000,512,4,512,4,"owner=00000000004813DC;isWindow=0;ownerPid=0;get=1;device=0;options=0x8015;name=issue121-44524-59"
2026-09-14T18:48:27.132Z,58492,enumerated_context,0000000000000A7F,0,0.000,512,4,512,4,"owner=00000000004813DC;isWindow=0;ownerPid=0;get=1;device=0;options=0x8015;name=issue121-44524-58"
2026-09-14T18:48:27.146Z,58492,enumerated_context,0000000000000A7E,0,0.000,512,4,512,4,"owner=00000000004813DC;isWindow=0;ownerPid=0;get=1;device=0;options=0x8015;name=issue121-44524-57"
2026-09-14T18:48:27.160Z,58492,enumerated_context,0000000000000A7D,0,0.000,512,4,512,4,"owner=00000000004813DC;isWindow=0;ownerPid=0;get=1;device=0;options=0x8015;name=issue121-44524-56"
2026-09-14T18:48:27.175Z,58492,enumerated_context,0000000000000A7C,0,0.000,512,4,512,4,"owner=00000000004813DC;isWindow=0;ownerPid=0;get=1;device=0;options=0x8015;name=issue121-44524-55"
2026-09-14T18:48:27.188Z,58492,enumerated_context,0000000000000A7B,0,0.000,512,4,512,4,"owner=00000000004813DC;isWindow=0;ownerPid=0;get=1;device=0;options=0x8015;name=issue121-44524-54"
2026-09-14T18:48:27.203Z,58492,enumerated_context,0000000000000A7A,0,0.000,512,4,512,4,"owner=00000000004813DC;isWindow=0;ownerPid=0;get=1;device=0;options=0x8015;name=issue121-44524-53"
2026-09-14T18:48:27.215Z,58492,enumerated_context,0000000000000A79,0,0.000,512,4,512,4,"owner=00000000004813DC;isWindow=0;ownerPid=0;get=1;device=0;options=0x8015;name=issue121-44524-52"
2026-09-14T18:48:27.231Z,58492,enumerated_context,0000000000000A78,0,0.000,512,4,512,4,"owner=00000000004813DC;isWindow=0;ownerPid=0;get=1;device=0;options=0x8015;name=issue121-44524-51"
2026-09-14T18:48:27.246Z,58492,enumerated_context,0000000000000A77,0,0.000,512,4,512,4,"owner=00000000004813DC;isWindow=0;ownerPid=0;get=1;device=0;options=0x8015;name=issue121-44524-50"
2026-09-14T18:48:27.260Z,58492,enumerated_context,0000000000000A76,0,0.000,512,4,512,4,"owner=00000000004813DC;isWindow=0;ownerPid=0;get=1;device=0;options=0x8015;name=issue121-44524-49"
2026-09-14T18:48:27.273Z,58492,enumerated_context,0000000000000A75,0,0.000,512,4,512,4,"owner=00000000004813DC;isWindow=0;ownerPid=0;get=1;device=0;options=0x8015;name=issue121-44524-48"
2026-09-14T18:48:27.286Z,58492,enumerated_context,0000000000000A74,0,0.000,512,4,512,4,"owner=00000000004813DC;isWindow=0;ownerPid=0;get=1;device=0;options=0x8015;name=issue121-44524-47"
2026-09-14T18:48:27.299Z,58492,enumerated_context,0000000000000A73,0,0.000,512,4,512,4,"owner=00000000004813DC;isWindow=0;ownerPid=0;get=1;device=0;options=0x8015;name=issue121-44524-46"
2026-09-14T18:48:27.313Z,58492,enumerated_context,0000000000000A72,0,0.000,512,4,512,4,"owner=00000000004813DC;isWindow=0;ownerPid=0;get=1;device=0;options=0x8015;name=issue121-44524-45"
2026-09-14T18:48:27.325Z,58492,enumerated_context,0000000000000A71,0,0.000,512,4,512,4,"owner=00000000004813DC;isWindow=0;ownerPid=0;get=1;device=0;options=0x8015;name=issue121-44524-44"
2026-09-14T18:48:27.340Z,58492,enumerated_context,0000000000000A70,0,0.000,512,4,512,4,"owner=00000000004813DC;isWindow=0;ownerPid=0;get=1;device=0;options=0x8015;name=issue121-44524-43"
2026-09-14T18:48:27.353Z,58492,enumerated_context,0000000000000A6F,0,0.000,512,4,512,4,"owner=00000000004813DC;isWindow=0;ownerPid=0;get=1;device=0;options=0x8015;name=issue121-44524-42"
2026-09-14T18:48:27.365Z,58492,enumerated_context,0000000000000A6E,0,0.000,512,4,512,4,"owner=00000000004813DC;isWindow=0;ownerPid=0;get=1;device=0;options=0x8015;name=issue121-44524-41"
2026-09-14T18:48:27.378Z,58492,enumerated_context,0000000000000A6D,0,0.000,512,4,512,4,"owner=00000000004813DC;isWindow=0;ownerPid=0;get=1;device=0;options=0x8015;name=issue121-44524-40"
2026-09-14T18:48:27.393Z,58492,enumerated_context,0000000000000A6C,0,0.000,512,4,512,4,"owner=00000000004813DC;isWindow=0;ownerPid=0;get=1;device=0;options=0x8015;name=issue121-44524-39"
2026-09-14T18:48:27.407Z,58492,enumerated_context,0000000000000A6B,0,0.000,512,4,512,4,"owner=00000000004813DC;isWindow=0;ownerPid=0;get=1;device=0;options=0x8015;name=issue121-44524-38"
2026-09-14T18:48:27.421Z,58492,enumerated_context,0000000000000A6A,0,0.000,512,4,512,4,"owner=00000000004813DC;isWindow=0;ownerPid=0;get=1;device=0;options=0x8015;name=issue121-44524-37"
2026-09-14T18:48:27.437Z,58492,enumerated_context,0000000000000A69,0,0.000,512,4,512,4,"owner=00000000004813DC;isWindow=0;ownerPid=0;get=1;device=0;options=0x8015;name=issue121-44524-36"
2026-09-14T18:48:27.452Z,58492,enumerated_context,0000000000000A68,0,0.000,512,4,512,4,"owner=00000000004813DC;isWindow=0;ownerPid=0;get=1;device=0;options=0x8015;name=issue121-44524-35"
2026-09-14T18:48:27.466Z,58492,enumerated_context,0000000000000A67,0,0.000,512,4,512,4,"owner=00000000004813DC;isWindow=0;ownerPid=0;get=1;device=0;options=0x8015;name=issue121-44524-34"
2026-09-14T18:48:27.481Z,58492,enumerated_context,0000000000000A66,0,0.000,512,4,512,4,"owner=00000000004813DC;isWindow=0;ownerPid=0;get=1;device=0;options=0x8015;name=issue121-44524-33"
2026-09-14T18:48:27.497Z,58492,enumerated_context,0000000000000A65,0,0.000,512,4,512,4,"owner=00000000004813DC;isWindow=0;ownerPid=0;get=1;device=0;options=0x8015;name=issue121-44524-32"
2026-09-14T18:48:27.513Z,58492,enumerated_context,0000000000000A64,0,0.000,512,4,512,4,"owner=00000000004813DC;isWindow=0;ownerPid=0;get=1;device=0;options=0x8015;name=issue121-44524-31"
2026-09-14T18:48:27.528Z,58492,enumerated_context,0000000000000A63,0,0.000,512,4,512,4,"owner=00000000004813DC;isWindow=0;ownerPid=0;get=1;device=0;options=0x8015;name=issue121-44524-30"
2026-09-14T18:48:27.541Z,58492,enumerated_context,0000000000000A62,0,0.000,512,4,512,4,"owner=00000000004813DC;isWindow=0;ownerPid=0;get=1;device=0;options=0x8015;name=issue121-44524-29"
2026-09-14T18:48:27.555Z,58492,enumerated_context,0000000000000A61,0,0.000,512,4,512,4,"owner=00000000004813DC;isWindow=0;ownerPid=0;get=1;device=0;options=0x8015;name=issue121-44524-28"
2026-09-14T18:48:27.566Z,58492,enumerated_context,0000000000000A60,0,0.000,512,4,512,4,"owner=00000000004813DC;isWindow=0;ownerPid=0;get=1;device=0;options=0x8015;name=issue121-44524-27"
2026-09-14T18:48:27.580Z,58492,enumerated_context,0000000000000A5F,0,0.000,512,4,512,4,"owner=00000000004813DC;isWindow=0;ownerPid=0;get=1;device=0;options=0x8015;name=issue121-44524-26"
2026-09-14T18:48:27.593Z,58492,enumerated_context,0000000000000A5E,0,0.000,512,4,512,4,"owner=00000000004813DC;isWindow=0;ownerPid=0;get=1;device=0;options=0x8015;name=issue121-44524-25"
2026-09-14T18:48:27.609Z,58492,enumerated_context,0000000000000A5D,0,0.000,512,4,512,4,"owner=00000000004813DC;isWindow=0;ownerPid=0;get=1;device=0;options=0x8015;name=issue121-44524-24"
2026-09-14T18:48:27.622Z,58492,enumerated_context,0000000000000A5C,0,0.000,512,4,512,4,"owner=00000000004813DC;isWindow=0;ownerPid=0;get=1;device=0;options=0x8015;name=issue121-44524-23"
2026-09-14T18:48:27.635Z,58492,enumerated_context,0000000000000A5B,0,0.000,512,4,512,4,"owner=00000000004813DC;isWindow=0;ownerPid=0;get=1;device=0;options=0x8015;name=issue121-44524-22"
2026-09-14T18:48:27.650Z,58492,enumerated_context,0000000000000A5A,0,0.000,512,4,512,4,"owner=00000000004813DC;isWindow=0;ownerPid=0;get=1;device=0;options=0x8015;name=issue121-44524-21"
2026-09-14T18:48:27.665Z,58492,enumerated_context,0000000000000A59,0,0.000,512,4,512,4,"owner=00000000004813DC;isWindow=0;ownerPid=0;get=1;device=0;options=0x8015;name=issue121-44524-20"
2026-09-14T18:48:27.678Z,58492,enumerated_context,0000000000000A58,0,0.000,512,4,512,4,"owner=00000000004813DC;isWindow=0;ownerPid=0;get=1;device=0;options=0x8015;name=issue121-44524-19"
2026-09-14T18:48:27.693Z,58492,enumerated_context,0000000000000A57,0,0.000,512,4,512,4,"owner=00000000004813DC;isWindow=0;ownerPid=0;get=1;device=0;options=0x8015;name=issue121-44524-18"
2026-09-14T18:48:27.707Z,58492,enumerated_context,0000000000000A56,0,0.000,512,4,512,4,"owner=00000000004813DC;isWindow=0;ownerPid=0;get=1;device=0;options=0x8015;name=issue121-44524-17"
2026-09-14T18:48:27.723Z,58492,enumerated_context,0000000000000A55,0,0.000,512,4,512,4,"owner=00000000004813DC;isWindow=0;ownerPid=0;get=1;device=0;options=0x8015;name=issue121-44524-16"
2026-09-14T18:48:27.740Z,58492,enumerated_context,0000000000000A54,0,0.000,512,4,512,4,"owner=00000000004813DC;isWindow=0;ownerPid=0;get=1;device=0;options=0x8015;name=issue121-44524-15"
2026-09-14T18:48:27.757Z,58492,enumerated_context,0000000000000A53,0,0.000,512,4,512,4,"owner=00000000004813DC;isWindow=0;ownerPid=0;get=1;device=0;options=0x8015;name=issue121-44524-14"
2026-09-14T18:48:27.771Z,58492,enumerated_context,0000000000000A52,0,0.000,512,4,512,4,"owner=00000000004813DC;isWindow=0;ownerPid=0;get=1;device=0;options=0x8015;name=issue121-44524-13"
2026-09-14T18:48:27.786Z,58492,enumerated_context,0000000000000A51,0,0.000,512,4,512,4,"owner=00000000004813DC;isWindow=0;ownerPid=0;get=1;device=0;options=0x8015;name=issue121-44524-12"
2026-09-14T18:48:27.800Z,58492,enumerated_context,0000000000000A50,0,0.000,512,4,512,4,"owner=00000000004813DC;isWindow=0;ownerPid=0;get=1;device=0;options=0x8015;name=issue121-44524-11"
2026-09-14T18:48:27.816Z,58492,enumerated_context,0000000000000A4F,0,0.000,512,4,512,4,"owner=00000000004813DC;isWindow=0;ownerPid=0;get=1;device=0;options=0x8015;name=issue121-44524-10"
2026-09-14T18:48:27.831Z,58492,enumerated_context,0000000000000A4E,0,0.000,512,4,512,4,"owner=00000000004813DC;isWindow=0;ownerPid=0;get=1;device=0;options=0x8015;name=issue121-44524-9"
2026-09-14T18:48:27.845Z,58492,enumerated_context,0000000000000A4D,0,0.000,512,4,512,4,"owner=00000000004813DC;isWindow=0;ownerPid=0;get=1;device=0;options=0x8015;name=issue121-44524-8"
2026-09-14T18:48:27.860Z,58492,enumerated_context,0000000000000A4C,0,0.000,512,4,512,4,"owner=00000000004813DC;isWindow=0;ownerPid=0;get=1;device=0;options=0x8015;name=issue121-44524-7"
2026-09-14T18:48:27.875Z,58492,enumerated_context,0000000000000A4B,0,0.000,512,4,512,4,"owner=00000000004813DC;isWindow=0;ownerPid=0;get=1;device=0;options=0x8015;name=issue121-44524-6"
2026-09-14T18:48:27.889Z,58492,enumerated_context,0000000000000A4A,0,0.000,512,4,512,4,"owner=00000000004813DC;isWindow=0;ownerPid=0;get=1;device=0;options=0x8015;name=issue121-44524-5"
2026-09-14T18:48:27.904Z,58492,enumerated_context,0000000000000A49,0,0.000,512,4,512,4,"owner=00000000004813DC;isWindow=0;ownerPid=0;get=1;device=0;options=0x8015;name=issue121-44524-4"
2026-09-14T18:48:27.918Z,58492,enumerated_context,0000000000000A48,0,0.000,512,4,512,4,"owner=00000000004813DC;isWindow=0;ownerPid=0;get=1;device=0;options=0x8015;name=issue121-44524-3"
2026-09-14T18:48:27.931Z,58492,enumerated_context,0000000000000A47,0,0.000,512,4,512,4,"owner=00000000004813DC;isWindow=0;ownerPid=0;get=1;device=0;options=0x8015;name=issue121-44524-2"
2026-09-14T18:48:27.945Z,58492,enumerated_context,0000000000000A46,0,0.000,512,4,512,4,"owner=00000000004813DC;isWindow=0;ownerPid=0;get=1;device=0;options=0x8015;name=issue121-44524-1"
2026-09-14T18:48:27.959Z,58492,enumerated_context,0000000000000A45,0,0.000,512,4,512,4,"owner=00000000004813DC;isWindow=0;ownerPid=0;get=1;device=0;options=0x8015;name=issue121-44524-0"
2026-09-14T18:48:27.974Z,58492,enumerated_context,0000000000000A44,0,0.000,512,4,512,4,"owner=00000000004713DC;isWindow=0;ownerPid=0;get=1;device=0;options=0x8015;name=issue121-33960-66"
2026-09-14T18:48:27.987Z,58492,enumerated_context,0000000000000A43,0,0.000,512,4,512,4,"owner=00000000004713DC;isWindow=0;ownerPid=0;get=1;device=0;options=0x8015;name=issue121-33960-65"
2026-09-14T18:48:28.000Z,58492,enumerated_context,0000000000000A42,0,0.000,512,4,512,4,"owner=00000000004713DC;isWindow=0;ownerPid=0;get=1;device=0;options=0x8015;name=issue121-33960-64"
2026-09-14T18:48:28.014Z,58492,enumerated_context,0000000000000A41,0,0.000,512,4,512,4,"owner=00000000004713DC;isWindow=0;ownerPid=0;get=1;device=0;options=0x8015;name=issue121-33960-63"
2026-09-14T18:48:28.027Z,58492,enumerated_context,0000000000000A40,0,0.000,512,4,512,4,"owner=00000000004713DC;isWindow=0;ownerPid=0;get=1;device=0;options=0x8015;name=issue121-33960-62"
2026-09-14T18:48:28.041Z,58492,enumerated_context,0000000000000A3F,0,0.000,512,4,512,4,"owner=00000000004713DC;isWindow=0;ownerPid=0;get=1;device=0;options=0x8015;name=issue121-33960-61"
2026-09-14T18:48:28.055Z,58492,enumerated_context,0000000000000A3E,0,0.000,512,4,512,4,"owner=00000000004713DC;isWindow=0;ownerPid=0;get=1;device=0;options=0x8015;name=issue121-33960-60"
2026-09-14T18:48:28.067Z,58492,enumerated_context,0000000000000A3D,0,0.000,512,4,512,4,"owner=00000000004713DC;isWindow=0;ownerPid=0;get=1;device=0;options=0x8015;name=issue121-33960-59"
2026-09-14T18:48:28.080Z,58492,enumerated_context,0000000000000A3C,0,0.000,512,4,512,4,"owner=00000000004713DC;isWindow=0;ownerPid=0;get=1;device=0;options=0x8015;name=issue121-33960-58"
2026-09-14T18:48:28.094Z,58492,enumerated_context,0000000000000A3B,0,0.000,512,4,512,4,"owner=00000000004713DC;isWindow=0;ownerPid=0;get=1;device=0;options=0x8015;name=issue121-33960-57"
2026-09-14T18:48:28.108Z,58492,enumerated_context,0000000000000A3A,0,0.000,512,4,512,4,"owner=00000000004713DC;isWindow=0;ownerPid=0;get=1;device=0;options=0x8015;name=issue121-33960-56"
2026-09-14T18:48:28.121Z,58492,enumerated_context,0000000000000A39,0,0.000,512,4,512,4,"owner=00000000004713DC;isWindow=0;ownerPid=0;get=1;device=0;options=0x8015;name=issue121-33960-55"
2026-09-14T18:48:28.133Z,58492,enumerated_context,0000000000000A38,0,0.000,512,4,512,4,"owner=00000000004713DC;isWindow=0;ownerPid=0;get=1;device=0;options=0x8015;name=issue121-33960-54"
2026-09-14T18:48:28.147Z,58492,enumerated_context,0000000000000A37,0,0.000,512,4,512,4,"owner=00000000004713DC;isWindow=0;ownerPid=0;get=1;device=0;options=0x8015;name=issue121-33960-53"
2026-09-14T18:48:28.160Z,58492,enumerated_context,0000000000000A36,0,0.000,512,4,512,4,"owner=00000000004713DC;isWindow=0;ownerPid=0;get=1;device=0;options=0x8015;name=issue121-33960-52"
2026-09-14T18:48:28.175Z,58492,enumerated_context,0000000000000A35,0,0.000,512,4,512,4,"owner=00000000004713DC;isWindow=0;ownerPid=0;get=1;device=0;options=0x8015;name=issue121-33960-51"
2026-09-14T18:48:28.190Z,58492,enumerated_context,0000000000000A34,0,0.000,512,4,512,4,"owner=00000000004713DC;isWindow=0;ownerPid=0;get=1;device=0;options=0x8015;name=issue121-33960-50"
2026-09-14T18:48:28.203Z,58492,enumerated_context,0000000000000A33,0,0.000,512,4,512,4,"owner=00000000004713DC;isWindow=0;ownerPid=0;get=1;device=0;options=0x8015;name=issue121-33960-49"
2026-09-14T18:48:28.216Z,58492,enumerated_context,0000000000000A32,0,0.000,512,4,512,4,"owner=00000000004713DC;isWindow=0;ownerPid=0;get=1;device=0;options=0x8015;name=issue121-33960-48"
2026-09-14T18:48:28.231Z,58492,enumerated_context,0000000000000A31,0,0.000,512,4,512,4,"owner=00000000004713DC;isWindow=0;ownerPid=0;get=1;device=0;options=0x8015;name=issue121-33960-47"
2026-09-14T18:48:28.247Z,58492,enumerated_context,0000000000000A30,0,0.000,512,4,512,4,"owner=00000000004713DC;isWindow=0;ownerPid=0;get=1;device=0;options=0x8015;name=issue121-33960-46"
2026-09-14T18:48:28.260Z,58492,enumerated_context,0000000000000A2F,0,0.000,512,4,512,4,"owner=00000000004713DC;isWindow=0;ownerPid=0;get=1;device=0;options=0x8015;name=issue121-33960-45"
2026-09-14T18:48:28.273Z,58492,enumerated_context,0000000000000A2E,0,0.000,512,4,512,4,"owner=00000000004713DC;isWindow=0;ownerPid=0;get=1;device=0;options=0x8015;name=issue121-33960-44"
2026-09-14T18:48:28.287Z,58492,enumerated_context,0000000000000A2D,0,0.000,512,4,512,4,"owner=00000000004713DC;isWindow=0;ownerPid=0;get=1;device=0;options=0x8015;name=issue121-33960-43"
2026-09-14T18:48:28.300Z,58492,enumerated_context,0000000000000A2C,0,0.000,512,4,512,4,"owner=00000000004713DC;isWindow=0;ownerPid=0;get=1;device=0;options=0x8015;name=issue121-33960-42"
2026-09-14T18:48:28.313Z,58492,enumerated_context,0000000000000A2B,0,0.000,512,4,512,4,"owner=00000000004713DC;isWindow=0;ownerPid=0;get=1;device=0;options=0x8015;name=issue121-33960-41"
2026-09-14T18:48:28.328Z,58492,enumerated_context,0000000000000A2A,0,0.000,512,4,512,4,"owner=00000000004713DC;isWindow=0;ownerPid=0;get=1;device=0;options=0x8015;name=issue121-33960-40"
2026-09-14T18:48:28.343Z,58492,enumerated_context,0000000000000A29,0,0.000,512,4,512,4,"owner=00000000004713DC;isWindow=0;ownerPid=0;get=1;device=0;options=0x8015;name=issue121-33960-39"
2026-09-14T18:48:28.356Z,58492,enumerated_context,0000000000000A28,0,0.000,512,4,512,4,"owner=00000000004713DC;isWindow=0;ownerPid=0;get=1;device=0;options=0x8015;name=issue121-33960-38"
2026-09-14T18:48:28.369Z,58492,enumerated_context,0000000000000A27,0,0.000,512,4,512,4,"owner=00000000004713DC;isWindow=0;ownerPid=0;get=1;device=0;options=0x8015;name=issue121-33960-37"
2026-09-14T18:48:28.383Z,58492,enumerated_context,0000000000000A26,0,0.000,512,4,512,4,"owner=00000000004713DC;isWindow=0;ownerPid=0;get=1;device=0;options=0x8015;name=issue121-33960-36"
2026-09-14T18:48:28.397Z,58492,enumerated_context,0000000000000A25,0,0.000,512,4,512,4,"owner=00000000004713DC;isWindow=0;ownerPid=0;get=1;device=0;options=0x8015;name=issue121-33960-35"
2026-09-14T18:48:28.412Z,58492,enumerated_context,0000000000000A24,0,0.000,512,4,512,4,"owner=00000000004713DC;isWindow=0;ownerPid=0;get=1;device=0;options=0x8015;name=issue121-33960-34"
2026-09-14T18:48:28.426Z,58492,enumerated_context,0000000000000A23,0,0.000,512,4,512,4,"owner=00000000004713DC;isWindow=0;ownerPid=0;get=1;device=0;options=0x8015;name=issue121-33960-33"
2026-09-14T18:48:28.438Z,58492,enumerated_context,0000000000000A22,0,0.000,512,4,512,4,"owner=00000000004713DC;isWindow=0;ownerPid=0;get=1;device=0;options=0x8015;name=issue121-33960-32"
2026-09-14T18:48:28.453Z,58492,enumerated_context,0000000000000A21,0,0.000,512,4,512,4,"owner=00000000004713DC;isWindow=0;ownerPid=0;get=1;device=0;options=0x8015;name=issue121-33960-31"
2026-09-14T18:48:28.466Z,58492,enumerated_context,0000000000000A20,0,0.000,512,4,512,4,"owner=00000000004713DC;isWindow=0;ownerPid=0;get=1;device=0;options=0x8015;name=issue121-33960-30"
2026-09-14T18:48:28.480Z,58492,enumerated_context,0000000000000A1F,0,0.000,512,4,512,4,"owner=00000000004713DC;isWindow=0;ownerPid=0;get=1;device=0;options=0x8015;name=issue121-33960-29"
2026-09-14T18:48:28.494Z,58492,enumerated_context,0000000000000A1E,0,0.000,512,4,512,4,"owner=00000000004713DC;isWindow=0;ownerPid=0;get=1;device=0;options=0x8015;name=issue121-33960-28"
2026-09-14T18:48:28.508Z,58492,enumerated_context,0000000000000A1D,0,0.000,512,4,512,4,"owner=00000000004713DC;isWindow=0;ownerPid=0;get=1;device=0;options=0x8015;name=issue121-33960-27"
2026-09-14T18:48:28.523Z,58492,enumerated_context,0000000000000A1C,0,0.000,512,4,512,4,"owner=00000000004713DC;isWindow=0;ownerPid=0;get=1;device=0;options=0x8015;name=issue121-33960-26"
2026-09-14T18:48:28.537Z,58492,enumerated_context,0000000000000A1B,0,0.000,512,4,512,4,"owner=00000000004713DC;isWindow=0;ownerPid=0;get=1;device=0;options=0x8015;name=issue121-33960-25"
2026-09-14T18:48:28.550Z,58492,enumerated_context,0000000000000A1A,0,0.000,512,4,512,4,"owner=00000000004713DC;isWindow=0;ownerPid=0;get=1;device=0;options=0x8015;name=issue121-33960-24"
2026-09-14T18:48:28.563Z,58492,enumerated_context,0000000000000A19,0,0.000,512,4,512,4,"owner=00000000004713DC;isWindow=0;ownerPid=0;get=1;device=0;options=0x8015;name=issue121-33960-23"
2026-09-14T18:48:28.577Z,58492,enumerated_context,0000000000000A18,0,0.000,512,4,512,4,"owner=00000000004713DC;isWindow=0;ownerPid=0;get=1;device=0;options=0x8015;name=issue121-33960-22"
2026-09-14T18:48:28.591Z,58492,enumerated_context,0000000000000A17,0,0.000,512,4,512,4,"owner=00000000004713DC;isWindow=0;ownerPid=0;get=1;device=0;options=0x8015;name=issue121-33960-21"
2026-09-14T18:48:28.605Z,58492,enumerated_context,0000000000000A16,0,0.000,512,4,512,4,"owner=00000000004713DC;isWindow=0;ownerPid=0;get=1;device=0;options=0x8015;name=issue121-33960-20"
2026-09-14T18:48:28.617Z,58492,enumerated_context,0000000000000A15,0,0.000,512,4,512,4,"owner=00000000004713DC;isWindow=0;ownerPid=0;get=1;device=0;options=0x8015;name=issue121-33960-19"
2026-09-14T18:48:28.631Z,58492,enumerated_context,0000000000000A14,0,0.000,512,4,512,4,"owner=00000000004713DC;isWindow=0;ownerPid=0;get=1;device=0;options=0x8015;name=issue121-33960-18"
2026-09-14T18:48:28.644Z,58492,enumerated_context,0000000000000A13,0,0.000,512,4,512,4,"owner=00000000004713DC;isWindow=0;ownerPid=0;get=1;device=0;options=0x8015;name=issue121-33960-17"
2026-09-14T18:48:28.659Z,58492,enumerated_context,0000000000000A12,0,0.000,512,4,512,4,"owner=00000000004713DC;isWindow=0;ownerPid=0;get=1;device=0;options=0x8015;name=issue121-33960-16"
2026-09-14T18:48:28.671Z,58492,enumerated_context,0000000000000A11,0,0.000,512,4,512,4,"owner=00000000004713DC;isWindow=0;ownerPid=0;get=1;device=0;options=0x8015;name=issue121-33960-15"
2026-09-14T18:48:28.683Z,58492,enumerated_context,0000000000000A10,0,0.000,512,4,512,4,"owner=00000000004713DC;isWindow=0;ownerPid=0;get=1;device=0;options=0x8015;name=issue121-33960-14"
2026-09-14T18:48:28.696Z,58492,enumerated_context,0000000000000A0F,0,0.000,512,4,512,4,"owner=00000000004713DC;isWindow=0;ownerPid=0;get=1;device=0;options=0x8015;name=issue121-33960-13"
2026-09-14T18:48:28.711Z,58492,enumerated_context,0000000000000A0E,0,0.000,512,4,512,4,"owner=00000000004713DC;isWindow=0;ownerPid=0;get=1;device=0;options=0x8015;name=issue121-33960-12"
2026-09-14T18:48:28.725Z,58492,enumerated_context,0000000000000A0D,0,0.000,512,4,512,4,"owner=00000000004713DC;isWindow=0;ownerPid=0;get=1;device=0;options=0x8015;name=issue121-33960-11"
2026-09-14T18:48:28.740Z,58492,enumerated_context,0000000000000A0C,0,0.000,512,4,512,4,"owner=00000000004713DC;isWindow=0;ownerPid=0;get=1;device=0;options=0x8015;name=issue121-33960-10"
2026-09-14T18:48:28.754Z,58492,enumerated_context,0000000000000A0B,0,0.000,512,4,512,4,"owner=00000000004713DC;isWindow=0;ownerPid=0;get=1;device=0;options=0x8015;name=issue121-33960-9"
2026-09-14T18:48:28.766Z,58492,enumerated_context,0000000000000A0A,0,0.000,512,4,512,4,"owner=00000000004713DC;isWindow=0;ownerPid=0;get=1;device=0;options=0x8015;name=issue121-33960-8"
2026-09-14T18:48:28.781Z,58492,enumerated_context,0000000000000A09,0,0.000,512,4,512,4,"owner=00000000004713DC;isWindow=0;ownerPid=0;get=1;device=0;options=0x8015;name=issue121-33960-7"
2026-09-14T18:48:28.796Z,58492,enumerated_context,0000000000000A08,0,0.000,512,4,512,4,"owner=00000000004713DC;isWindow=0;ownerPid=0;get=1;device=0;options=0x8015;name=issue121-33960-6"
2026-09-14T18:48:28.810Z,58492,enumerated_context,0000000000000A07,0,0.000,512,4,512,4,"owner=00000000004713DC;isWindow=0;ownerPid=0;get=1;device=0;options=0x8015;name=issue121-33960-5"
2026-09-14T18:48:28.823Z,58492,enumerated_context,0000000000000A06,0,0.000,512,4,512,4,"owner=00000000004713DC;isWindow=0;ownerPid=0;get=1;device=0;options=0x8015;name=issue121-33960-4"
2026-09-14T18:48:28.836Z,58492,enumerated_context,0000000000000A05,0,0.000,512,4,512,4,"owner=00000000004713DC;isWindow=0;ownerPid=0;get=1;device=0;options=0x8015;name=issue121-33960-3"
2026-09-14T18:48:28.850Z,58492,enumerated_context,0000000000000A04,0,0.000,512,4,512,4,"owner=00000000004713DC;isWindow=0;ownerPid=0;get=1;device=0;options=0x8015;name=issue121-33960-2"
2026-09-14T18:48:28.863Z,58492,enumerated_context,0000000000000A03,0,0.000,512,4,512,4,"owner=00000000004713DC;isWindow=0;ownerPid=0;get=1;device=0;options=0x8015;name=issue121-33960-1"
2026-09-14T18:48:28.877Z,58492,enumerated_context,0000000000000A02,0,0.000,512,4,512,4,"owner=00000000004713DC;isWindow=0;ownerPid=0;get=1;device=0;options=0x8015;name=issue121-33960-0"
2026-09-14T18:48:28.890Z,58492,enumerated_context,00000000000012FF,18900,0.000,512,4,512,4,"owner=0000000000A10F6E;isWindow=1;ownerPid=18900;get=1;device=1;options=0x8015;name=issue121-18900-52"
2026-09-14T18:48:28.905Z,58492,enumerated_context,00000000000012FE,18900,0.000,512,4,512,4,"owner=0000000000A10F6E;isWindow=1;ownerPid=18900;get=1;device=1;options=0x8015;name=issue121-18900-51"
2026-09-14T18:48:28.920Z,58492,enumerated_context,00000000000012FD,18900,0.000,512,4,512,4,"owner=0000000000A10F6E;isWindow=1;ownerPid=18900;get=1;device=1;options=0x8015;name=issue121-18900-50"
2026-09-14T18:48:28.933Z,58492,enumerated_context,00000000000012FC,18900,0.000,512,4,512,4,"owner=0000000000A10F6E;isWindow=1;ownerPid=18900;get=1;device=1;options=0x8015;name=issue121-18900-49"
2026-09-14T18:48:28.949Z,58492,enumerated_context,00000000000012FB,18900,0.000,512,4,512,4,"owner=0000000000A10F6E;isWindow=1;ownerPid=18900;get=1;device=1;options=0x8015;name=issue121-18900-48"
2026-09-14T18:48:28.965Z,58492,enumerated_context,00000000000012FA,18900,0.000,512,4,512,4,"owner=0000000000A10F6E;isWindow=1;ownerPid=18900;get=1;device=1;options=0x8015;name=issue121-18900-47"
2026-09-14T18:48:28.981Z,58492,enumerated_context,00000000000012F9,18900,0.000,512,4,512,4,"owner=0000000000A10F6E;isWindow=1;ownerPid=18900;get=1;device=1;options=0x8015;name=issue121-18900-46"
2026-09-14T18:48:28.997Z,58492,enumerated_context,00000000000012F8,18900,0.000,512,4,512,4,"owner=0000000000A10F6E;isWindow=1;ownerPid=18900;get=1;device=1;options=0x8015;name=issue121-18900-45"
2026-09-14T18:48:29.012Z,58492,enumerated_context,00000000000012F7,18900,0.000,512,4,512,4,"owner=0000000000A10F6E;isWindow=1;ownerPid=18900;get=1;device=1;options=0x8015;name=issue121-18900-44"
2026-09-14T18:48:29.026Z,58492,enumerated_context,00000000000012F6,18900,0.000,512,4,512,4,"owner=0000000000A10F6E;isWindow=1;ownerPid=18900;get=1;device=1;options=0x8015;name=issue121-18900-43"
2026-09-14T18:48:29.038Z,58492,enumerated_context,00000000000012F5,18900,0.000,512,4,512,4,"owner=0000000000A10F6E;isWindow=1;ownerPid=18900;get=1;device=1;options=0x8015;name=issue121-18900-42"
2026-09-14T18:48:29.051Z,58492,enumerated_context,00000000000012F4,18900,0.000,512,4,512,4,"owner=0000000000A10F6E;isWindow=1;ownerPid=18900;get=1;device=1;options=0x8015;name=issue121-18900-41"
2026-09-14T18:48:29.063Z,58492,enumerated_context,00000000000012F3,18900,0.000,512,4,512,4,"owner=0000000000A10F6E;isWindow=1;ownerPid=18900;get=1;device=1;options=0x8015;name=issue121-18900-40"
2026-09-14T18:48:29.076Z,58492,enumerated_context,00000000000012F2,18900,0.000,512,4,512,4,"owner=0000000000A10F6E;isWindow=1;ownerPid=18900;get=1;device=1;options=0x8015;name=issue121-18900-39"
2026-09-14T18:48:29.091Z,58492,enumerated_context,00000000000012F1,18900,0.000,512,4,512,4,"owner=0000000000A10F6E;isWindow=1;ownerPid=18900;get=1;device=1;options=0x8015;name=issue121-18900-38"
2026-09-14T18:48:29.105Z,58492,enumerated_context,00000000000012F0,18900,0.000,512,4,512,4,"owner=0000000000A10F6E;isWindow=1;ownerPid=18900;get=1;device=1;options=0x8015;name=issue121-18900-37"
2026-09-14T18:48:29.120Z,58492,enumerated_context,00000000000012EF,18900,0.000,512,4,512,4,"owner=0000000000A10F6E;isWindow=1;ownerPid=18900;get=1;device=1;options=0x8015;name=issue121-18900-36"
2026-09-14T18:48:29.133Z,58492,enumerated_context,00000000000012EE,18900,0.000,512,4,512,4,"owner=0000000000A10F6E;isWindow=1;ownerPid=18900;get=1;device=1;options=0x8015;name=issue121-18900-35"
2026-09-14T18:48:29.149Z,58492,enumerated_context,00000000000012ED,18900,0.000,512,4,512,4,"owner=0000000000A10F6E;isWindow=1;ownerPid=18900;get=1;device=1;options=0x8015;name=issue121-18900-34"
2026-09-14T18:48:29.163Z,58492,enumerated_context,00000000000012EC,18900,0.000,512,4,512,4,"owner=0000000000A10F6E;isWindow=1;ownerPid=18900;get=1;device=1;options=0x8015;name=issue121-18900-33"
2026-09-14T18:48:29.179Z,58492,enumerated_context,00000000000012EB,18900,0.000,512,4,512,4,"owner=0000000000A10F6E;isWindow=1;ownerPid=18900;get=1;device=1;options=0x8015;name=issue121-18900-32"
2026-09-14T18:48:29.194Z,58492,enumerated_context,00000000000012EA,18900,0.000,512,4,512,4,"owner=0000000000A10F6E;isWindow=1;ownerPid=18900;get=1;device=1;options=0x8015;name=issue121-18900-31"
2026-09-14T18:48:29.211Z,58492,enumerated_context,00000000000012E9,18900,0.000,512,4,512,4,"owner=0000000000A10F6E;isWindow=1;ownerPid=18900;get=1;device=1;options=0x8015;name=issue121-18900-30"
2026-09-14T18:48:29.224Z,58492,enumerated_context,00000000000012E8,18900,0.000,512,4,512,4,"owner=0000000000A10F6E;isWindow=1;ownerPid=18900;get=1;device=1;options=0x8015;name=issue121-18900-29"
2026-09-14T18:48:29.241Z,58492,enumerated_context,00000000000012E7,18900,0.000,512,4,512,4,"owner=0000000000A10F6E;isWindow=1;ownerPid=18900;get=1;device=1;options=0x8015;name=issue121-18900-28"
2026-09-14T18:48:29.257Z,58492,enumerated_context,00000000000012E6,18900,0.000,512,4,512,4,"owner=0000000000A10F6E;isWindow=1;ownerPid=18900;get=1;device=1;options=0x8015;name=issue121-18900-27"
2026-09-14T18:48:29.272Z,58492,enumerated_context,00000000000012E5,18900,0.000,512,4,512,4,"owner=0000000000A10F6E;isWindow=1;ownerPid=18900;get=1;device=1;options=0x8015;name=issue121-18900-26"
2026-09-14T18:48:29.286Z,58492,enumerated_context,00000000000012E4,18900,0.000,512,4,512,4,"owner=0000000000A10F6E;isWindow=1;ownerPid=18900;get=1;device=1;options=0x8015;name=issue121-18900-25"
2026-09-14T18:48:29.299Z,58492,enumerated_context,00000000000012E3,18900,0.000,512,4,512,4,"owner=0000000000A10F6E;isWindow=1;ownerPid=18900;get=1;device=1;options=0x8015;name=issue121-18900-24"
2026-09-14T18:48:29.313Z,58492,enumerated_context,00000000000012E2,18900,0.000,512,4,512,4,"owner=0000000000A10F6E;isWindow=1;ownerPid=18900;get=1;device=1;options=0x8015;name=issue121-18900-23"
2026-09-14T18:48:29.329Z,58492,enumerated_context,00000000000012E1,18900,0.000,512,4,512,4,"owner=0000000000A10F6E;isWindow=1;ownerPid=18900;get=1;device=1;options=0x8015;name=issue121-18900-22"
2026-09-14T18:48:29.344Z,58492,enumerated_context,00000000000012E0,18900,0.000,512,4,512,4,"owner=0000000000A10F6E;isWindow=1;ownerPid=18900;get=1;device=1;options=0x8015;name=issue121-18900-21"
2026-09-14T18:48:29.356Z,58492,enumerated_context,00000000000012DF,18900,0.000,512,4,512,4,"owner=0000000000A10F6E;isWindow=1;ownerPid=18900;get=1;device=1;options=0x8015;name=issue121-18900-20"
2026-09-14T18:48:29.367Z,58492,enumerated_context,00000000000012DE,18900,0.000,512,4,512,4,"owner=0000000000A10F6E;isWindow=1;ownerPid=18900;get=1;device=1;options=0x8015;name=issue121-18900-19"
2026-09-14T18:48:29.382Z,58492,enumerated_context,00000000000012DD,18900,0.000,512,4,512,4,"owner=0000000000A10F6E;isWindow=1;ownerPid=18900;get=1;device=1;options=0x8015;name=issue121-18900-18"
2026-09-14T18:48:29.394Z,58492,enumerated_context,00000000000012DC,18900,0.000,512,4,512,4,"owner=0000000000A10F6E;isWindow=1;ownerPid=18900;get=1;device=1;options=0x8015;name=issue121-18900-17"
2026-09-14T18:48:29.410Z,58492,enumerated_context,00000000000012DB,18900,0.000,512,4,512,4,"owner=0000000000A10F6E;isWindow=1;ownerPid=18900;get=1;device=1;options=0x8015;name=issue121-18900-16"
2026-09-14T18:48:29.421Z,58492,enumerated_context,00000000000012DA,18900,0.000,512,4,512,4,"owner=0000000000A10F6E;isWindow=1;ownerPid=18900;get=1;device=1;options=0x8015;name=issue121-18900-15"
2026-09-14T18:48:29.438Z,58492,enumerated_context,00000000000012D9,18900,0.000,512,4,512,4,"owner=0000000000A10F6E;isWindow=1;ownerPid=18900;get=1;device=1;options=0x8015;name=issue121-18900-14"
2026-09-14T18:48:29.449Z,58492,enumerated_context,00000000000012D8,18900,0.000,512,4,512,4,"owner=0000000000A10F6E;isWindow=1;ownerPid=18900;get=1;device=1;options=0x8015;name=issue121-18900-13"
2026-09-14T18:48:29.463Z,58492,enumerated_context,00000000000012D7,18900,0.000,512,4,512,4,"owner=0000000000A10F6E;isWindow=1;ownerPid=18900;get=1;device=1;options=0x8015;name=issue121-18900-12"
2026-09-14T18:48:29.477Z,58492,enumerated_context,00000000000012D6,18900,0.000,512,4,512,4,"owner=0000000000A10F6E;isWindow=1;ownerPid=18900;get=1;device=1;options=0x8015;name=issue121-18900-11"
2026-09-14T18:48:29.491Z,58492,enumerated_context,00000000000012D5,18900,0.000,512,4,512,4,"owner=0000000000A10F6E;isWindow=1;ownerPid=18900;get=1;device=1;options=0x8015;name=issue121-18900-10"
2026-09-14T18:48:29.505Z,58492,enumerated_context,00000000000012D4,18900,0.000,512,4,512,4,"owner=0000000000A10F6E;isWindow=1;ownerPid=18900;get=1;device=1;options=0x8015;name=issue121-18900-9"
2026-09-14T18:48:29.517Z,58492,enumerated_context,00000000000012D3,18900,0.000,512,4,512,4,"owner=0000000000A10F6E;isWindow=1;ownerPid=18900;get=1;device=1;options=0x8015;name=issue121-18900-8"
2026-09-14T18:48:29.531Z,58492,enumerated_context,00000000000012D2,18900,0.000,512,4,512,4,"owner=0000000000A10F6E;isWindow=1;ownerPid=18900;get=1;device=1;options=0x8015;name=issue121-18900-7"
2026-09-14T18:48:29.544Z,58492,enumerated_context,00000000000012D1,18900,0.000,512,4,512,4,"owner=0000000000A10F6E;isWindow=1;ownerPid=18900;get=1;device=1;options=0x8015;name=issue121-18900-6"
2026-09-14T18:48:29.559Z,58492,enumerated_context,00000000000012D0,18900,0.000,512,4,512,4,"owner=0000000000A10F6E;isWindow=1;ownerPid=18900;get=1;device=1;options=0x8015;name=issue121-18900-5"
2026-09-14T18:48:29.571Z,58492,enumerated_context,00000000000012CF,18900,0.000,512,4,512,4,"owner=0000000000A10F6E;isWindow=1;ownerPid=18900;get=1;device=1;options=0x8015;name=issue121-18900-4"
2026-09-14T18:48:29.583Z,58492,enumerated_context,00000000000012CE,18900,0.000,512,4,512,4,"owner=0000000000A10F6E;isWindow=1;ownerPid=18900;get=1;device=1;options=0x8015;name=issue121-18900-3"
2026-09-14T18:48:29.597Z,58492,enumerated_context,00000000000012CD,18900,0.000,512,4,512,4,"owner=0000000000A10F6E;isWindow=1;ownerPid=18900;get=1;device=1;options=0x8015;name=issue121-18900-2"
2026-09-14T18:48:29.612Z,58492,enumerated_context,00000000000012CC,18900,0.000,512,4,512,4,"owner=0000000000A10F6E;isWindow=1;ownerPid=18900;get=1;device=1;options=0x8015;name=issue121-18900-1"
2026-09-14T18:48:29.626Z,58492,enumerated_context,00000000000012CB,18900,0.000,512,4,512,4,"owner=0000000000A10F6E;isWindow=1;ownerPid=18900;get=1;device=1;options=0x8015;name=issue121-18900-0"
2026-09-14T18:48:29.638Z,58492,enumerated_context,0000000000001001,0,0.000,512,4,512,4,"owner=0000000000000000;isWindow=0;ownerPid=0;get=1;device=1;options=0x8011;name="
2026-09-14T18:48:29.653Z,58492,enumerated_context,00000000000012CA,0,0.000,512,4,512,4,"owner=00000000004913DC;isWindow=0;ownerPid=0;get=1;device=1;options=0x8015;name=issue121-50160-66"
2026-09-14T18:48:29.665Z,58492,enumerated_context,00000000000012C9,0,0.000,512,4,512,4,"owner=00000000004913DC;isWindow=0;ownerPid=0;get=1;device=1;options=0x8015;name=issue121-50160-65"
2026-09-14T18:48:29.680Z,58492,enumerated_context,00000000000012C8,0,0.000,512,4,512,4,"owner=00000000004913DC;isWindow=0;ownerPid=0;get=1;device=1;options=0x8015;name=issue121-50160-64"
2026-09-14T18:48:29.693Z,58492,enumerated_context,00000000000012C7,0,0.000,512,4,512,4,"owner=00000000004913DC;isWindow=0;ownerPid=0;get=1;device=1;options=0x8015;name=issue121-50160-63"
2026-09-14T18:48:29.707Z,58492,enumerated_context,00000000000012C6,0,0.000,512,4,512,4,"owner=00000000004913DC;isWindow=0;ownerPid=0;get=1;device=1;options=0x8015;name=issue121-50160-62"
2026-09-14T18:48:29.720Z,58492,enumerated_context,00000000000012C5,0,0.000,512,4,512,4,"owner=00000000004913DC;isWindow=0;ownerPid=0;get=1;device=1;options=0x8015;name=issue121-50160-61"
2026-09-14T18:48:29.733Z,58492,enumerated_context,00000000000012C4,0,0.000,512,4,512,4,"owner=00000000004913DC;isWindow=0;ownerPid=0;get=1;device=1;options=0x8015;name=issue121-50160-60"
2026-09-14T18:48:29.748Z,58492,enumerated_context,00000000000012C3,0,0.000,512,4,512,4,"owner=00000000004913DC;isWindow=0;ownerPid=0;get=1;device=1;options=0x8015;name=issue121-50160-59"
2026-09-14T18:48:29.763Z,58492,enumerated_context,00000000000012C2,0,0.000,512,4,512,4,"owner=00000000004913DC;isWindow=0;ownerPid=0;get=1;device=1;options=0x8015;name=issue121-50160-58"
2026-09-14T18:48:29.778Z,58492,enumerated_context,00000000000012C1,0,0.000,512,4,512,4,"owner=00000000004913DC;isWindow=0;ownerPid=0;get=1;device=1;options=0x8015;name=issue121-50160-57"
2026-09-14T18:48:29.792Z,58492,enumerated_context,00000000000012C0,0,0.000,512,4,512,4,"owner=00000000004913DC;isWindow=0;ownerPid=0;get=1;device=1;options=0x8015;name=issue121-50160-56"
2026-09-14T18:48:29.805Z,58492,enumerated_context,00000000000012BF,0,0.000,512,4,512,4,"owner=00000000004913DC;isWindow=0;ownerPid=0;get=1;device=1;options=0x8015;name=issue121-50160-55"
2026-09-14T18:48:29.819Z,58492,enumerated_context,00000000000012BE,0,0.000,512,4,512,4,"owner=00000000004913DC;isWindow=0;ownerPid=0;get=1;device=1;options=0x8015;name=issue121-50160-54"
2026-09-14T18:48:29.831Z,58492,enumerated_context,00000000000012BD,0,0.000,512,4,512,4,"owner=00000000004913DC;isWindow=0;ownerPid=0;get=1;device=1;options=0x8015;name=issue121-50160-53"
2026-09-14T18:48:29.847Z,58492,enumerated_context,00000000000012BC,0,0.000,512,4,512,4,"owner=00000000004913DC;isWindow=0;ownerPid=0;get=1;device=1;options=0x8015;name=issue121-50160-52"
2026-09-14T18:48:29.861Z,58492,enumerated_context,00000000000012BB,0,0.000,512,4,512,4,"owner=00000000004913DC;isWindow=0;ownerPid=0;get=1;device=1;options=0x8015;name=issue121-50160-51"
2026-09-14T18:48:29.873Z,58492,enumerated_context,00000000000012BA,0,0.000,512,4,512,4,"owner=00000000004913DC;isWindow=0;ownerPid=0;get=1;device=1;options=0x8015;name=issue121-50160-50"
2026-09-14T18:48:29.886Z,58492,enumerated_context,00000000000012B9,0,0.000,512,4,512,4,"owner=00000000004913DC;isWindow=0;ownerPid=0;get=1;device=1;options=0x8015;name=issue121-50160-49"
2026-09-14T18:48:29.898Z,58492,enumerated_context,00000000000012B8,0,0.000,512,4,512,4,"owner=00000000004913DC;isWindow=0;ownerPid=0;get=1;device=1;options=0x8015;name=issue121-50160-48"
2026-09-14T18:48:29.913Z,58492,enumerated_context,00000000000012B7,0,0.000,512,4,512,4,"owner=00000000004913DC;isWindow=0;ownerPid=0;get=1;device=1;options=0x8015;name=issue121-50160-47"
2026-09-14T18:48:29.928Z,58492,enumerated_context,00000000000012B6,0,0.000,512,4,512,4,"owner=00000000004913DC;isWindow=0;ownerPid=0;get=1;device=1;options=0x8015;name=issue121-50160-46"
2026-09-14T18:48:29.942Z,58492,enumerated_context,00000000000012B5,0,0.000,512,4,512,4,"owner=00000000004913DC;isWindow=0;ownerPid=0;get=1;device=1;options=0x8015;name=issue121-50160-45"
2026-09-14T18:48:29.955Z,58492,enumerated_context,00000000000012B4,0,0.000,512,4,512,4,"owner=00000000004913DC;isWindow=0;ownerPid=0;get=1;device=1;options=0x8015;name=issue121-50160-44"
2026-09-14T18:48:29.969Z,58492,enumerated_context,00000000000012B3,0,0.000,512,4,512,4,"owner=00000000004913DC;isWindow=0;ownerPid=0;get=1;device=1;options=0x8015;name=issue121-50160-43"
2026-09-14T18:48:29.981Z,58492,enumerated_context,00000000000012B2,0,0.000,512,4,512,4,"owner=00000000004913DC;isWindow=0;ownerPid=0;get=1;device=1;options=0x8015;name=issue121-50160-42"
2026-09-14T18:48:29.996Z,58492,enumerated_context,00000000000012B1,0,0.000,512,4,512,4,"owner=00000000004913DC;isWindow=0;ownerPid=0;get=1;device=1;options=0x8015;name=issue121-50160-41"
2026-09-14T18:48:30.010Z,58492,enumerated_context,00000000000012B0,0,0.000,512,4,512,4,"owner=00000000004913DC;isWindow=0;ownerPid=0;get=1;device=1;options=0x8015;name=issue121-50160-40"
2026-09-14T18:48:30.023Z,58492,enumerated_context,00000000000012AF,0,0.000,512,4,512,4,"owner=00000000004913DC;isWindow=0;ownerPid=0;get=1;device=1;options=0x8015;name=issue121-50160-39"
2026-09-14T18:48:30.037Z,58492,enumerated_context,00000000000012AE,0,0.000,512,4,512,4,"owner=00000000004913DC;isWindow=0;ownerPid=0;get=1;device=1;options=0x8015;name=issue121-50160-38"
2026-09-14T18:48:30.049Z,58492,enumerated_context,00000000000012AD,0,0.000,512,4,512,4,"owner=00000000004913DC;isWindow=0;ownerPid=0;get=1;device=1;options=0x8015;name=issue121-50160-37"
2026-09-14T18:48:30.063Z,58492,enumerated_context,00000000000012AC,0,0.000,512,4,512,4,"owner=00000000004913DC;isWindow=0;ownerPid=0;get=1;device=1;options=0x8015;name=issue121-50160-36"
2026-09-14T18:48:30.076Z,58492,enumerated_context,00000000000012AB,0,0.000,512,4,512,4,"owner=00000000004913DC;isWindow=0;ownerPid=0;get=1;device=1;options=0x8015;name=issue121-50160-35"
2026-09-14T18:48:30.088Z,58492,enumerated_context,00000000000012AA,0,0.000,512,4,512,4,"owner=00000000004913DC;isWindow=0;ownerPid=0;get=1;device=1;options=0x8015;name=issue121-50160-34"
2026-09-14T18:48:30.103Z,58492,enumerated_context,00000000000012A9,0,0.000,512,4,512,4,"owner=00000000004913DC;isWindow=0;ownerPid=0;get=1;device=1;options=0x8015;name=issue121-50160-33"
2026-09-14T18:48:30.116Z,58492,enumerated_context,00000000000012A8,0,0.000,512,4,512,4,"owner=00000000004913DC;isWindow=0;ownerPid=0;get=1;device=1;options=0x8015;name=issue121-50160-32"
2026-09-14T18:48:30.129Z,58492,enumerated_context,00000000000012A7,0,0.000,512,4,512,4,"owner=00000000004913DC;isWindow=0;ownerPid=0;get=1;device=1;options=0x8015;name=issue121-50160-31"
2026-09-14T18:48:30.143Z,58492,enumerated_context,00000000000012A6,0,0.000,512,4,512,4,"owner=00000000004913DC;isWindow=0;ownerPid=0;get=1;device=1;options=0x8015;name=issue121-50160-30"
2026-09-14T18:48:30.157Z,58492,enumerated_context,00000000000012A5,0,0.000,512,4,512,4,"owner=00000000004913DC;isWindow=0;ownerPid=0;get=1;device=1;options=0x8015;name=issue121-50160-29"
2026-09-14T18:48:30.170Z,58492,enumerated_context,00000000000012A4,0,0.000,512,4,512,4,"owner=00000000004913DC;isWindow=0;ownerPid=0;get=1;device=1;options=0x8015;name=issue121-50160-28"
2026-09-14T18:48:30.183Z,58492,enumerated_context,00000000000012A3,0,0.000,512,4,512,4,"owner=00000000004913DC;isWindow=0;ownerPid=0;get=1;device=1;options=0x8015;name=issue121-50160-27"
2026-09-14T18:48:30.196Z,58492,enumerated_context,00000000000012A2,0,0.000,512,4,512,4,"owner=00000000004913DC;isWindow=0;ownerPid=0;get=1;device=1;options=0x8015;name=issue121-50160-26"
2026-09-14T18:48:30.209Z,58492,enumerated_context,00000000000012A1,0,0.000,512,4,512,4,"owner=00000000004913DC;isWindow=0;ownerPid=0;get=1;device=1;options=0x8015;name=issue121-50160-25"
2026-09-14T18:48:30.223Z,58492,enumerated_context,00000000000012A0,0,0.000,512,4,512,4,"owner=00000000004913DC;isWindow=0;ownerPid=0;get=1;device=1;options=0x8015;name=issue121-50160-24"
2026-09-14T18:48:30.237Z,58492,enumerated_context,000000000000129F,0,0.000,512,4,512,4,"owner=00000000004913DC;isWindow=0;ownerPid=0;get=1;device=1;options=0x8015;name=issue121-50160-23"
2026-09-14T18:48:30.250Z,58492,enumerated_context,000000000000129E,0,0.000,512,4,512,4,"owner=00000000004913DC;isWindow=0;ownerPid=0;get=1;device=1;options=0x8015;name=issue121-50160-22"
2026-09-14T18:48:30.264Z,58492,enumerated_context,000000000000129D,0,0.000,512,4,512,4,"owner=00000000004913DC;isWindow=0;ownerPid=0;get=1;device=1;options=0x8015;name=issue121-50160-21"
2026-09-14T18:48:30.277Z,58492,enumerated_context,000000000000129C,0,0.000,512,4,512,4,"owner=00000000004913DC;isWindow=0;ownerPid=0;get=1;device=1;options=0x8015;name=issue121-50160-20"
2026-09-14T18:48:30.291Z,58492,enumerated_context,000000000000129B,0,0.000,512,4,512,4,"owner=00000000004913DC;isWindow=0;ownerPid=0;get=1;device=1;options=0x8015;name=issue121-50160-19"
2026-09-14T18:48:30.303Z,58492,enumerated_context,000000000000129A,0,0.000,512,4,512,4,"owner=00000000004913DC;isWindow=0;ownerPid=0;get=1;device=1;options=0x8015;name=issue121-50160-18"
2026-09-14T18:48:30.316Z,58492,enumerated_context,0000000000001299,0,0.000,512,4,512,4,"owner=00000000004913DC;isWindow=0;ownerPid=0;get=1;device=1;options=0x8015;name=issue121-50160-17"
2026-09-14T18:48:30.330Z,58492,enumerated_context,0000000000001298,0,0.000,512,4,512,4,"owner=00000000004913DC;isWindow=0;ownerPid=0;get=1;device=1;options=0x8015;name=issue121-50160-16"
2026-09-14T18:48:30.342Z,58492,enumerated_context,0000000000001297,0,0.000,512,4,512,4,"owner=00000000004913DC;isWindow=0;ownerPid=0;get=1;device=1;options=0x8015;name=issue121-50160-15"
2026-09-14T18:48:30.355Z,58492,enumerated_context,0000000000001296,0,0.000,512,4,512,4,"owner=00000000004913DC;isWindow=0;ownerPid=0;get=1;device=1;options=0x8015;name=issue121-50160-14"
2026-09-14T18:48:30.369Z,58492,enumerated_context,0000000000001295,0,0.000,512,4,512,4,"owner=00000000004913DC;isWindow=0;ownerPid=0;get=1;device=1;options=0x8015;name=issue121-50160-13"
2026-09-14T18:48:30.380Z,58492,enumerated_context,0000000000001294,0,0.000,512,4,512,4,"owner=00000000004913DC;isWindow=0;ownerPid=0;get=1;device=1;options=0x8015;name=issue121-50160-12"
2026-09-14T18:48:30.394Z,58492,enumerated_context,0000000000001293,0,0.000,512,4,512,4,"owner=00000000004913DC;isWindow=0;ownerPid=0;get=1;device=1;options=0x8015;name=issue121-50160-11"
2026-09-14T18:48:30.409Z,58492,enumerated_context,0000000000001292,0,0.000,512,4,512,4,"owner=00000000004913DC;isWindow=0;ownerPid=0;get=1;device=1;options=0x8015;name=issue121-50160-10"
2026-09-14T18:48:30.423Z,58492,enumerated_context,0000000000001291,0,0.000,512,4,512,4,"owner=00000000004913DC;isWindow=0;ownerPid=0;get=1;device=1;options=0x8015;name=issue121-50160-9"
2026-09-14T18:48:30.439Z,58492,enumerated_context,0000000000001290,0,0.000,512,4,512,4,"owner=00000000004913DC;isWindow=0;ownerPid=0;get=1;device=1;options=0x8015;name=issue121-50160-8"
2026-09-14T18:48:30.453Z,58492,enumerated_context,000000000000128F,0,0.000,512,4,512,4,"owner=00000000004913DC;isWindow=0;ownerPid=0;get=1;device=1;options=0x8015;name=issue121-50160-7"
2026-09-14T18:48:30.466Z,58492,enumerated_context,000000000000128E,0,0.000,512,4,512,4,"owner=00000000004913DC;isWindow=0;ownerPid=0;get=1;device=1;options=0x8015;name=issue121-50160-6"
2026-09-14T18:48:30.480Z,58492,enumerated_context,000000000000128D,0,0.000,512,4,512,4,"owner=00000000004913DC;isWindow=0;ownerPid=0;get=1;device=1;options=0x8015;name=issue121-50160-5"
2026-09-14T18:48:30.493Z,58492,enumerated_context,000000000000128C,0,0.000,512,4,512,4,"owner=00000000004913DC;isWindow=0;ownerPid=0;get=1;device=1;options=0x8015;name=issue121-50160-4"
2026-09-14T18:48:30.506Z,58492,enumerated_context,000000000000128B,0,0.000,512,4,512,4,"owner=00000000004913DC;isWindow=0;ownerPid=0;get=1;device=1;options=0x8015;name=issue121-50160-3"
2026-09-14T18:48:30.519Z,58492,enumerated_context,000000000000128A,0,0.000,512,4,512,4,"owner=00000000004913DC;isWindow=0;ownerPid=0;get=1;device=1;options=0x8015;name=issue121-50160-2"
2026-09-14T18:48:30.531Z,58492,enumerated_context,0000000000001289,0,0.000,512,4,512,4,"owner=00000000004913DC;isWindow=0;ownerPid=0;get=1;device=1;options=0x8015;name=issue121-50160-1"
2026-09-14T18:48:30.545Z,58492,enumerated_context,0000000000001288,0,0.000,512,4,512,4,"owner=00000000004913DC;isWindow=0;ownerPid=0;get=1;device=1;options=0x8015;name=issue121-50160-0"
2026-09-14T18:48:30.558Z,58492,enumerated_context,0000000000001287,0,0.000,512,4,512,4,"owner=00000000004813DC;isWindow=0;ownerPid=0;get=1;device=1;options=0x8015;name=issue121-44524-66"
2026-09-14T18:48:30.571Z,58492,enumerated_context,0000000000001286,0,0.000,512,4,512,4,"owner=00000000004813DC;isWindow=0;ownerPid=0;get=1;device=1;options=0x8015;name=issue121-44524-65"
2026-09-14T18:48:30.583Z,58492,enumerated_context,0000000000001285,0,0.000,512,4,512,4,"owner=00000000004813DC;isWindow=0;ownerPid=0;get=1;device=1;options=0x8015;name=issue121-44524-64"
2026-09-14T18:48:30.597Z,58492,enumerated_context,0000000000001284,0,0.000,512,4,512,4,"owner=00000000004813DC;isWindow=0;ownerPid=0;get=1;device=1;options=0x8015;name=issue121-44524-63"
2026-09-14T18:48:30.612Z,58492,enumerated_context,0000000000001283,0,0.000,512,4,512,4,"owner=00000000004813DC;isWindow=0;ownerPid=0;get=1;device=1;options=0x8015;name=issue121-44524-62"
2026-09-14T18:48:30.626Z,58492,enumerated_context,0000000000001282,0,0.000,512,4,512,4,"owner=00000000004813DC;isWindow=0;ownerPid=0;get=1;device=1;options=0x8015;name=issue121-44524-61"
2026-09-14T18:48:30.641Z,58492,enumerated_context,0000000000001281,0,0.000,512,4,512,4,"owner=00000000004813DC;isWindow=0;ownerPid=0;get=1;device=1;options=0x8015;name=issue121-44524-60"
2026-09-14T18:48:30.654Z,58492,enumerated_context,0000000000001280,0,0.000,512,4,512,4,"owner=00000000004813DC;isWindow=0;ownerPid=0;get=1;device=1;options=0x8015;name=issue121-44524-59"
2026-09-14T18:48:30.667Z,58492,enumerated_context,000000000000127F,0,0.000,512,4,512,4,"owner=00000000004813DC;isWindow=0;ownerPid=0;get=1;device=1;options=0x8015;name=issue121-44524-58"
2026-09-14T18:48:30.681Z,58492,enumerated_context,000000000000127E,0,0.000,512,4,512,4,"owner=00000000004813DC;isWindow=0;ownerPid=0;get=1;device=1;options=0x8015;name=issue121-44524-57"
2026-09-14T18:48:30.696Z,58492,enumerated_context,000000000000127D,0,0.000,512,4,512,4,"owner=00000000004813DC;isWindow=0;ownerPid=0;get=1;device=1;options=0x8015;name=issue121-44524-56"
2026-09-14T18:48:30.712Z,58492,enumerated_context,000000000000127C,0,0.000,512,4,512,4,"owner=00000000004813DC;isWindow=0;ownerPid=0;get=1;device=1;options=0x8015;name=issue121-44524-55"
2026-09-14T18:48:30.726Z,58492,enumerated_context,000000000000127B,0,0.000,512,4,512,4,"owner=00000000004813DC;isWindow=0;ownerPid=0;get=1;device=1;options=0x8015;name=issue121-44524-54"
2026-09-14T18:48:30.739Z,58492,enumerated_context,000000000000127A,0,0.000,512,4,512,4,"owner=00000000004813DC;isWindow=0;ownerPid=0;get=1;device=1;options=0x8015;name=issue121-44524-53"
2026-09-14T18:48:30.758Z,58492,enumerated_context,0000000000001279,0,0.000,512,4,512,4,"owner=00000000004813DC;isWindow=0;ownerPid=0;get=1;device=1;options=0x8015;name=issue121-44524-52"
2026-09-14T18:48:30.775Z,58492,enumerated_context,0000000000001278,0,0.000,512,4,512,4,"owner=00000000004813DC;isWindow=0;ownerPid=0;get=1;device=1;options=0x8015;name=issue121-44524-51"
2026-09-14T18:48:30.787Z,58492,enumerated_context,0000000000001277,0,0.000,512,4,512,4,"owner=00000000004813DC;isWindow=0;ownerPid=0;get=1;device=1;options=0x8015;name=issue121-44524-50"
2026-09-14T18:48:30.803Z,58492,enumerated_context,0000000000001276,0,0.000,512,4,512,4,"owner=00000000004813DC;isWindow=0;ownerPid=0;get=1;device=1;options=0x8015;name=issue121-44524-49"
2026-09-14T18:48:30.816Z,58492,enumerated_context,0000000000001275,0,0.000,512,4,512,4,"owner=00000000004813DC;isWindow=0;ownerPid=0;get=1;device=1;options=0x8015;name=issue121-44524-48"
2026-09-14T18:48:30.830Z,58492,enumerated_context,0000000000001274,0,0.000,512,4,512,4,"owner=00000000004813DC;isWindow=0;ownerPid=0;get=1;device=1;options=0x8015;name=issue121-44524-47"
2026-09-14T18:48:30.843Z,58492,enumerated_context,0000000000001273,0,0.000,512,4,512,4,"owner=00000000004813DC;isWindow=0;ownerPid=0;get=1;device=1;options=0x8015;name=issue121-44524-46"
2026-09-14T18:48:30.857Z,58492,enumerated_context,0000000000001272,0,0.000,512,4,512,4,"owner=00000000004813DC;isWindow=0;ownerPid=0;get=1;device=1;options=0x8015;name=issue121-44524-45"
2026-09-14T18:48:30.869Z,58492,enumerated_context,0000000000001271,0,0.000,512,4,512,4,"owner=00000000004813DC;isWindow=0;ownerPid=0;get=1;device=1;options=0x8015;name=issue121-44524-44"
2026-09-14T18:48:30.881Z,58492,enumerated_context,0000000000001270,0,0.000,512,4,512,4,"owner=00000000004813DC;isWindow=0;ownerPid=0;get=1;device=1;options=0x8015;name=issue121-44524-43"
2026-09-14T18:48:30.895Z,58492,enumerated_context,000000000000126F,0,0.000,512,4,512,4,"owner=00000000004813DC;isWindow=0;ownerPid=0;get=1;device=1;options=0x8015;name=issue121-44524-42"
2026-09-14T18:48:30.910Z,58492,enumerated_context,000000000000126E,0,0.000,512,4,512,4,"owner=00000000004813DC;isWindow=0;ownerPid=0;get=1;device=1;options=0x8015;name=issue121-44524-41"
2026-09-14T18:48:30.923Z,58492,enumerated_context,000000000000126D,0,0.000,512,4,512,4,"owner=00000000004813DC;isWindow=0;ownerPid=0;get=1;device=1;options=0x8015;name=issue121-44524-40"
2026-09-14T18:48:30.936Z,58492,enumerated_context,000000000000126C,0,0.000,512,4,512,4,"owner=00000000004813DC;isWindow=0;ownerPid=0;get=1;device=1;options=0x8015;name=issue121-44524-39"
2026-09-14T18:48:30.947Z,58492,enumerated_context,000000000000126B,0,0.000,512,4,512,4,"owner=00000000004813DC;isWindow=0;ownerPid=0;get=1;device=1;options=0x8015;name=issue121-44524-38"
2026-09-14T18:48:30.961Z,58492,enumerated_context,000000000000126A,0,0.000,512,4,512,4,"owner=00000000004813DC;isWindow=0;ownerPid=0;get=1;device=1;options=0x8015;name=issue121-44524-37"
2026-09-14T18:48:30.974Z,58492,enumerated_context,0000000000001269,0,0.000,512,4,512,4,"owner=00000000004813DC;isWindow=0;ownerPid=0;get=1;device=1;options=0x8015;name=issue121-44524-36"
2026-09-14T18:48:30.987Z,58492,enumerated_context,0000000000001268,0,0.000,512,4,512,4,"owner=00000000004813DC;isWindow=0;ownerPid=0;get=1;device=1;options=0x8015;name=issue121-44524-35"
2026-09-14T18:48:31.000Z,58492,enumerated_context,0000000000001267,0,0.000,512,4,512,4,"owner=00000000004813DC;isWindow=0;ownerPid=0;get=1;device=1;options=0x8015;name=issue121-44524-34"
2026-09-14T18:48:31.013Z,58492,enumerated_context,0000000000001266,0,0.000,512,4,512,4,"owner=00000000004813DC;isWindow=0;ownerPid=0;get=1;device=1;options=0x8015;name=issue121-44524-33"
2026-09-14T18:48:31.028Z,58492,enumerated_context,0000000000001265,0,0.000,512,4,512,4,"owner=00000000004813DC;isWindow=0;ownerPid=0;get=1;device=1;options=0x8015;name=issue121-44524-32"
2026-09-14T18:48:31.040Z,58492,enumerated_context,0000000000001264,0,0.000,512,4,512,4,"owner=00000000004813DC;isWindow=0;ownerPid=0;get=1;device=1;options=0x8015;name=issue121-44524-31"
2026-09-14T18:48:31.053Z,58492,enumerated_context,0000000000001263,0,0.000,512,4,512,4,"owner=00000000004813DC;isWindow=0;ownerPid=0;get=1;device=1;options=0x8015;name=issue121-44524-30"
2026-09-14T18:48:31.067Z,58492,enumerated_context,0000000000001262,0,0.000,512,4,512,4,"owner=00000000004813DC;isWindow=0;ownerPid=0;get=1;device=1;options=0x8015;name=issue121-44524-29"
2026-09-14T18:48:31.080Z,58492,enumerated_context,0000000000001261,0,0.000,512,4,512,4,"owner=00000000004813DC;isWindow=0;ownerPid=0;get=1;device=1;options=0x8015;name=issue121-44524-28"
2026-09-14T18:48:31.093Z,58492,enumerated_context,0000000000001260,0,0.000,512,4,512,4,"owner=00000000004813DC;isWindow=0;ownerPid=0;get=1;device=1;options=0x8015;name=issue121-44524-27"
2026-09-14T18:48:31.106Z,58492,enumerated_context,000000000000125F,0,0.000,512,4,512,4,"owner=00000000004813DC;isWindow=0;ownerPid=0;get=1;device=1;options=0x8015;name=issue121-44524-26"
2026-09-14T18:48:31.119Z,58492,enumerated_context,000000000000125E,0,0.000,512,4,512,4,"owner=00000000004813DC;isWindow=0;ownerPid=0;get=1;device=1;options=0x8015;name=issue121-44524-25"
2026-09-14T18:48:31.132Z,58492,enumerated_context,000000000000125D,0,0.000,512,4,512,4,"owner=00000000004813DC;isWindow=0;ownerPid=0;get=1;device=1;options=0x8015;name=issue121-44524-24"
2026-09-14T18:48:31.146Z,58492,enumerated_context,000000000000125C,0,0.000,512,4,512,4,"owner=00000000004813DC;isWindow=0;ownerPid=0;get=1;device=1;options=0x8015;name=issue121-44524-23"
2026-09-14T18:48:31.159Z,58492,enumerated_context,000000000000125B,0,0.000,512,4,512,4,"owner=00000000004813DC;isWindow=0;ownerPid=0;get=1;device=1;options=0x8015;name=issue121-44524-22"
2026-09-14T18:48:31.173Z,58492,enumerated_context,000000000000125A,0,0.000,512,4,512,4,"owner=00000000004813DC;isWindow=0;ownerPid=0;get=1;device=1;options=0x8015;name=issue121-44524-21"
2026-09-14T18:48:31.186Z,58492,enumerated_context,0000000000001259,0,0.000,512,4,512,4,"owner=00000000004813DC;isWindow=0;ownerPid=0;get=1;device=1;options=0x8015;name=issue121-44524-20"
2026-09-14T18:48:31.199Z,58492,enumerated_context,0000000000001258,0,0.000,512,4,512,4,"owner=00000000004813DC;isWindow=0;ownerPid=0;get=1;device=1;options=0x8015;name=issue121-44524-19"
2026-09-14T18:48:31.213Z,58492,enumerated_context,0000000000001257,0,0.000,512,4,512,4,"owner=00000000004813DC;isWindow=0;ownerPid=0;get=1;device=1;options=0x8015;name=issue121-44524-18"
2026-09-14T18:48:31.226Z,58492,enumerated_context,0000000000001256,0,0.000,512,4,512,4,"owner=00000000004813DC;isWindow=0;ownerPid=0;get=1;device=1;options=0x8015;name=issue121-44524-17"
2026-09-14T18:48:31.238Z,58492,enumerated_context,0000000000001255,0,0.000,512,4,512,4,"owner=00000000004813DC;isWindow=0;ownerPid=0;get=1;device=1;options=0x8015;name=issue121-44524-16"
2026-09-14T18:48:31.253Z,58492,enumerated_context,0000000000001254,0,0.000,512,4,512,4,"owner=00000000004813DC;isWindow=0;ownerPid=0;get=1;device=1;options=0x8015;name=issue121-44524-15"
2026-09-14T18:48:31.266Z,58492,enumerated_context,0000000000001253,0,0.000,512,4,512,4,"owner=00000000004813DC;isWindow=0;ownerPid=0;get=1;device=1;options=0x8015;name=issue121-44524-14"
2026-09-14T18:48:31.280Z,58492,enumerated_context,0000000000001252,0,0.000,512,4,512,4,"owner=00000000004813DC;isWindow=0;ownerPid=0;get=1;device=1;options=0x8015;name=issue121-44524-13"
2026-09-14T18:48:31.292Z,58492,enumerated_context,0000000000001251,0,0.000,512,4,512,4,"owner=00000000004813DC;isWindow=0;ownerPid=0;get=1;device=1;options=0x8015;name=issue121-44524-12"
2026-09-14T18:48:31.305Z,58492,enumerated_context,0000000000001250,0,0.000,512,4,512,4,"owner=00000000004813DC;isWindow=0;ownerPid=0;get=1;device=1;options=0x8015;name=issue121-44524-11"
2026-09-14T18:48:31.316Z,58492,enumerated_context,000000000000124F,0,0.000,512,4,512,4,"owner=00000000004813DC;isWindow=0;ownerPid=0;get=1;device=1;options=0x8015;name=issue121-44524-10"
2026-09-14T18:48:31.331Z,58492,enumerated_context,000000000000124E,0,0.000,512,4,512,4,"owner=00000000004813DC;isWindow=0;ownerPid=0;get=1;device=1;options=0x8015;name=issue121-44524-9"
2026-09-14T18:48:31.345Z,58492,enumerated_context,000000000000124D,0,0.000,512,4,512,4,"owner=00000000004813DC;isWindow=0;ownerPid=0;get=1;device=1;options=0x8015;name=issue121-44524-8"
2026-09-14T18:48:31.358Z,58492,enumerated_context,000000000000124C,0,0.000,512,4,512,4,"owner=00000000004813DC;isWindow=0;ownerPid=0;get=1;device=1;options=0x8015;name=issue121-44524-7"
2026-09-14T18:48:31.372Z,58492,enumerated_context,000000000000124B,0,0.000,512,4,512,4,"owner=00000000004813DC;isWindow=0;ownerPid=0;get=1;device=1;options=0x8015;name=issue121-44524-6"
2026-09-14T18:48:31.385Z,58492,enumerated_context,000000000000124A,0,0.000,512,4,512,4,"owner=00000000004813DC;isWindow=0;ownerPid=0;get=1;device=1;options=0x8015;name=issue121-44524-5"
2026-09-14T18:48:31.398Z,58492,enumerated_context,0000000000001249,0,0.000,512,4,512,4,"owner=00000000004813DC;isWindow=0;ownerPid=0;get=1;device=1;options=0x8015;name=issue121-44524-4"
2026-09-14T18:48:31.413Z,58492,enumerated_context,0000000000001248,0,0.000,512,4,512,4,"owner=00000000004813DC;isWindow=0;ownerPid=0;get=1;device=1;options=0x8015;name=issue121-44524-3"
2026-09-14T18:48:31.426Z,58492,enumerated_context,0000000000001247,0,0.000,512,4,512,4,"owner=00000000004813DC;isWindow=0;ownerPid=0;get=1;device=1;options=0x8015;name=issue121-44524-2"
2026-09-14T18:48:31.439Z,58492,enumerated_context,0000000000001246,0,0.000,512,4,512,4,"owner=00000000004813DC;isWindow=0;ownerPid=0;get=1;device=1;options=0x8015;name=issue121-44524-1"
2026-09-14T18:48:31.453Z,58492,enumerated_context,0000000000001245,0,0.000,512,4,512,4,"owner=00000000004813DC;isWindow=0;ownerPid=0;get=1;device=1;options=0x8015;name=issue121-44524-0"
2026-09-14T18:48:31.466Z,58492,enumerated_context,0000000000001244,0,0.000,512,4,512,4,"owner=00000000004713DC;isWindow=0;ownerPid=0;get=1;device=1;options=0x8015;name=issue121-33960-66"
2026-09-14T18:48:31.480Z,58492,enumerated_context,0000000000001243,0,0.000,512,4,512,4,"owner=00000000004713DC;isWindow=0;ownerPid=0;get=1;device=1;options=0x8015;name=issue121-33960-65"
2026-09-14T18:48:31.493Z,58492,enumerated_context,0000000000001242,0,0.000,512,4,512,4,"owner=00000000004713DC;isWindow=0;ownerPid=0;get=1;device=1;options=0x8015;name=issue121-33960-64"
2026-09-14T18:48:31.506Z,58492,enumerated_context,0000000000001241,0,0.000,512,4,512,4,"owner=00000000004713DC;isWindow=0;ownerPid=0;get=1;device=1;options=0x8015;name=issue121-33960-63"
2026-09-14T18:48:31.520Z,58492,enumerated_context,0000000000001240,0,0.000,512,4,512,4,"owner=00000000004713DC;isWindow=0;ownerPid=0;get=1;device=1;options=0x8015;name=issue121-33960-62"
2026-09-14T18:48:31.533Z,58492,enumerated_context,000000000000123F,0,0.000,512,4,512,4,"owner=00000000004713DC;isWindow=0;ownerPid=0;get=1;device=1;options=0x8015;name=issue121-33960-61"
2026-09-14T18:48:31.547Z,58492,enumerated_context,000000000000123E,0,0.000,512,4,512,4,"owner=00000000004713DC;isWindow=0;ownerPid=0;get=1;device=1;options=0x8015;name=issue121-33960-60"
2026-09-14T18:48:31.560Z,58492,enumerated_context,000000000000123D,0,0.000,512,4,512,4,"owner=00000000004713DC;isWindow=0;ownerPid=0;get=1;device=1;options=0x8015;name=issue121-33960-59"
2026-09-14T18:48:31.573Z,58492,enumerated_context,000000000000123C,0,0.000,512,4,512,4,"owner=00000000004713DC;isWindow=0;ownerPid=0;get=1;device=1;options=0x8015;name=issue121-33960-58"
2026-09-14T18:48:31.588Z,58492,enumerated_context,000000000000123B,0,0.000,512,4,512,4,"owner=00000000004713DC;isWindow=0;ownerPid=0;get=1;device=1;options=0x8015;name=issue121-33960-57"
2026-09-14T18:48:31.600Z,58492,enumerated_context,000000000000123A,0,0.000,512,4,512,4,"owner=00000000004713DC;isWindow=0;ownerPid=0;get=1;device=1;options=0x8015;name=issue121-33960-56"
2026-09-14T18:48:31.613Z,58492,enumerated_context,0000000000001239,0,0.000,512,4,512,4,"owner=00000000004713DC;isWindow=0;ownerPid=0;get=1;device=1;options=0x8015;name=issue121-33960-55"
2026-09-14T18:48:31.627Z,58492,enumerated_context,0000000000001238,0,0.000,512,4,512,4,"owner=00000000004713DC;isWindow=0;ownerPid=0;get=1;device=1;options=0x8015;name=issue121-33960-54"
2026-09-14T18:48:31.639Z,58492,enumerated_context,0000000000001237,0,0.000,512,4,512,4,"owner=00000000004713DC;isWindow=0;ownerPid=0;get=1;device=1;options=0x8015;name=issue121-33960-53"
2026-09-14T18:48:31.652Z,58492,enumerated_context,0000000000001236,0,0.000,512,4,512,4,"owner=00000000004713DC;isWindow=0;ownerPid=0;get=1;device=1;options=0x8015;name=issue121-33960-52"
2026-09-14T18:48:31.665Z,58492,enumerated_context,0000000000001235,0,0.000,512,4,512,4,"owner=00000000004713DC;isWindow=0;ownerPid=0;get=1;device=1;options=0x8015;name=issue121-33960-51"
2026-09-14T18:48:31.678Z,58492,enumerated_context,0000000000001234,0,0.000,512,4,512,4,"owner=00000000004713DC;isWindow=0;ownerPid=0;get=1;device=1;options=0x8015;name=issue121-33960-50"
2026-09-14T18:48:31.690Z,58492,enumerated_context,0000000000001233,0,0.000,512,4,512,4,"owner=00000000004713DC;isWindow=0;ownerPid=0;get=1;device=1;options=0x8015;name=issue121-33960-49"
2026-09-14T18:48:31.703Z,58492,enumerated_context,0000000000001232,0,0.000,512,4,512,4,"owner=00000000004713DC;isWindow=0;ownerPid=0;get=1;device=1;options=0x8015;name=issue121-33960-48"
2026-09-14T18:48:31.715Z,58492,enumerated_context,0000000000001231,0,0.000,512,4,512,4,"owner=00000000004713DC;isWindow=0;ownerPid=0;get=1;device=1;options=0x8015;name=issue121-33960-47"
2026-09-14T18:48:31.729Z,58492,enumerated_context,0000000000001230,0,0.000,512,4,512,4,"owner=00000000004713DC;isWindow=0;ownerPid=0;get=1;device=1;options=0x8015;name=issue121-33960-46"
2026-09-14T18:48:31.741Z,58492,enumerated_context,000000000000122F,0,0.000,512,4,512,4,"owner=00000000004713DC;isWindow=0;ownerPid=0;get=1;device=1;options=0x8015;name=issue121-33960-45"
2026-09-14T18:48:31.756Z,58492,enumerated_context,000000000000122E,0,0.000,512,4,512,4,"owner=00000000004713DC;isWindow=0;ownerPid=0;get=1;device=1;options=0x8015;name=issue121-33960-44"
2026-09-14T18:48:31.769Z,58492,enumerated_context,000000000000122D,0,0.000,512,4,512,4,"owner=00000000004713DC;isWindow=0;ownerPid=0;get=1;device=1;options=0x8015;name=issue121-33960-43"
2026-09-14T18:48:31.783Z,58492,enumerated_context,000000000000122C,0,0.000,512,4,512,4,"owner=00000000004713DC;isWindow=0;ownerPid=0;get=1;device=1;options=0x8015;name=issue121-33960-42"
2026-09-14T18:48:31.795Z,58492,enumerated_context,000000000000122B,0,0.000,512,4,512,4,"owner=00000000004713DC;isWindow=0;ownerPid=0;get=1;device=1;options=0x8015;name=issue121-33960-41"
2026-09-14T18:48:31.808Z,58492,enumerated_context,000000000000122A,0,0.000,512,4,512,4,"owner=00000000004713DC;isWindow=0;ownerPid=0;get=1;device=1;options=0x8015;name=issue121-33960-40"
2026-09-14T18:48:31.821Z,58492,enumerated_context,0000000000001229,0,0.000,512,4,512,4,"owner=00000000004713DC;isWindow=0;ownerPid=0;get=1;device=1;options=0x8015;name=issue121-33960-39"
2026-09-14T18:48:31.833Z,58492,enumerated_context,0000000000001228,0,0.000,512,4,512,4,"owner=00000000004713DC;isWindow=0;ownerPid=0;get=1;device=1;options=0x8015;name=issue121-33960-38"
2026-09-14T18:48:31.847Z,58492,enumerated_context,0000000000001227,0,0.000,512,4,512,4,"owner=00000000004713DC;isWindow=0;ownerPid=0;get=1;device=1;options=0x8015;name=issue121-33960-37"
2026-09-14T18:48:31.860Z,58492,enumerated_context,0000000000001226,0,0.000,512,4,512,4,"owner=00000000004713DC;isWindow=0;ownerPid=0;get=1;device=1;options=0x8015;name=issue121-33960-36"
2026-09-14T18:48:31.874Z,58492,enumerated_context,0000000000001225,0,0.000,512,4,512,4,"owner=00000000004713DC;isWindow=0;ownerPid=0;get=1;device=1;options=0x8015;name=issue121-33960-35"
2026-09-14T18:48:31.889Z,58492,enumerated_context,0000000000001224,0,0.000,512,4,512,4,"owner=00000000004713DC;isWindow=0;ownerPid=0;get=1;device=1;options=0x8015;name=issue121-33960-34"
2026-09-14T18:48:31.902Z,58492,enumerated_context,0000000000001223,0,0.000,512,4,512,4,"owner=00000000004713DC;isWindow=0;ownerPid=0;get=1;device=1;options=0x8015;name=issue121-33960-33"
2026-09-14T18:48:31.915Z,58492,enumerated_context,0000000000001222,0,0.000,512,4,512,4,"owner=00000000004713DC;isWindow=0;ownerPid=0;get=1;device=1;options=0x8015;name=issue121-33960-32"
2026-09-14T18:48:31.928Z,58492,enumerated_context,0000000000001221,0,0.000,512,4,512,4,"owner=00000000004713DC;isWindow=0;ownerPid=0;get=1;device=1;options=0x8015;name=issue121-33960-31"
2026-09-14T18:48:31.944Z,58492,enumerated_context,0000000000001220,0,0.000,512,4,512,4,"owner=00000000004713DC;isWindow=0;ownerPid=0;get=1;device=1;options=0x8015;name=issue121-33960-30"
2026-09-14T18:48:31.960Z,58492,enumerated_context,000000000000121F,0,0.000,512,4,512,4,"owner=00000000004713DC;isWindow=0;ownerPid=0;get=1;device=1;options=0x8015;name=issue121-33960-29"
2026-09-14T18:48:31.973Z,58492,enumerated_context,000000000000121E,0,0.000,512,4,512,4,"owner=00000000004713DC;isWindow=0;ownerPid=0;get=1;device=1;options=0x8015;name=issue121-33960-28"
2026-09-14T18:48:31.985Z,58492,enumerated_context,000000000000121D,0,0.000,512,4,512,4,"owner=00000000004713DC;isWindow=0;ownerPid=0;get=1;device=1;options=0x8015;name=issue121-33960-27"
2026-09-14T18:48:32.000Z,58492,enumerated_context,000000000000121C,0,0.000,512,4,512,4,"owner=00000000004713DC;isWindow=0;ownerPid=0;get=1;device=1;options=0x8015;name=issue121-33960-26"
2026-09-14T18:48:32.013Z,58492,enumerated_context,000000000000121B,0,0.000,512,4,512,4,"owner=00000000004713DC;isWindow=0;ownerPid=0;get=1;device=1;options=0x8015;name=issue121-33960-25"
2026-09-14T18:48:32.027Z,58492,enumerated_context,000000000000121A,0,0.000,512,4,512,4,"owner=00000000004713DC;isWindow=0;ownerPid=0;get=1;device=1;options=0x8015;name=issue121-33960-24"
2026-09-14T18:48:32.041Z,58492,enumerated_context,0000000000001219,0,0.000,512,4,512,4,"owner=00000000004713DC;isWindow=0;ownerPid=0;get=1;device=1;options=0x8015;name=issue121-33960-23"
2026-09-14T18:48:32.056Z,58492,enumerated_context,0000000000001218,0,0.000,512,4,512,4,"owner=00000000004713DC;isWindow=0;ownerPid=0;get=1;device=1;options=0x8015;name=issue121-33960-22"
2026-09-14T18:48:32.069Z,58492,enumerated_context,0000000000001217,0,0.000,512,4,512,4,"owner=00000000004713DC;isWindow=0;ownerPid=0;get=1;device=1;options=0x8015;name=issue121-33960-21"
2026-09-14T18:48:32.084Z,58492,enumerated_context,0000000000001216,0,0.000,512,4,512,4,"owner=00000000004713DC;isWindow=0;ownerPid=0;get=1;device=1;options=0x8015;name=issue121-33960-20"
2026-09-14T18:48:32.100Z,58492,enumerated_context,0000000000001215,0,0.000,512,4,512,4,"owner=00000000004713DC;isWindow=0;ownerPid=0;get=1;device=1;options=0x8015;name=issue121-33960-19"
2026-09-14T18:48:32.117Z,58492,enumerated_context,0000000000001214,0,0.000,512,4,512,4,"owner=00000000004713DC;isWindow=0;ownerPid=0;get=1;device=1;options=0x8015;name=issue121-33960-18"
2026-09-14T18:48:32.131Z,58492,enumerated_context,0000000000001213,0,0.000,512,4,512,4,"owner=00000000004713DC;isWindow=0;ownerPid=0;get=1;device=1;options=0x8015;name=issue121-33960-17"
2026-09-14T18:48:32.145Z,58492,enumerated_context,0000000000001212,0,0.000,512,4,512,4,"owner=00000000004713DC;isWindow=0;ownerPid=0;get=1;device=1;options=0x8015;name=issue121-33960-16"
2026-09-14T18:48:32.158Z,58492,enumerated_context,0000000000001211,0,0.000,512,4,512,4,"owner=00000000004713DC;isWindow=0;ownerPid=0;get=1;device=1;options=0x8015;name=issue121-33960-15"
2026-09-14T18:48:32.173Z,58492,enumerated_context,0000000000001210,0,0.000,512,4,512,4,"owner=00000000004713DC;isWindow=0;ownerPid=0;get=1;device=1;options=0x8015;name=issue121-33960-14"
2026-09-14T18:48:32.188Z,58492,enumerated_context,000000000000120F,0,0.000,512,4,512,4,"owner=00000000004713DC;isWindow=0;ownerPid=0;get=1;device=1;options=0x8015;name=issue121-33960-13"
2026-09-14T18:48:32.201Z,58492,enumerated_context,000000000000120E,0,0.000,512,4,512,4,"owner=00000000004713DC;isWindow=0;ownerPid=0;get=1;device=1;options=0x8015;name=issue121-33960-12"
2026-09-14T18:48:32.214Z,58492,enumerated_context,000000000000120D,0,0.000,512,4,512,4,"owner=00000000004713DC;isWindow=0;ownerPid=0;get=1;device=1;options=0x8015;name=issue121-33960-11"
2026-09-14T18:48:32.228Z,58492,enumerated_context,000000000000120C,0,0.000,512,4,512,4,"owner=00000000004713DC;isWindow=0;ownerPid=0;get=1;device=1;options=0x8015;name=issue121-33960-10"
2026-09-14T18:48:32.243Z,58492,enumerated_context,000000000000120B,0,0.000,512,4,512,4,"owner=00000000004713DC;isWindow=0;ownerPid=0;get=1;device=1;options=0x8015;name=issue121-33960-9"
2026-09-14T18:48:32.258Z,58492,enumerated_context,000000000000120A,0,0.000,512,4,512,4,"owner=00000000004713DC;isWindow=0;ownerPid=0;get=1;device=1;options=0x8015;name=issue121-33960-8"
2026-09-14T18:48:32.276Z,58492,enumerated_context,0000000000001209,0,0.000,512,4,512,4,"owner=00000000004713DC;isWindow=0;ownerPid=0;get=1;device=1;options=0x8015;name=issue121-33960-7"
2026-09-14T18:48:32.290Z,58492,enumerated_context,0000000000001208,0,0.000,512,4,512,4,"owner=00000000004713DC;isWindow=0;ownerPid=0;get=1;device=1;options=0x8015;name=issue121-33960-6"
2026-09-14T18:48:32.305Z,58492,enumerated_context,0000000000001207,0,0.000,512,4,512,4,"owner=00000000004713DC;isWindow=0;ownerPid=0;get=1;device=1;options=0x8015;name=issue121-33960-5"
2026-09-14T18:48:32.316Z,58492,enumerated_context,0000000000001206,0,0.000,512,4,512,4,"owner=00000000004713DC;isWindow=0;ownerPid=0;get=1;device=1;options=0x8015;name=issue121-33960-4"
2026-09-14T18:48:32.331Z,58492,enumerated_context,0000000000001205,0,0.000,512,4,512,4,"owner=00000000004713DC;isWindow=0;ownerPid=0;get=1;device=1;options=0x8015;name=issue121-33960-3"
2026-09-14T18:48:32.347Z,58492,enumerated_context,0000000000001204,0,0.000,512,4,512,4,"owner=00000000004713DC;isWindow=0;ownerPid=0;get=1;device=1;options=0x8015;name=issue121-33960-2"
2026-09-14T18:48:32.362Z,58492,enumerated_context,0000000000001203,0,0.000,512,4,512,4,"owner=00000000004713DC;isWindow=0;ownerPid=0;get=1;device=1;options=0x8015;name=issue121-33960-1"
2026-09-14T18:48:32.376Z,58492,enumerated_context,0000000000001202,0,0.000,512,4,512,4,"owner=00000000004713DC;isWindow=0;ownerPid=0;get=1;device=1;options=0x8015;name=issue121-33960-0"
2026-09-14T18:48:32.390Z,58492,manager_enum,0000000000000004,1,0.000,512,4,512,4,"callbacks=512"
2026-09-14T18:48:32.405Z,58492,manager_default_digitizer,0000000000000C02,0,0.000,512,4,512,4,"read_only"
2026-09-14T18:48:32.417Z,58492,manager_default_system,0000000000000C01,0,0.000,512,4,512,4,"read_only"
2026-09-14T18:48:32.429Z,58492,manager_close,0000000000000004,1,0.000,512,4,512,4,"hidden"
2026-09-14T18:48:32.557Z,58492,manager_open,0000000000000005,1,0.098,512,4,512,4,"visible;lastError=0"
2026-09-14T18:48:32.573Z,58492,enumerated_context,0000000000000B01,0,0.000,512,4,512,4,"owner=0000000000000000;isWindow=0;ownerPid=0;get=0;device=0;options=0x0;name="
2026-09-14T18:48:32.591Z,58492,enumerated_context,0000000000000AFF,18900,0.000,512,4,512,4,"owner=0000000000A10F6E;isWindow=1;ownerPid=18900;get=1;device=0;options=0x8015;name=issue121-18900-52"
2026-09-14T18:48:32.610Z,58492,enumerated_context,0000000000000AFE,18900,0.000,512,4,512,4,"owner=0000000000A10F6E;isWindow=1;ownerPid=18900;get=1;device=0;options=0x8015;name=issue121-18900-51"
2026-09-14T18:48:32.630Z,58492,enumerated_context,0000000000000AFD,18900,0.000,512,4,512,4,"owner=0000000000A10F6E;isWindow=1;ownerPid=18900;get=1;device=0;options=0x8015;name=issue121-18900-50"
2026-09-14T18:48:32.648Z,58492,enumerated_context,0000000000000AFC,18900,0.000,512,4,512,4,"owner=0000000000A10F6E;isWindow=1;ownerPid=18900;get=1;device=0;options=0x8015;name=issue121-18900-49"
2026-09-14T18:48:32.667Z,58492,enumerated_context,0000000000000AFB,18900,0.000,512,4,512,4,"owner=0000000000A10F6E;isWindow=1;ownerPid=18900;get=1;device=0;options=0x8015;name=issue121-18900-48"
2026-09-14T18:48:32.686Z,58492,enumerated_context,0000000000000AFA,18900,0.000,512,4,512,4,"owner=0000000000A10F6E;isWindow=1;ownerPid=18900;get=1;device=0;options=0x8015;name=issue121-18900-47"
2026-09-14T18:48:32.706Z,58492,enumerated_context,0000000000000AF9,18900,0.000,512,4,512,4,"owner=0000000000A10F6E;isWindow=1;ownerPid=18900;get=1;device=0;options=0x8015;name=issue121-18900-46"
2026-09-14T18:48:32.725Z,58492,enumerated_context,0000000000000AF8,18900,0.000,512,4,512,4,"owner=0000000000A10F6E;isWindow=1;ownerPid=18900;get=1;device=0;options=0x8015;name=issue121-18900-45"
2026-09-14T18:48:32.743Z,58492,enumerated_context,0000000000000AF7,18900,0.000,512,4,512,4,"owner=0000000000A10F6E;isWindow=1;ownerPid=18900;get=1;device=0;options=0x8015;name=issue121-18900-44"
2026-09-14T18:48:32.763Z,58492,enumerated_context,0000000000000AF6,18900,0.000,512,4,512,4,"owner=0000000000A10F6E;isWindow=1;ownerPid=18900;get=1;device=0;options=0x8015;name=issue121-18900-43"
2026-09-14T18:48:32.781Z,58492,enumerated_context,0000000000000AF5,18900,0.000,512,4,512,4,"owner=0000000000A10F6E;isWindow=1;ownerPid=18900;get=1;device=0;options=0x8015;name=issue121-18900-42"
2026-09-14T18:48:32.799Z,58492,enumerated_context,0000000000000AF4,18900,0.000,512,4,512,4,"owner=0000000000A10F6E;isWindow=1;ownerPid=18900;get=1;device=0;options=0x8015;name=issue121-18900-41"
2026-09-14T18:48:32.817Z,58492,enumerated_context,0000000000000AF3,18900,0.000,512,4,512,4,"owner=0000000000A10F6E;isWindow=1;ownerPid=18900;get=1;device=0;options=0x8015;name=issue121-18900-40"
2026-09-14T18:48:32.833Z,58492,enumerated_context,0000000000000AF2,18900,0.000,512,4,512,4,"owner=0000000000A10F6E;isWindow=1;ownerPid=18900;get=1;device=0;options=0x8015;name=issue121-18900-39"
2026-09-14T18:48:32.849Z,58492,enumerated_context,0000000000000AF1,18900,0.000,512,4,512,4,"owner=0000000000A10F6E;isWindow=1;ownerPid=18900;get=1;device=0;options=0x8015;name=issue121-18900-38"
2026-09-14T18:48:32.864Z,58492,enumerated_context,0000000000000AF0,18900,0.000,512,4,512,4,"owner=0000000000A10F6E;isWindow=1;ownerPid=18900;get=1;device=0;options=0x8015;name=issue121-18900-37"
2026-09-14T18:48:32.879Z,58492,enumerated_context,0000000000000AEF,18900,0.000,512,4,512,4,"owner=0000000000A10F6E;isWindow=1;ownerPid=18900;get=1;device=0;options=0x8015;name=issue121-18900-36"
2026-09-14T18:48:32.894Z,58492,enumerated_context,0000000000000AEE,18900,0.000,512,4,512,4,"owner=0000000000A10F6E;isWindow=1;ownerPid=18900;get=1;device=0;options=0x8015;name=issue121-18900-35"
2026-09-14T18:48:32.909Z,58492,enumerated_context,0000000000000AED,18900,0.000,512,4,512,4,"owner=0000000000A10F6E;isWindow=1;ownerPid=18900;get=1;device=0;options=0x8015;name=issue121-18900-34"
2026-09-14T18:48:32.927Z,58492,enumerated_context,0000000000000AEC,18900,0.000,512,4,512,4,"owner=0000000000A10F6E;isWindow=1;ownerPid=18900;get=1;device=0;options=0x8015;name=issue121-18900-33"
2026-09-14T18:48:32.942Z,58492,enumerated_context,0000000000000AEB,18900,0.000,512,4,512,4,"owner=0000000000A10F6E;isWindow=1;ownerPid=18900;get=1;device=0;options=0x8015;name=issue121-18900-32"
2026-09-14T18:48:32.958Z,58492,enumerated_context,0000000000000AEA,18900,0.000,512,4,512,4,"owner=0000000000A10F6E;isWindow=1;ownerPid=18900;get=1;device=0;options=0x8015;name=issue121-18900-31"
2026-09-14T18:48:32.975Z,58492,enumerated_context,0000000000000AE9,18900,0.000,512,4,512,4,"owner=0000000000A10F6E;isWindow=1;ownerPid=18900;get=1;device=0;options=0x8015;name=issue121-18900-30"
2026-09-14T18:48:32.993Z,58492,enumerated_context,0000000000000AE8,18900,0.000,512,4,512,4,"owner=0000000000A10F6E;isWindow=1;ownerPid=18900;get=1;device=0;options=0x8015;name=issue121-18900-29"
2026-09-14T18:48:33.011Z,58492,enumerated_context,0000000000000AE7,18900,0.000,512,4,512,4,"owner=0000000000A10F6E;isWindow=1;ownerPid=18900;get=1;device=0;options=0x8015;name=issue121-18900-28"
2026-09-14T18:48:33.026Z,58492,enumerated_context,0000000000000AE6,18900,0.000,512,4,512,4,"owner=0000000000A10F6E;isWindow=1;ownerPid=18900;get=1;device=0;options=0x8015;name=issue121-18900-27"
2026-09-14T18:48:33.044Z,58492,enumerated_context,0000000000000AE5,18900,0.000,512,4,512,4,"owner=0000000000A10F6E;isWindow=1;ownerPid=18900;get=1;device=0;options=0x8015;name=issue121-18900-26"
2026-09-14T18:48:33.063Z,58492,enumerated_context,0000000000000AE4,18900,0.000,512,4,512,4,"owner=0000000000A10F6E;isWindow=1;ownerPid=18900;get=1;device=0;options=0x8015;name=issue121-18900-25"
2026-09-14T18:48:33.081Z,58492,enumerated_context,0000000000000AE3,18900,0.000,512,4,512,4,"owner=0000000000A10F6E;isWindow=1;ownerPid=18900;get=1;device=0;options=0x8015;name=issue121-18900-24"
2026-09-14T18:48:33.101Z,58492,enumerated_context,0000000000000AE2,18900,0.000,512,4,512,4,"owner=0000000000A10F6E;isWindow=1;ownerPid=18900;get=1;device=0;options=0x8015;name=issue121-18900-23"
2026-09-14T18:48:33.120Z,58492,enumerated_context,0000000000000AE1,18900,0.000,512,4,512,4,"owner=0000000000A10F6E;isWindow=1;ownerPid=18900;get=1;device=0;options=0x8015;name=issue121-18900-22"
2026-09-14T18:48:33.137Z,58492,enumerated_context,0000000000000AE0,18900,0.000,512,4,512,4,"owner=0000000000A10F6E;isWindow=1;ownerPid=18900;get=1;device=0;options=0x8015;name=issue121-18900-21"
2026-09-14T18:48:33.156Z,58492,enumerated_context,0000000000000ADF,18900,0.000,512,4,512,4,"owner=0000000000A10F6E;isWindow=1;ownerPid=18900;get=1;device=0;options=0x8015;name=issue121-18900-20"
2026-09-14T18:48:33.174Z,58492,enumerated_context,0000000000000ADE,18900,0.000,512,4,512,4,"owner=0000000000A10F6E;isWindow=1;ownerPid=18900;get=1;device=0;options=0x8015;name=issue121-18900-19"
2026-09-14T18:48:33.194Z,58492,enumerated_context,0000000000000ADD,18900,0.000,512,4,512,4,"owner=0000000000A10F6E;isWindow=1;ownerPid=18900;get=1;device=0;options=0x8015;name=issue121-18900-18"
2026-09-14T18:48:33.209Z,58492,enumerated_context,0000000000000ADC,18900,0.000,512,4,512,4,"owner=0000000000A10F6E;isWindow=1;ownerPid=18900;get=1;device=0;options=0x8015;name=issue121-18900-17"
2026-09-14T18:48:33.227Z,58492,enumerated_context,0000000000000ADB,18900,0.000,512,4,512,4,"owner=0000000000A10F6E;isWindow=1;ownerPid=18900;get=1;device=0;options=0x8015;name=issue121-18900-16"
2026-09-14T18:48:33.246Z,58492,enumerated_context,0000000000000ADA,18900,0.000,512,4,512,4,"owner=0000000000A10F6E;isWindow=1;ownerPid=18900;get=1;device=0;options=0x8015;name=issue121-18900-15"
2026-09-14T18:48:33.265Z,58492,enumerated_context,0000000000000AD9,18900,0.000,512,4,512,4,"owner=0000000000A10F6E;isWindow=1;ownerPid=18900;get=1;device=0;options=0x8015;name=issue121-18900-14"
2026-09-14T18:48:33.283Z,58492,enumerated_context,0000000000000AD8,18900,0.000,512,4,512,4,"owner=0000000000A10F6E;isWindow=1;ownerPid=18900;get=1;device=0;options=0x8015;name=issue121-18900-13"
2026-09-14T18:48:33.300Z,58492,enumerated_context,0000000000000AD7,18900,0.000,512,4,512,4,"owner=0000000000A10F6E;isWindow=1;ownerPid=18900;get=1;device=0;options=0x8015;name=issue121-18900-12"
2026-09-14T18:48:33.316Z,58492,enumerated_context,0000000000000AD6,18900,0.000,512,4,512,4,"owner=0000000000A10F6E;isWindow=1;ownerPid=18900;get=1;device=0;options=0x8015;name=issue121-18900-11"
2026-09-14T18:48:33.336Z,58492,enumerated_context,0000000000000AD5,18900,0.000,512,4,512,4,"owner=0000000000A10F6E;isWindow=1;ownerPid=18900;get=1;device=0;options=0x8015;name=issue121-18900-10"
2026-09-14T18:48:33.353Z,58492,enumerated_context,0000000000000AD4,18900,0.000,512,4,512,4,"owner=0000000000A10F6E;isWindow=1;ownerPid=18900;get=1;device=0;options=0x8015;name=issue121-18900-9"
2026-09-14T18:48:33.373Z,58492,enumerated_context,0000000000000AD3,18900,0.000,512,4,512,4,"owner=0000000000A10F6E;isWindow=1;ownerPid=18900;get=1;device=0;options=0x8015;name=issue121-18900-8"
2026-09-14T18:48:33.392Z,58492,enumerated_context,0000000000000AD2,18900,0.000,512,4,512,4,"owner=0000000000A10F6E;isWindow=1;ownerPid=18900;get=1;device=0;options=0x8015;name=issue121-18900-7"
2026-09-14T18:48:33.412Z,58492,enumerated_context,0000000000000AD1,18900,0.000,512,4,512,4,"owner=0000000000A10F6E;isWindow=1;ownerPid=18900;get=1;device=0;options=0x8015;name=issue121-18900-6"
2026-09-14T18:48:33.431Z,58492,enumerated_context,0000000000000AD0,18900,0.000,512,4,512,4,"owner=0000000000A10F6E;isWindow=1;ownerPid=18900;get=1;device=0;options=0x8015;name=issue121-18900-5"
2026-09-14T18:48:33.451Z,58492,enumerated_context,0000000000000ACF,18900,0.000,512,4,512,4,"owner=0000000000A10F6E;isWindow=1;ownerPid=18900;get=1;device=0;options=0x8015;name=issue121-18900-4"
2026-09-14T18:48:33.467Z,58492,enumerated_context,0000000000000ACE,18900,0.000,512,4,512,4,"owner=0000000000A10F6E;isWindow=1;ownerPid=18900;get=1;device=0;options=0x8015;name=issue121-18900-3"
2026-09-14T18:48:33.483Z,58492,enumerated_context,0000000000000ACD,18900,0.000,512,4,512,4,"owner=0000000000A10F6E;isWindow=1;ownerPid=18900;get=1;device=0;options=0x8015;name=issue121-18900-2"
2026-09-14T18:48:33.503Z,58492,enumerated_context,0000000000000ACC,18900,0.000,512,4,512,4,"owner=0000000000A10F6E;isWindow=1;ownerPid=18900;get=1;device=0;options=0x8015;name=issue121-18900-1"
2026-09-14T18:48:33.516Z,58492,enumerated_context,0000000000000ACB,18900,0.000,512,4,512,4,"owner=0000000000A10F6E;isWindow=1;ownerPid=18900;get=1;device=0;options=0x8015;name=issue121-18900-0"
2026-09-14T18:48:33.533Z,58492,enumerated_context,0000000000000801,0,0.000,512,4,512,4,"owner=0000000000000000;isWindow=0;ownerPid=0;get=1;device=0;options=0x8011;name="
2026-09-14T18:48:33.551Z,58492,enumerated_context,0000000000000B00,0,0.000,512,4,512,4,"owner=0000000000000000;isWindow=0;ownerPid=0;get=0;device=0;options=0x0;name="
2026-09-14T18:48:33.567Z,58492,enumerated_context,0000000000000ACA,0,0.000,512,4,512,4,"owner=00000000004913DC;isWindow=0;ownerPid=0;get=1;device=0;options=0x8015;name=issue121-50160-66"
2026-09-14T18:48:33.584Z,58492,enumerated_context,0000000000000AC9,0,0.000,512,4,512,4,"owner=00000000004913DC;isWindow=0;ownerPid=0;get=1;device=0;options=0x8015;name=issue121-50160-65"
2026-09-14T18:48:33.603Z,58492,enumerated_context,0000000000000AC8,0,0.000,512,4,512,4,"owner=00000000004913DC;isWindow=0;ownerPid=0;get=1;device=0;options=0x8015;name=issue121-50160-64"
2026-09-14T18:48:33.620Z,58492,enumerated_context,0000000000000AC7,0,0.000,512,4,512,4,"owner=00000000004913DC;isWindow=0;ownerPid=0;get=1;device=0;options=0x8015;name=issue121-50160-63"
2026-09-14T18:48:33.636Z,58492,enumerated_context,0000000000000AC6,0,0.000,512,4,512,4,"owner=00000000004913DC;isWindow=0;ownerPid=0;get=1;device=0;options=0x8015;name=issue121-50160-62"
2026-09-14T18:48:33.655Z,58492,enumerated_context,0000000000000AC5,0,0.000,512,4,512,4,"owner=00000000004913DC;isWindow=0;ownerPid=0;get=1;device=0;options=0x8015;name=issue121-50160-61"
2026-09-14T18:48:33.672Z,58492,enumerated_context,0000000000000AC4,0,0.000,512,4,512,4,"owner=00000000004913DC;isWindow=0;ownerPid=0;get=1;device=0;options=0x8015;name=issue121-50160-60"
2026-09-14T18:48:33.691Z,58492,enumerated_context,0000000000000AC3,0,0.000,512,4,512,4,"owner=00000000004913DC;isWindow=0;ownerPid=0;get=1;device=0;options=0x8015;name=issue121-50160-59"
2026-09-14T18:48:33.710Z,58492,enumerated_context,0000000000000AC2,0,0.000,512,4,512,4,"owner=00000000004913DC;isWindow=0;ownerPid=0;get=1;device=0;options=0x8015;name=issue121-50160-58"
2026-09-14T18:48:33.728Z,58492,enumerated_context,0000000000000AC1,0,0.000,512,4,512,4,"owner=00000000004913DC;isWindow=0;ownerPid=0;get=1;device=0;options=0x8015;name=issue121-50160-57"
2026-09-14T18:48:33.748Z,58492,enumerated_context,0000000000000AC0,0,0.000,512,4,512,4,"owner=00000000004913DC;isWindow=0;ownerPid=0;get=1;device=0;options=0x8015;name=issue121-50160-56"
2026-09-14T18:48:33.768Z,58492,enumerated_context,0000000000000ABF,0,0.000,512,4,512,4,"owner=00000000004913DC;isWindow=0;ownerPid=0;get=1;device=0;options=0x8015;name=issue121-50160-55"
2026-09-14T18:48:33.787Z,58492,enumerated_context,0000000000000ABE,0,0.000,512,4,512,4,"owner=00000000004913DC;isWindow=0;ownerPid=0;get=1;device=0;options=0x8015;name=issue121-50160-54"
2026-09-14T18:48:33.807Z,58492,enumerated_context,0000000000000ABD,0,0.000,512,4,512,4,"owner=00000000004913DC;isWindow=0;ownerPid=0;get=1;device=0;options=0x8015;name=issue121-50160-53"
2026-09-14T18:48:33.830Z,58492,enumerated_context,0000000000000ABC,0,0.000,512,4,512,4,"owner=00000000004913DC;isWindow=0;ownerPid=0;get=1;device=0;options=0x8015;name=issue121-50160-52"
2026-09-14T18:48:33.847Z,58492,enumerated_context,0000000000000ABB,0,0.000,512,4,512,4,"owner=00000000004913DC;isWindow=0;ownerPid=0;get=1;device=0;options=0x8015;name=issue121-50160-51"
2026-09-14T18:48:33.866Z,58492,enumerated_context,0000000000000ABA,0,0.000,512,4,512,4,"owner=00000000004913DC;isWindow=0;ownerPid=0;get=1;device=0;options=0x8015;name=issue121-50160-50"
2026-09-14T18:48:33.885Z,58492,enumerated_context,0000000000000AB9,0,0.000,512,4,512,4,"owner=00000000004913DC;isWindow=0;ownerPid=0;get=1;device=0;options=0x8015;name=issue121-50160-49"
2026-09-14T18:48:33.903Z,58492,enumerated_context,0000000000000AB8,0,0.000,512,4,512,4,"owner=00000000004913DC;isWindow=0;ownerPid=0;get=1;device=0;options=0x8015;name=issue121-50160-48"
2026-09-14T18:48:33.918Z,58492,enumerated_context,0000000000000AB7,0,0.000,512,4,512,4,"owner=00000000004913DC;isWindow=0;ownerPid=0;get=1;device=0;options=0x8015;name=issue121-50160-47"
2026-09-14T18:48:33.935Z,58492,enumerated_context,0000000000000AB6,0,0.000,512,4,512,4,"owner=00000000004913DC;isWindow=0;ownerPid=0;get=1;device=0;options=0x8015;name=issue121-50160-46"
2026-09-14T18:48:33.949Z,58492,enumerated_context,0000000000000AB5,0,0.000,512,4,512,4,"owner=00000000004913DC;isWindow=0;ownerPid=0;get=1;device=0;options=0x8015;name=issue121-50160-45"
2026-09-14T18:48:33.967Z,58492,enumerated_context,0000000000000AB4,0,0.000,512,4,512,4,"owner=00000000004913DC;isWindow=0;ownerPid=0;get=1;device=0;options=0x8015;name=issue121-50160-44"
2026-09-14T18:48:33.983Z,58492,enumerated_context,0000000000000AB3,0,0.000,512,4,512,4,"owner=00000000004913DC;isWindow=0;ownerPid=0;get=1;device=0;options=0x8015;name=issue121-50160-43"
2026-09-14T18:48:34.000Z,58492,enumerated_context,0000000000000AB2,0,0.000,512,4,512,4,"owner=00000000004913DC;isWindow=0;ownerPid=0;get=1;device=0;options=0x8015;name=issue121-50160-42"
2026-09-14T18:48:34.016Z,58492,enumerated_context,0000000000000AB1,0,0.000,512,4,512,4,"owner=00000000004913DC;isWindow=0;ownerPid=0;get=1;device=0;options=0x8015;name=issue121-50160-41"
2026-09-14T18:48:34.033Z,58492,enumerated_context,0000000000000AB0,0,0.000,512,4,512,4,"owner=00000000004913DC;isWindow=0;ownerPid=0;get=1;device=0;options=0x8015;name=issue121-50160-40"
2026-09-14T18:48:34.049Z,58492,enumerated_context,0000000000000AAF,0,0.000,512,4,512,4,"owner=00000000004913DC;isWindow=0;ownerPid=0;get=1;device=0;options=0x8015;name=issue121-50160-39"
2026-09-14T18:48:34.067Z,58492,enumerated_context,0000000000000AAE,0,0.000,512,4,512,4,"owner=00000000004913DC;isWindow=0;ownerPid=0;get=1;device=0;options=0x8015;name=issue121-50160-38"
2026-09-14T18:48:34.085Z,58492,enumerated_context,0000000000000AAD,0,0.000,512,4,512,4,"owner=00000000004913DC;isWindow=0;ownerPid=0;get=1;device=0;options=0x8015;name=issue121-50160-37"
2026-09-14T18:48:34.102Z,58492,enumerated_context,0000000000000AAC,0,0.000,512,4,512,4,"owner=00000000004913DC;isWindow=0;ownerPid=0;get=1;device=0;options=0x8015;name=issue121-50160-36"
2026-09-14T18:48:34.119Z,58492,enumerated_context,0000000000000AAB,0,0.000,512,4,512,4,"owner=00000000004913DC;isWindow=0;ownerPid=0;get=1;device=0;options=0x8015;name=issue121-50160-35"
2026-09-14T18:48:34.136Z,58492,enumerated_context,0000000000000AAA,0,0.000,512,4,512,4,"owner=00000000004913DC;isWindow=0;ownerPid=0;get=1;device=0;options=0x8015;name=issue121-50160-34"
2026-09-14T18:48:34.155Z,58492,enumerated_context,0000000000000AA9,0,0.000,512,4,512,4,"owner=00000000004913DC;isWindow=0;ownerPid=0;get=1;device=0;options=0x8015;name=issue121-50160-33"
2026-09-14T18:48:34.171Z,58492,enumerated_context,0000000000000AA8,0,0.000,512,4,512,4,"owner=00000000004913DC;isWindow=0;ownerPid=0;get=1;device=0;options=0x8015;name=issue121-50160-32"
2026-09-14T18:48:34.187Z,58492,enumerated_context,0000000000000AA7,0,0.000,512,4,512,4,"owner=00000000004913DC;isWindow=0;ownerPid=0;get=1;device=0;options=0x8015;name=issue121-50160-31"
2026-09-14T18:48:34.201Z,58492,enumerated_context,0000000000000AA6,0,0.000,512,4,512,4,"owner=00000000004913DC;isWindow=0;ownerPid=0;get=1;device=0;options=0x8015;name=issue121-50160-30"
2026-09-14T18:48:34.214Z,58492,enumerated_context,0000000000000AA5,0,0.000,512,4,512,4,"owner=00000000004913DC;isWindow=0;ownerPid=0;get=1;device=0;options=0x8015;name=issue121-50160-29"
2026-09-14T18:48:34.233Z,58492,enumerated_context,0000000000000AA4,0,0.000,512,4,512,4,"owner=00000000004913DC;isWindow=0;ownerPid=0;get=1;device=0;options=0x8015;name=issue121-50160-28"
2026-09-14T18:48:34.249Z,58492,enumerated_context,0000000000000AA3,0,0.000,512,4,512,4,"owner=00000000004913DC;isWindow=0;ownerPid=0;get=1;device=0;options=0x8015;name=issue121-50160-27"
2026-09-14T18:48:34.265Z,58492,enumerated_context,0000000000000AA2,0,0.000,512,4,512,4,"owner=00000000004913DC;isWindow=0;ownerPid=0;get=1;device=0;options=0x8015;name=issue121-50160-26"
2026-09-14T18:48:34.283Z,58492,enumerated_context,0000000000000AA1,0,0.000,512,4,512,4,"owner=00000000004913DC;isWindow=0;ownerPid=0;get=1;device=0;options=0x8015;name=issue121-50160-25"
2026-09-14T18:48:34.301Z,58492,enumerated_context,0000000000000AA0,0,0.000,512,4,512,4,"owner=00000000004913DC;isWindow=0;ownerPid=0;get=1;device=0;options=0x8015;name=issue121-50160-24"
2026-09-14T18:48:34.317Z,58492,enumerated_context,0000000000000A9F,0,0.000,512,4,512,4,"owner=00000000004913DC;isWindow=0;ownerPid=0;get=1;device=0;options=0x8015;name=issue121-50160-23"
2026-09-14T18:48:34.332Z,58492,enumerated_context,0000000000000A9E,0,0.000,512,4,512,4,"owner=00000000004913DC;isWindow=0;ownerPid=0;get=1;device=0;options=0x8015;name=issue121-50160-22"
2026-09-14T18:48:34.350Z,58492,enumerated_context,0000000000000A9D,0,0.000,512,4,512,4,"owner=00000000004913DC;isWindow=0;ownerPid=0;get=1;device=0;options=0x8015;name=issue121-50160-21"
2026-09-14T18:48:34.366Z,58492,enumerated_context,0000000000000A9C,0,0.000,512,4,512,4,"owner=00000000004913DC;isWindow=0;ownerPid=0;get=1;device=0;options=0x8015;name=issue121-50160-20"
2026-09-14T18:48:34.383Z,58492,enumerated_context,0000000000000A9B,0,0.000,512,4,512,4,"owner=00000000004913DC;isWindow=0;ownerPid=0;get=1;device=0;options=0x8015;name=issue121-50160-19"
2026-09-14T18:48:34.398Z,58492,enumerated_context,0000000000000A9A,0,0.000,512,4,512,4,"owner=00000000004913DC;isWindow=0;ownerPid=0;get=1;device=0;options=0x8015;name=issue121-50160-18"
2026-09-14T18:48:34.415Z,58492,enumerated_context,0000000000000A99,0,0.000,512,4,512,4,"owner=00000000004913DC;isWindow=0;ownerPid=0;get=1;device=0;options=0x8015;name=issue121-50160-17"
2026-09-14T18:48:34.431Z,58492,enumerated_context,0000000000000A98,0,0.000,512,4,512,4,"owner=00000000004913DC;isWindow=0;ownerPid=0;get=1;device=0;options=0x8015;name=issue121-50160-16"
2026-09-14T18:48:34.449Z,58492,enumerated_context,0000000000000A97,0,0.000,512,4,512,4,"owner=00000000004913DC;isWindow=0;ownerPid=0;get=1;device=0;options=0x8015;name=issue121-50160-15"
2026-09-14T18:48:34.467Z,58492,enumerated_context,0000000000000A96,0,0.000,512,4,512,4,"owner=00000000004913DC;isWindow=0;ownerPid=0;get=1;device=0;options=0x8015;name=issue121-50160-14"
2026-09-14T18:48:34.486Z,58492,enumerated_context,0000000000000A95,0,0.000,512,4,512,4,"owner=00000000004913DC;isWindow=0;ownerPid=0;get=1;device=0;options=0x8015;name=issue121-50160-13"
2026-09-14T18:48:34.502Z,58492,enumerated_context,0000000000000A94,0,0.000,512,4,512,4,"owner=00000000004913DC;isWindow=0;ownerPid=0;get=1;device=0;options=0x8015;name=issue121-50160-12"
2026-09-14T18:48:34.516Z,58492,enumerated_context,0000000000000A93,0,0.000,512,4,512,4,"owner=00000000004913DC;isWindow=0;ownerPid=0;get=1;device=0;options=0x8015;name=issue121-50160-11"
2026-09-14T18:48:34.532Z,58492,enumerated_context,0000000000000A92,0,0.000,512,4,512,4,"owner=00000000004913DC;isWindow=0;ownerPid=0;get=1;device=0;options=0x8015;name=issue121-50160-10"
2026-09-14T18:48:34.549Z,58492,enumerated_context,0000000000000A91,0,0.000,512,4,512,4,"owner=00000000004913DC;isWindow=0;ownerPid=0;get=1;device=0;options=0x8015;name=issue121-50160-9"
2026-09-14T18:48:34.564Z,58492,enumerated_context,0000000000000A90,0,0.000,512,4,512,4,"owner=00000000004913DC;isWindow=0;ownerPid=0;get=1;device=0;options=0x8015;name=issue121-50160-8"
2026-09-14T18:48:34.580Z,58492,enumerated_context,0000000000000A8F,0,0.000,512,4,512,4,"owner=00000000004913DC;isWindow=0;ownerPid=0;get=1;device=0;options=0x8015;name=issue121-50160-7"
2026-09-14T18:48:34.598Z,58492,enumerated_context,0000000000000A8E,0,0.000,512,4,512,4,"owner=00000000004913DC;isWindow=0;ownerPid=0;get=1;device=0;options=0x8015;name=issue121-50160-6"
2026-09-14T18:48:34.615Z,58492,enumerated_context,0000000000000A8D,0,0.000,512,4,512,4,"owner=00000000004913DC;isWindow=0;ownerPid=0;get=1;device=0;options=0x8015;name=issue121-50160-5"
2026-09-14T18:48:34.630Z,58492,enumerated_context,0000000000000A8C,0,0.000,512,4,512,4,"owner=00000000004913DC;isWindow=0;ownerPid=0;get=1;device=0;options=0x8015;name=issue121-50160-4"
2026-09-14T18:48:34.648Z,58492,enumerated_context,0000000000000A8B,0,0.000,512,4,512,4,"owner=00000000004913DC;isWindow=0;ownerPid=0;get=1;device=0;options=0x8015;name=issue121-50160-3"
2026-09-14T18:48:34.663Z,58492,enumerated_context,0000000000000A8A,0,0.000,512,4,512,4,"owner=00000000004913DC;isWindow=0;ownerPid=0;get=1;device=0;options=0x8015;name=issue121-50160-2"
2026-09-14T18:48:34.680Z,58492,enumerated_context,0000000000000A89,0,0.000,512,4,512,4,"owner=00000000004913DC;isWindow=0;ownerPid=0;get=1;device=0;options=0x8015;name=issue121-50160-1"
2026-09-14T18:48:34.696Z,58492,enumerated_context,0000000000000A88,0,0.000,512,4,512,4,"owner=00000000004913DC;isWindow=0;ownerPid=0;get=1;device=0;options=0x8015;name=issue121-50160-0"
2026-09-14T18:48:34.713Z,58492,enumerated_context,0000000000000A87,0,0.000,512,4,512,4,"owner=00000000004813DC;isWindow=0;ownerPid=0;get=1;device=0;options=0x8015;name=issue121-44524-66"
2026-09-14T18:48:34.729Z,58492,enumerated_context,0000000000000A86,0,0.000,512,4,512,4,"owner=00000000004813DC;isWindow=0;ownerPid=0;get=1;device=0;options=0x8015;name=issue121-44524-65"
2026-09-14T18:48:34.746Z,58492,enumerated_context,0000000000000A85,0,0.000,512,4,512,4,"owner=00000000004813DC;isWindow=0;ownerPid=0;get=1;device=0;options=0x8015;name=issue121-44524-64"
2026-09-14T18:48:34.765Z,58492,enumerated_context,0000000000000A84,0,0.000,512,4,512,4,"owner=00000000004813DC;isWindow=0;ownerPid=0;get=1;device=0;options=0x8015;name=issue121-44524-63"
2026-09-14T18:48:34.780Z,58492,enumerated_context,0000000000000A83,0,0.000,512,4,512,4,"owner=00000000004813DC;isWindow=0;ownerPid=0;get=1;device=0;options=0x8015;name=issue121-44524-62"
2026-09-14T18:48:34.797Z,58492,enumerated_context,0000000000000A82,0,0.000,512,4,512,4,"owner=00000000004813DC;isWindow=0;ownerPid=0;get=1;device=0;options=0x8015;name=issue121-44524-61"
2026-09-14T18:48:34.818Z,58492,enumerated_context,0000000000000A81,0,0.000,512,4,512,4,"owner=00000000004813DC;isWindow=0;ownerPid=0;get=1;device=0;options=0x8015;name=issue121-44524-60"
2026-09-14T18:48:34.833Z,58492,enumerated_context,0000000000000A80,0,0.000,512,4,512,4,"owner=00000000004813DC;isWindow=0;ownerPid=0;get=1;device=0;options=0x8015;name=issue121-44524-59"
2026-09-14T18:48:34.851Z,58492,enumerated_context,0000000000000A7F,0,0.000,512,4,512,4,"owner=00000000004813DC;isWindow=0;ownerPid=0;get=1;device=0;options=0x8015;name=issue121-44524-58"
2026-09-14T18:48:34.868Z,58492,enumerated_context,0000000000000A7E,0,0.000,512,4,512,4,"owner=00000000004813DC;isWindow=0;ownerPid=0;get=1;device=0;options=0x8015;name=issue121-44524-57"
2026-09-14T18:48:34.886Z,58492,enumerated_context,0000000000000A7D,0,0.000,512,4,512,4,"owner=00000000004813DC;isWindow=0;ownerPid=0;get=1;device=0;options=0x8015;name=issue121-44524-56"
2026-09-14T18:48:34.905Z,58492,enumerated_context,0000000000000A7C,0,0.000,512,4,512,4,"owner=00000000004813DC;isWindow=0;ownerPid=0;get=1;device=0;options=0x8015;name=issue121-44524-55"
2026-09-14T18:48:34.923Z,58492,enumerated_context,0000000000000A7B,0,0.000,512,4,512,4,"owner=00000000004813DC;isWindow=0;ownerPid=0;get=1;device=0;options=0x8015;name=issue121-44524-54"
2026-09-14T18:48:34.941Z,58492,enumerated_context,0000000000000A7A,0,0.000,512,4,512,4,"owner=00000000004813DC;isWindow=0;ownerPid=0;get=1;device=0;options=0x8015;name=issue121-44524-53"
2026-09-14T18:48:34.960Z,58492,enumerated_context,0000000000000A79,0,0.000,512,4,512,4,"owner=00000000004813DC;isWindow=0;ownerPid=0;get=1;device=0;options=0x8015;name=issue121-44524-52"
2026-09-14T18:48:34.978Z,58492,enumerated_context,0000000000000A78,0,0.000,512,4,512,4,"owner=00000000004813DC;isWindow=0;ownerPid=0;get=1;device=0;options=0x8015;name=issue121-44524-51"
2026-09-14T18:48:34.995Z,58492,enumerated_context,0000000000000A77,0,0.000,512,4,512,4,"owner=00000000004813DC;isWindow=0;ownerPid=0;get=1;device=0;options=0x8015;name=issue121-44524-50"
2026-09-14T18:48:35.013Z,58492,enumerated_context,0000000000000A76,0,0.000,512,4,512,4,"owner=00000000004813DC;isWindow=0;ownerPid=0;get=1;device=0;options=0x8015;name=issue121-44524-49"
2026-09-14T18:48:35.031Z,58492,enumerated_context,0000000000000A75,0,0.000,512,4,512,4,"owner=00000000004813DC;isWindow=0;ownerPid=0;get=1;device=0;options=0x8015;name=issue121-44524-48"
2026-09-14T18:48:35.049Z,58492,enumerated_context,0000000000000A74,0,0.000,512,4,512,4,"owner=00000000004813DC;isWindow=0;ownerPid=0;get=1;device=0;options=0x8015;name=issue121-44524-47"
2026-09-14T18:48:35.066Z,58492,enumerated_context,0000000000000A73,0,0.000,512,4,512,4,"owner=00000000004813DC;isWindow=0;ownerPid=0;get=1;device=0;options=0x8015;name=issue121-44524-46"
2026-09-14T18:48:35.085Z,58492,enumerated_context,0000000000000A72,0,0.000,512,4,512,4,"owner=00000000004813DC;isWindow=0;ownerPid=0;get=1;device=0;options=0x8015;name=issue121-44524-45"
2026-09-14T18:48:35.103Z,58492,enumerated_context,0000000000000A71,0,0.000,512,4,512,4,"owner=00000000004813DC;isWindow=0;ownerPid=0;get=1;device=0;options=0x8015;name=issue121-44524-44"
2026-09-14T18:48:35.121Z,58492,enumerated_context,0000000000000A70,0,0.000,512,4,512,4,"owner=00000000004813DC;isWindow=0;ownerPid=0;get=1;device=0;options=0x8015;name=issue121-44524-43"
2026-09-14T18:48:35.139Z,58492,enumerated_context,0000000000000A6F,0,0.000,512,4,512,4,"owner=00000000004813DC;isWindow=0;ownerPid=0;get=1;device=0;options=0x8015;name=issue121-44524-42"
2026-09-14T18:48:35.160Z,58492,enumerated_context,0000000000000A6E,0,0.000,512,4,512,4,"owner=00000000004813DC;isWindow=0;ownerPid=0;get=1;device=0;options=0x8015;name=issue121-44524-41"
2026-09-14T18:48:35.177Z,58492,enumerated_context,0000000000000A6D,0,0.000,512,4,512,4,"owner=00000000004813DC;isWindow=0;ownerPid=0;get=1;device=0;options=0x8015;name=issue121-44524-40"
2026-09-14T18:48:35.197Z,58492,enumerated_context,0000000000000A6C,0,0.000,512,4,512,4,"owner=00000000004813DC;isWindow=0;ownerPid=0;get=1;device=0;options=0x8015;name=issue121-44524-39"
2026-09-14T18:48:35.214Z,58492,enumerated_context,0000000000000A6B,0,0.000,512,4,512,4,"owner=00000000004813DC;isWindow=0;ownerPid=0;get=1;device=0;options=0x8015;name=issue121-44524-38"
2026-09-14T18:48:35.231Z,58492,enumerated_context,0000000000000A6A,0,0.000,512,4,512,4,"owner=00000000004813DC;isWindow=0;ownerPid=0;get=1;device=0;options=0x8015;name=issue121-44524-37"
2026-09-14T18:48:35.248Z,58492,enumerated_context,0000000000000A69,0,0.000,512,4,512,4,"owner=00000000004813DC;isWindow=0;ownerPid=0;get=1;device=0;options=0x8015;name=issue121-44524-36"
2026-09-14T18:48:35.266Z,58492,enumerated_context,0000000000000A68,0,0.000,512,4,512,4,"owner=00000000004813DC;isWindow=0;ownerPid=0;get=1;device=0;options=0x8015;name=issue121-44524-35"
2026-09-14T18:48:35.285Z,58492,enumerated_context,0000000000000A67,0,0.000,512,4,512,4,"owner=00000000004813DC;isWindow=0;ownerPid=0;get=1;device=0;options=0x8015;name=issue121-44524-34"
2026-09-14T18:48:35.305Z,58492,enumerated_context,0000000000000A66,0,0.000,512,4,512,4,"owner=00000000004813DC;isWindow=0;ownerPid=0;get=1;device=0;options=0x8015;name=issue121-44524-33"
2026-09-14T18:48:35.323Z,58492,enumerated_context,0000000000000A65,0,0.000,512,4,512,4,"owner=00000000004813DC;isWindow=0;ownerPid=0;get=1;device=0;options=0x8015;name=issue121-44524-32"
2026-09-14T18:48:35.343Z,58492,enumerated_context,0000000000000A64,0,0.000,512,4,512,4,"owner=00000000004813DC;isWindow=0;ownerPid=0;get=1;device=0;options=0x8015;name=issue121-44524-31"
2026-09-14T18:48:35.361Z,58492,enumerated_context,0000000000000A63,0,0.000,512,4,512,4,"owner=00000000004813DC;isWindow=0;ownerPid=0;get=1;device=0;options=0x8015;name=issue121-44524-30"
2026-09-14T18:48:35.379Z,58492,enumerated_context,0000000000000A62,0,0.000,512,4,512,4,"owner=00000000004813DC;isWindow=0;ownerPid=0;get=1;device=0;options=0x8015;name=issue121-44524-29"
2026-09-14T18:48:35.400Z,58492,enumerated_context,0000000000000A61,0,0.000,512,4,512,4,"owner=00000000004813DC;isWindow=0;ownerPid=0;get=1;device=0;options=0x8015;name=issue121-44524-28"
2026-09-14T18:48:35.419Z,58492,enumerated_context,0000000000000A60,0,0.000,512,4,512,4,"owner=00000000004813DC;isWindow=0;ownerPid=0;get=1;device=0;options=0x8015;name=issue121-44524-27"
2026-09-14T18:48:35.439Z,58492,enumerated_context,0000000000000A5F,0,0.000,512,4,512,4,"owner=00000000004813DC;isWindow=0;ownerPid=0;get=1;device=0;options=0x8015;name=issue121-44524-26"
2026-09-14T18:48:35.457Z,58492,enumerated_context,0000000000000A5E,0,0.000,512,4,512,4,"owner=00000000004813DC;isWindow=0;ownerPid=0;get=1;device=0;options=0x8015;name=issue121-44524-25"
2026-09-14T18:48:35.476Z,58492,enumerated_context,0000000000000A5D,0,0.000,512,4,512,4,"owner=00000000004813DC;isWindow=0;ownerPid=0;get=1;device=0;options=0x8015;name=issue121-44524-24"
2026-09-14T18:48:35.494Z,58492,enumerated_context,0000000000000A5C,0,0.000,512,4,512,4,"owner=00000000004813DC;isWindow=0;ownerPid=0;get=1;device=0;options=0x8015;name=issue121-44524-23"
2026-09-14T18:48:35.513Z,58492,enumerated_context,0000000000000A5B,0,0.000,512,4,512,4,"owner=00000000004813DC;isWindow=0;ownerPid=0;get=1;device=0;options=0x8015;name=issue121-44524-22"
2026-09-14T18:48:35.531Z,58492,enumerated_context,0000000000000A5A,0,0.000,512,4,512,4,"owner=00000000004813DC;isWindow=0;ownerPid=0;get=1;device=0;options=0x8015;name=issue121-44524-21"
2026-09-14T18:48:35.549Z,58492,enumerated_context,0000000000000A59,0,0.000,512,4,512,4,"owner=00000000004813DC;isWindow=0;ownerPid=0;get=1;device=0;options=0x8015;name=issue121-44524-20"
2026-09-14T18:48:35.568Z,58492,enumerated_context,0000000000000A58,0,0.000,512,4,512,4,"owner=00000000004813DC;isWindow=0;ownerPid=0;get=1;device=0;options=0x8015;name=issue121-44524-19"
2026-09-14T18:48:35.588Z,58492,enumerated_context,0000000000000A57,0,0.000,512,4,512,4,"owner=00000000004813DC;isWindow=0;ownerPid=0;get=1;device=0;options=0x8015;name=issue121-44524-18"
2026-09-14T18:48:35.607Z,58492,enumerated_context,0000000000000A56,0,0.000,512,4,512,4,"owner=00000000004813DC;isWindow=0;ownerPid=0;get=1;device=0;options=0x8015;name=issue121-44524-17"
2026-09-14T18:48:35.626Z,58492,enumerated_context,0000000000000A55,0,0.000,512,4,512,4,"owner=00000000004813DC;isWindow=0;ownerPid=0;get=1;device=0;options=0x8015;name=issue121-44524-16"
2026-09-14T18:48:35.643Z,58492,enumerated_context,0000000000000A54,0,0.000,512,4,512,4,"owner=00000000004813DC;isWindow=0;ownerPid=0;get=1;device=0;options=0x8015;name=issue121-44524-15"
2026-09-14T18:48:35.661Z,58492,enumerated_context,0000000000000A53,0,0.000,512,4,512,4,"owner=00000000004813DC;isWindow=0;ownerPid=0;get=1;device=0;options=0x8015;name=issue121-44524-14"
2026-09-14T18:48:35.676Z,58492,enumerated_context,0000000000000A52,0,0.000,512,4,512,4,"owner=00000000004813DC;isWindow=0;ownerPid=0;get=1;device=0;options=0x8015;name=issue121-44524-13"
2026-09-14T18:48:35.691Z,58492,enumerated_context,0000000000000A51,0,0.000,512,4,512,4,"owner=00000000004813DC;isWindow=0;ownerPid=0;get=1;device=0;options=0x8015;name=issue121-44524-12"
2026-09-14T18:48:35.707Z,58492,enumerated_context,0000000000000A50,0,0.000,512,4,512,4,"owner=00000000004813DC;isWindow=0;ownerPid=0;get=1;device=0;options=0x8015;name=issue121-44524-11"
2026-09-14T18:48:35.723Z,58492,enumerated_context,0000000000000A4F,0,0.000,512,4,512,4,"owner=00000000004813DC;isWindow=0;ownerPid=0;get=1;device=0;options=0x8015;name=issue121-44524-10"
2026-09-14T18:48:35.740Z,58492,enumerated_context,0000000000000A4E,0,0.000,512,4,512,4,"owner=00000000004813DC;isWindow=0;ownerPid=0;get=1;device=0;options=0x8015;name=issue121-44524-9"
2026-09-14T18:48:35.755Z,58492,enumerated_context,0000000000000A4D,0,0.000,512,4,512,4,"owner=00000000004813DC;isWindow=0;ownerPid=0;get=1;device=0;options=0x8015;name=issue121-44524-8"
2026-09-14T18:48:35.770Z,58492,enumerated_context,0000000000000A4C,0,0.000,512,4,512,4,"owner=00000000004813DC;isWindow=0;ownerPid=0;get=1;device=0;options=0x8015;name=issue121-44524-7"
2026-09-14T18:48:35.787Z,58492,enumerated_context,0000000000000A4B,0,0.000,512,4,512,4,"owner=00000000004813DC;isWindow=0;ownerPid=0;get=1;device=0;options=0x8015;name=issue121-44524-6"
2026-09-14T18:48:35.804Z,58492,enumerated_context,0000000000000A4A,0,0.000,512,4,512,4,"owner=00000000004813DC;isWindow=0;ownerPid=0;get=1;device=0;options=0x8015;name=issue121-44524-5"
2026-09-14T18:48:35.825Z,58492,enumerated_context,0000000000000A49,0,0.000,512,4,512,4,"owner=00000000004813DC;isWindow=0;ownerPid=0;get=1;device=0;options=0x8015;name=issue121-44524-4"
2026-09-14T18:48:35.843Z,58492,enumerated_context,0000000000000A48,0,0.000,512,4,512,4,"owner=00000000004813DC;isWindow=0;ownerPid=0;get=1;device=0;options=0x8015;name=issue121-44524-3"
2026-09-14T18:48:35.861Z,58492,enumerated_context,0000000000000A47,0,0.000,512,4,512,4,"owner=00000000004813DC;isWindow=0;ownerPid=0;get=1;device=0;options=0x8015;name=issue121-44524-2"
2026-09-14T18:48:35.876Z,58492,enumerated_context,0000000000000A46,0,0.000,512,4,512,4,"owner=00000000004813DC;isWindow=0;ownerPid=0;get=1;device=0;options=0x8015;name=issue121-44524-1"
2026-09-14T18:48:35.892Z,58492,enumerated_context,0000000000000A45,0,0.000,512,4,512,4,"owner=00000000004813DC;isWindow=0;ownerPid=0;get=1;device=0;options=0x8015;name=issue121-44524-0"
2026-09-14T18:48:35.908Z,58492,enumerated_context,0000000000000A44,0,0.000,512,4,512,4,"owner=00000000004713DC;isWindow=0;ownerPid=0;get=1;device=0;options=0x8015;name=issue121-33960-66"
2026-09-14T18:48:35.924Z,58492,enumerated_context,0000000000000A43,0,0.000,512,4,512,4,"owner=00000000004713DC;isWindow=0;ownerPid=0;get=1;device=0;options=0x8015;name=issue121-33960-65"
2026-09-14T18:48:35.943Z,58492,enumerated_context,0000000000000A42,0,0.000,512,4,512,4,"owner=00000000004713DC;isWindow=0;ownerPid=0;get=1;device=0;options=0x8015;name=issue121-33960-64"
2026-09-14T18:48:35.960Z,58492,enumerated_context,0000000000000A41,0,0.000,512,4,512,4,"owner=00000000004713DC;isWindow=0;ownerPid=0;get=1;device=0;options=0x8015;name=issue121-33960-63"
2026-09-14T18:48:35.978Z,58492,enumerated_context,0000000000000A40,0,0.000,512,4,512,4,"owner=00000000004713DC;isWindow=0;ownerPid=0;get=1;device=0;options=0x8015;name=issue121-33960-62"
2026-09-14T18:48:35.994Z,58492,enumerated_context,0000000000000A3F,0,0.000,512,4,512,4,"owner=00000000004713DC;isWindow=0;ownerPid=0;get=1;device=0;options=0x8015;name=issue121-33960-61"
2026-09-14T18:48:36.011Z,58492,enumerated_context,0000000000000A3E,0,0.000,512,4,512,4,"owner=00000000004713DC;isWindow=0;ownerPid=0;get=1;device=0;options=0x8015;name=issue121-33960-60"
2026-09-14T18:48:36.029Z,58492,enumerated_context,0000000000000A3D,0,0.000,512,4,512,4,"owner=00000000004713DC;isWindow=0;ownerPid=0;get=1;device=0;options=0x8015;name=issue121-33960-59"
2026-09-14T18:48:36.048Z,58492,enumerated_context,0000000000000A3C,0,0.000,512,4,512,4,"owner=00000000004713DC;isWindow=0;ownerPid=0;get=1;device=0;options=0x8015;name=issue121-33960-58"
2026-09-14T18:48:36.065Z,58492,enumerated_context,0000000000000A3B,0,0.000,512,4,512,4,"owner=00000000004713DC;isWindow=0;ownerPid=0;get=1;device=0;options=0x8015;name=issue121-33960-57"
2026-09-14T18:48:36.084Z,58492,enumerated_context,0000000000000A3A,0,0.000,512,4,512,4,"owner=00000000004713DC;isWindow=0;ownerPid=0;get=1;device=0;options=0x8015;name=issue121-33960-56"
2026-09-14T18:48:36.100Z,58492,enumerated_context,0000000000000A39,0,0.000,512,4,512,4,"owner=00000000004713DC;isWindow=0;ownerPid=0;get=1;device=0;options=0x8015;name=issue121-33960-55"
2026-09-14T18:48:36.119Z,58492,enumerated_context,0000000000000A38,0,0.000,512,4,512,4,"owner=00000000004713DC;isWindow=0;ownerPid=0;get=1;device=0;options=0x8015;name=issue121-33960-54"
2026-09-14T18:48:36.136Z,58492,enumerated_context,0000000000000A37,0,0.000,512,4,512,4,"owner=00000000004713DC;isWindow=0;ownerPid=0;get=1;device=0;options=0x8015;name=issue121-33960-53"
2026-09-14T18:48:36.153Z,58492,enumerated_context,0000000000000A36,0,0.000,512,4,512,4,"owner=00000000004713DC;isWindow=0;ownerPid=0;get=1;device=0;options=0x8015;name=issue121-33960-52"
2026-09-14T18:48:36.168Z,58492,enumerated_context,0000000000000A35,0,0.000,512,4,512,4,"owner=00000000004713DC;isWindow=0;ownerPid=0;get=1;device=0;options=0x8015;name=issue121-33960-51"
2026-09-14T18:48:36.186Z,58492,enumerated_context,0000000000000A34,0,0.000,512,4,512,4,"owner=00000000004713DC;isWindow=0;ownerPid=0;get=1;device=0;options=0x8015;name=issue121-33960-50"
2026-09-14T18:48:36.202Z,58492,enumerated_context,0000000000000A33,0,0.000,512,4,512,4,"owner=00000000004713DC;isWindow=0;ownerPid=0;get=1;device=0;options=0x8015;name=issue121-33960-49"
2026-09-14T18:48:36.219Z,58492,enumerated_context,0000000000000A32,0,0.000,512,4,512,4,"owner=00000000004713DC;isWindow=0;ownerPid=0;get=1;device=0;options=0x8015;name=issue121-33960-48"
2026-09-14T18:48:36.234Z,58492,enumerated_context,0000000000000A31,0,0.000,512,4,512,4,"owner=00000000004713DC;isWindow=0;ownerPid=0;get=1;device=0;options=0x8015;name=issue121-33960-47"
2026-09-14T18:48:36.248Z,58492,enumerated_context,0000000000000A30,0,0.000,512,4,512,4,"owner=00000000004713DC;isWindow=0;ownerPid=0;get=1;device=0;options=0x8015;name=issue121-33960-46"
2026-09-14T18:48:36.263Z,58492,enumerated_context,0000000000000A2F,0,0.000,512,4,512,4,"owner=00000000004713DC;isWindow=0;ownerPid=0;get=1;device=0;options=0x8015;name=issue121-33960-45"
2026-09-14T18:48:36.279Z,58492,enumerated_context,0000000000000A2E,0,0.000,512,4,512,4,"owner=00000000004713DC;isWindow=0;ownerPid=0;get=1;device=0;options=0x8015;name=issue121-33960-44"
2026-09-14T18:48:36.295Z,58492,enumerated_context,0000000000000A2D,0,0.000,512,4,512,4,"owner=00000000004713DC;isWindow=0;ownerPid=0;get=1;device=0;options=0x8015;name=issue121-33960-43"
2026-09-14T18:48:36.311Z,58492,enumerated_context,0000000000000A2C,0,0.000,512,4,512,4,"owner=00000000004713DC;isWindow=0;ownerPid=0;get=1;device=0;options=0x8015;name=issue121-33960-42"
2026-09-14T18:48:36.329Z,58492,enumerated_context,0000000000000A2B,0,0.000,512,4,512,4,"owner=00000000004713DC;isWindow=0;ownerPid=0;get=1;device=0;options=0x8015;name=issue121-33960-41"
2026-09-14T18:48:36.346Z,58492,enumerated_context,0000000000000A2A,0,0.000,512,4,512,4,"owner=00000000004713DC;isWindow=0;ownerPid=0;get=1;device=0;options=0x8015;name=issue121-33960-40"
2026-09-14T18:48:36.364Z,58492,enumerated_context,0000000000000A29,0,0.000,512,4,512,4,"owner=00000000004713DC;isWindow=0;ownerPid=0;get=1;device=0;options=0x8015;name=issue121-33960-39"
2026-09-14T18:48:36.381Z,58492,enumerated_context,0000000000000A28,0,0.000,512,4,512,4,"owner=00000000004713DC;isWindow=0;ownerPid=0;get=1;device=0;options=0x8015;name=issue121-33960-38"
2026-09-14T18:48:36.399Z,58492,enumerated_context,0000000000000A27,0,0.000,512,4,512,4,"owner=00000000004713DC;isWindow=0;ownerPid=0;get=1;device=0;options=0x8015;name=issue121-33960-37"
2026-09-14T18:48:36.416Z,58492,enumerated_context,0000000000000A26,0,0.000,512,4,512,4,"owner=00000000004713DC;isWindow=0;ownerPid=0;get=1;device=0;options=0x8015;name=issue121-33960-36"
2026-09-14T18:48:36.434Z,58492,enumerated_context,0000000000000A25,0,0.000,512,4,512,4,"owner=00000000004713DC;isWindow=0;ownerPid=0;get=1;device=0;options=0x8015;name=issue121-33960-35"
2026-09-14T18:48:36.454Z,58492,enumerated_context,0000000000000A24,0,0.000,512,4,512,4,"owner=00000000004713DC;isWindow=0;ownerPid=0;get=1;device=0;options=0x8015;name=issue121-33960-34"
2026-09-14T18:48:36.473Z,58492,enumerated_context,0000000000000A23,0,0.000,512,4,512,4,"owner=00000000004713DC;isWindow=0;ownerPid=0;get=1;device=0;options=0x8015;name=issue121-33960-33"
2026-09-14T18:48:36.489Z,58492,enumerated_context,0000000000000A22,0,0.000,512,4,512,4,"owner=00000000004713DC;isWindow=0;ownerPid=0;get=1;device=0;options=0x8015;name=issue121-33960-32"
2026-09-14T18:48:36.506Z,58492,enumerated_context,0000000000000A21,0,0.000,512,4,512,4,"owner=00000000004713DC;isWindow=0;ownerPid=0;get=1;device=0;options=0x8015;name=issue121-33960-31"
2026-09-14T18:48:36.524Z,58492,enumerated_context,0000000000000A20,0,0.000,512,4,512,4,"owner=00000000004713DC;isWindow=0;ownerPid=0;get=1;device=0;options=0x8015;name=issue121-33960-30"
2026-09-14T18:48:36.541Z,58492,enumerated_context,0000000000000A1F,0,0.000,512,4,512,4,"owner=00000000004713DC;isWindow=0;ownerPid=0;get=1;device=0;options=0x8015;name=issue121-33960-29"
2026-09-14T18:48:36.558Z,58492,enumerated_context,0000000000000A1E,0,0.000,512,4,512,4,"owner=00000000004713DC;isWindow=0;ownerPid=0;get=1;device=0;options=0x8015;name=issue121-33960-28"
2026-09-14T18:48:36.575Z,58492,enumerated_context,0000000000000A1D,0,0.000,512,4,512,4,"owner=00000000004713DC;isWindow=0;ownerPid=0;get=1;device=0;options=0x8015;name=issue121-33960-27"
2026-09-14T18:48:36.593Z,58492,enumerated_context,0000000000000A1C,0,0.000,512,4,512,4,"owner=00000000004713DC;isWindow=0;ownerPid=0;get=1;device=0;options=0x8015;name=issue121-33960-26"
2026-09-14T18:48:36.611Z,58492,enumerated_context,0000000000000A1B,0,0.000,512,4,512,4,"owner=00000000004713DC;isWindow=0;ownerPid=0;get=1;device=0;options=0x8015;name=issue121-33960-25"
2026-09-14T18:48:36.630Z,58492,enumerated_context,0000000000000A1A,0,0.000,512,4,512,4,"owner=00000000004713DC;isWindow=0;ownerPid=0;get=1;device=0;options=0x8015;name=issue121-33960-24"
2026-09-14T18:48:36.649Z,58492,enumerated_context,0000000000000A19,0,0.000,512,4,512,4,"owner=00000000004713DC;isWindow=0;ownerPid=0;get=1;device=0;options=0x8015;name=issue121-33960-23"
2026-09-14T18:48:36.668Z,58492,enumerated_context,0000000000000A18,0,0.000,512,4,512,4,"owner=00000000004713DC;isWindow=0;ownerPid=0;get=1;device=0;options=0x8015;name=issue121-33960-22"
2026-09-14T18:48:36.686Z,58492,enumerated_context,0000000000000A17,0,0.000,512,4,512,4,"owner=00000000004713DC;isWindow=0;ownerPid=0;get=1;device=0;options=0x8015;name=issue121-33960-21"
2026-09-14T18:48:36.706Z,58492,enumerated_context,0000000000000A16,0,0.000,512,4,512,4,"owner=00000000004713DC;isWindow=0;ownerPid=0;get=1;device=0;options=0x8015;name=issue121-33960-20"
2026-09-14T18:48:36.724Z,58492,enumerated_context,0000000000000A15,0,0.000,512,4,512,4,"owner=00000000004713DC;isWindow=0;ownerPid=0;get=1;device=0;options=0x8015;name=issue121-33960-19"
2026-09-14T18:48:36.741Z,58492,enumerated_context,0000000000000A14,0,0.000,512,4,512,4,"owner=00000000004713DC;isWindow=0;ownerPid=0;get=1;device=0;options=0x8015;name=issue121-33960-18"
2026-09-14T18:48:36.759Z,58492,enumerated_context,0000000000000A13,0,0.000,512,4,512,4,"owner=00000000004713DC;isWindow=0;ownerPid=0;get=1;device=0;options=0x8015;name=issue121-33960-17"
2026-09-14T18:48:36.778Z,58492,enumerated_context,0000000000000A12,0,0.000,512,4,512,4,"owner=00000000004713DC;isWindow=0;ownerPid=0;get=1;device=0;options=0x8015;name=issue121-33960-16"
2026-09-14T18:48:36.799Z,58492,enumerated_context,0000000000000A11,0,0.000,512,4,512,4,"owner=00000000004713DC;isWindow=0;ownerPid=0;get=1;device=0;options=0x8015;name=issue121-33960-15"
2026-09-14T18:48:36.818Z,58492,enumerated_context,0000000000000A10,0,0.000,512,4,512,4,"owner=00000000004713DC;isWindow=0;ownerPid=0;get=1;device=0;options=0x8015;name=issue121-33960-14"
2026-09-14T18:48:36.837Z,58492,enumerated_context,0000000000000A0F,0,0.000,512,4,512,4,"owner=00000000004713DC;isWindow=0;ownerPid=0;get=1;device=0;options=0x8015;name=issue121-33960-13"
2026-09-14T18:48:36.856Z,58492,enumerated_context,0000000000000A0E,0,0.000,512,4,512,4,"owner=00000000004713DC;isWindow=0;ownerPid=0;get=1;device=0;options=0x8015;name=issue121-33960-12"
2026-09-14T18:48:36.874Z,58492,enumerated_context,0000000000000A0D,0,0.000,512,4,512,4,"owner=00000000004713DC;isWindow=0;ownerPid=0;get=1;device=0;options=0x8015;name=issue121-33960-11"
2026-09-14T18:48:36.895Z,58492,enumerated_context,0000000000000A0C,0,0.000,512,4,512,4,"owner=00000000004713DC;isWindow=0;ownerPid=0;get=1;device=0;options=0x8015;name=issue121-33960-10"
2026-09-14T18:48:36.914Z,58492,enumerated_context,0000000000000A0B,0,0.000,512,4,512,4,"owner=00000000004713DC;isWindow=0;ownerPid=0;get=1;device=0;options=0x8015;name=issue121-33960-9"
2026-09-14T18:48:36.933Z,58492,enumerated_context,0000000000000A0A,0,0.000,512,4,512,4,"owner=00000000004713DC;isWindow=0;ownerPid=0;get=1;device=0;options=0x8015;name=issue121-33960-8"
2026-09-14T18:48:36.951Z,58492,enumerated_context,0000000000000A09,0,0.000,512,4,512,4,"owner=00000000004713DC;isWindow=0;ownerPid=0;get=1;device=0;options=0x8015;name=issue121-33960-7"
2026-09-14T18:48:36.965Z,58492,enumerated_context,0000000000000A08,0,0.000,512,4,512,4,"owner=00000000004713DC;isWindow=0;ownerPid=0;get=1;device=0;options=0x8015;name=issue121-33960-6"
2026-09-14T18:48:36.980Z,58492,enumerated_context,0000000000000A07,0,0.000,512,4,512,4,"owner=00000000004713DC;isWindow=0;ownerPid=0;get=1;device=0;options=0x8015;name=issue121-33960-5"
2026-09-14T18:48:36.993Z,58492,enumerated_context,0000000000000A06,0,0.000,512,4,512,4,"owner=00000000004713DC;isWindow=0;ownerPid=0;get=1;device=0;options=0x8015;name=issue121-33960-4"
2026-09-14T18:48:37.011Z,58492,enumerated_context,0000000000000A05,0,0.000,512,4,512,4,"owner=00000000004713DC;isWindow=0;ownerPid=0;get=1;device=0;options=0x8015;name=issue121-33960-3"
2026-09-14T18:48:37.028Z,58492,enumerated_context,0000000000000A04,0,0.000,512,4,512,4,"owner=00000000004713DC;isWindow=0;ownerPid=0;get=1;device=0;options=0x8015;name=issue121-33960-2"
2026-09-14T18:48:37.042Z,58492,enumerated_context,0000000000000A03,0,0.000,512,4,512,4,"owner=00000000004713DC;isWindow=0;ownerPid=0;get=1;device=0;options=0x8015;name=issue121-33960-1"
2026-09-14T18:48:37.058Z,58492,enumerated_context,0000000000000A02,0,0.000,512,4,512,4,"owner=00000000004713DC;isWindow=0;ownerPid=0;get=1;device=0;options=0x8015;name=issue121-33960-0"
2026-09-14T18:48:37.073Z,58492,enumerated_context,00000000000012FF,18900,0.000,512,4,512,4,"owner=0000000000A10F6E;isWindow=1;ownerPid=18900;get=1;device=1;options=0x8015;name=issue121-18900-52"
2026-09-14T18:48:37.091Z,58492,enumerated_context,00000000000012FE,18900,0.000,512,4,512,4,"owner=0000000000A10F6E;isWindow=1;ownerPid=18900;get=1;device=1;options=0x8015;name=issue121-18900-51"
2026-09-14T18:48:37.109Z,58492,enumerated_context,00000000000012FD,18900,0.000,512,4,512,4,"owner=0000000000A10F6E;isWindow=1;ownerPid=18900;get=1;device=1;options=0x8015;name=issue121-18900-50"
2026-09-14T18:48:37.123Z,58492,enumerated_context,00000000000012FC,18900,0.000,512,4,512,4,"owner=0000000000A10F6E;isWindow=1;ownerPid=18900;get=1;device=1;options=0x8015;name=issue121-18900-49"
2026-09-14T18:48:37.136Z,58492,enumerated_context,00000000000012FB,18900,0.000,512,4,512,4,"owner=0000000000A10F6E;isWindow=1;ownerPid=18900;get=1;device=1;options=0x8015;name=issue121-18900-48"
2026-09-14T18:48:37.153Z,58492,enumerated_context,00000000000012FA,18900,0.000,512,4,512,4,"owner=0000000000A10F6E;isWindow=1;ownerPid=18900;get=1;device=1;options=0x8015;name=issue121-18900-47"
2026-09-14T18:48:37.168Z,58492,enumerated_context,00000000000012F9,18900,0.000,512,4,512,4,"owner=0000000000A10F6E;isWindow=1;ownerPid=18900;get=1;device=1;options=0x8015;name=issue121-18900-46"
2026-09-14T18:48:37.181Z,58492,enumerated_context,00000000000012F8,18900,0.000,512,4,512,4,"owner=0000000000A10F6E;isWindow=1;ownerPid=18900;get=1;device=1;options=0x8015;name=issue121-18900-45"
2026-09-14T18:48:37.198Z,58492,enumerated_context,00000000000012F7,18900,0.000,512,4,512,4,"owner=0000000000A10F6E;isWindow=1;ownerPid=18900;get=1;device=1;options=0x8015;name=issue121-18900-44"
2026-09-14T18:48:37.211Z,58492,enumerated_context,00000000000012F6,18900,0.000,512,4,512,4,"owner=0000000000A10F6E;isWindow=1;ownerPid=18900;get=1;device=1;options=0x8015;name=issue121-18900-43"
2026-09-14T18:48:37.228Z,58492,enumerated_context,00000000000012F5,18900,0.000,512,4,512,4,"owner=0000000000A10F6E;isWindow=1;ownerPid=18900;get=1;device=1;options=0x8015;name=issue121-18900-42"
2026-09-14T18:48:37.244Z,58492,enumerated_context,00000000000012F4,18900,0.000,512,4,512,4,"owner=0000000000A10F6E;isWindow=1;ownerPid=18900;get=1;device=1;options=0x8015;name=issue121-18900-41"
2026-09-14T18:48:37.261Z,58492,enumerated_context,00000000000012F3,18900,0.000,512,4,512,4,"owner=0000000000A10F6E;isWindow=1;ownerPid=18900;get=1;device=1;options=0x8015;name=issue121-18900-40"
2026-09-14T18:48:37.278Z,58492,enumerated_context,00000000000012F2,18900,0.000,512,4,512,4,"owner=0000000000A10F6E;isWindow=1;ownerPid=18900;get=1;device=1;options=0x8015;name=issue121-18900-39"
2026-09-14T18:48:37.293Z,58492,enumerated_context,00000000000012F1,18900,0.000,512,4,512,4,"owner=0000000000A10F6E;isWindow=1;ownerPid=18900;get=1;device=1;options=0x8015;name=issue121-18900-38"
2026-09-14T18:48:37.311Z,58492,enumerated_context,00000000000012F0,18900,0.000,512,4,512,4,"owner=0000000000A10F6E;isWindow=1;ownerPid=18900;get=1;device=1;options=0x8015;name=issue121-18900-37"
2026-09-14T18:48:37.326Z,58492,enumerated_context,00000000000012EF,18900,0.000,512,4,512,4,"owner=0000000000A10F6E;isWindow=1;ownerPid=18900;get=1;device=1;options=0x8015;name=issue121-18900-36"
2026-09-14T18:48:37.341Z,58492,enumerated_context,00000000000012EE,18900,0.000,512,4,512,4,"owner=0000000000A10F6E;isWindow=1;ownerPid=18900;get=1;device=1;options=0x8015;name=issue121-18900-35"
2026-09-14T18:48:37.357Z,58492,enumerated_context,00000000000012ED,18900,0.000,512,4,512,4,"owner=0000000000A10F6E;isWindow=1;ownerPid=18900;get=1;device=1;options=0x8015;name=issue121-18900-34"
2026-09-14T18:48:37.375Z,58492,enumerated_context,00000000000012EC,18900,0.000,512,4,512,4,"owner=0000000000A10F6E;isWindow=1;ownerPid=18900;get=1;device=1;options=0x8015;name=issue121-18900-33"
2026-09-14T18:48:37.392Z,58492,enumerated_context,00000000000012EB,18900,0.000,512,4,512,4,"owner=0000000000A10F6E;isWindow=1;ownerPid=18900;get=1;device=1;options=0x8015;name=issue121-18900-32"
2026-09-14T18:48:37.409Z,58492,enumerated_context,00000000000012EA,18900,0.000,512,4,512,4,"owner=0000000000A10F6E;isWindow=1;ownerPid=18900;get=1;device=1;options=0x8015;name=issue121-18900-31"
2026-09-14T18:48:37.426Z,58492,enumerated_context,00000000000012E9,18900,0.000,512,4,512,4,"owner=0000000000A10F6E;isWindow=1;ownerPid=18900;get=1;device=1;options=0x8015;name=issue121-18900-30"
2026-09-14T18:48:37.441Z,58492,enumerated_context,00000000000012E8,18900,0.000,512,4,512,4,"owner=0000000000A10F6E;isWindow=1;ownerPid=18900;get=1;device=1;options=0x8015;name=issue121-18900-29"
2026-09-14T18:48:37.458Z,58492,enumerated_context,00000000000012E7,18900,0.000,512,4,512,4,"owner=0000000000A10F6E;isWindow=1;ownerPid=18900;get=1;device=1;options=0x8015;name=issue121-18900-28"
2026-09-14T18:48:37.476Z,58492,enumerated_context,00000000000012E6,18900,0.000,512,4,512,4,"owner=0000000000A10F6E;isWindow=1;ownerPid=18900;get=1;device=1;options=0x8015;name=issue121-18900-27"
2026-09-14T18:48:37.494Z,58492,enumerated_context,00000000000012E5,18900,0.000,512,4,512,4,"owner=0000000000A10F6E;isWindow=1;ownerPid=18900;get=1;device=1;options=0x8015;name=issue121-18900-26"
2026-09-14T18:48:37.511Z,58492,enumerated_context,00000000000012E4,18900,0.000,512,4,512,4,"owner=0000000000A10F6E;isWindow=1;ownerPid=18900;get=1;device=1;options=0x8015;name=issue121-18900-25"
2026-09-14T18:48:37.529Z,58492,enumerated_context,00000000000012E3,18900,0.000,512,4,512,4,"owner=0000000000A10F6E;isWindow=1;ownerPid=18900;get=1;device=1;options=0x8015;name=issue121-18900-24"
2026-09-14T18:48:37.546Z,58492,enumerated_context,00000000000012E2,18900,0.000,512,4,512,4,"owner=0000000000A10F6E;isWindow=1;ownerPid=18900;get=1;device=1;options=0x8015;name=issue121-18900-23"
2026-09-14T18:48:37.564Z,58492,enumerated_context,00000000000012E1,18900,0.000,512,4,512,4,"owner=0000000000A10F6E;isWindow=1;ownerPid=18900;get=1;device=1;options=0x8015;name=issue121-18900-22"
2026-09-14T18:48:37.581Z,58492,enumerated_context,00000000000012E0,18900,0.000,512,4,512,4,"owner=0000000000A10F6E;isWindow=1;ownerPid=18900;get=1;device=1;options=0x8015;name=issue121-18900-21"
2026-09-14T18:48:37.599Z,58492,enumerated_context,00000000000012DF,18900,0.000,512,4,512,4,"owner=0000000000A10F6E;isWindow=1;ownerPid=18900;get=1;device=1;options=0x8015;name=issue121-18900-20"
2026-09-14T18:48:37.617Z,58492,enumerated_context,00000000000012DE,18900,0.000,512,4,512,4,"owner=0000000000A10F6E;isWindow=1;ownerPid=18900;get=1;device=1;options=0x8015;name=issue121-18900-19"
2026-09-14T18:48:37.635Z,58492,enumerated_context,00000000000012DD,18900,0.000,512,4,512,4,"owner=0000000000A10F6E;isWindow=1;ownerPid=18900;get=1;device=1;options=0x8015;name=issue121-18900-18"
2026-09-14T18:48:37.652Z,58492,enumerated_context,00000000000012DC,18900,0.000,512,4,512,4,"owner=0000000000A10F6E;isWindow=1;ownerPid=18900;get=1;device=1;options=0x8015;name=issue121-18900-17"
2026-09-14T18:48:37.666Z,58492,enumerated_context,00000000000012DB,18900,0.000,512,4,512,4,"owner=0000000000A10F6E;isWindow=1;ownerPid=18900;get=1;device=1;options=0x8015;name=issue121-18900-16"
2026-09-14T18:48:37.684Z,58492,enumerated_context,00000000000012DA,18900,0.000,512,4,512,4,"owner=0000000000A10F6E;isWindow=1;ownerPid=18900;get=1;device=1;options=0x8015;name=issue121-18900-15"
2026-09-14T18:48:37.700Z,58492,enumerated_context,00000000000012D9,18900,0.000,512,4,512,4,"owner=0000000000A10F6E;isWindow=1;ownerPid=18900;get=1;device=1;options=0x8015;name=issue121-18900-14"
2026-09-14T18:48:37.715Z,58492,enumerated_context,00000000000012D8,18900,0.000,512,4,512,4,"owner=0000000000A10F6E;isWindow=1;ownerPid=18900;get=1;device=1;options=0x8015;name=issue121-18900-13"
2026-09-14T18:48:37.728Z,58492,enumerated_context,00000000000012D7,18900,0.000,512,4,512,4,"owner=0000000000A10F6E;isWindow=1;ownerPid=18900;get=1;device=1;options=0x8015;name=issue121-18900-12"
2026-09-14T18:48:37.743Z,58492,enumerated_context,00000000000012D6,18900,0.000,512,4,512,4,"owner=0000000000A10F6E;isWindow=1;ownerPid=18900;get=1;device=1;options=0x8015;name=issue121-18900-11"
2026-09-14T18:48:37.759Z,58492,enumerated_context,00000000000012D5,18900,0.000,512,4,512,4,"owner=0000000000A10F6E;isWindow=1;ownerPid=18900;get=1;device=1;options=0x8015;name=issue121-18900-10"
2026-09-14T18:48:37.773Z,58492,enumerated_context,00000000000012D4,18900,0.000,512,4,512,4,"owner=0000000000A10F6E;isWindow=1;ownerPid=18900;get=1;device=1;options=0x8015;name=issue121-18900-9"
2026-09-14T18:48:37.790Z,58492,enumerated_context,00000000000012D3,18900,0.000,512,4,512,4,"owner=0000000000A10F6E;isWindow=1;ownerPid=18900;get=1;device=1;options=0x8015;name=issue121-18900-8"
2026-09-14T18:48:37.808Z,58492,enumerated_context,00000000000012D2,18900,0.000,512,4,512,4,"owner=0000000000A10F6E;isWindow=1;ownerPid=18900;get=1;device=1;options=0x8015;name=issue121-18900-7"
2026-09-14T18:48:37.824Z,58492,enumerated_context,00000000000012D1,18900,0.000,512,4,512,4,"owner=0000000000A10F6E;isWindow=1;ownerPid=18900;get=1;device=1;options=0x8015;name=issue121-18900-6"
2026-09-14T18:48:37.841Z,58492,enumerated_context,00000000000012D0,18900,0.000,512,4,512,4,"owner=0000000000A10F6E;isWindow=1;ownerPid=18900;get=1;device=1;options=0x8015;name=issue121-18900-5"
2026-09-14T18:48:37.858Z,58492,enumerated_context,00000000000012CF,18900,0.000,512,4,512,4,"owner=0000000000A10F6E;isWindow=1;ownerPid=18900;get=1;device=1;options=0x8015;name=issue121-18900-4"
2026-09-14T18:48:37.875Z,58492,enumerated_context,00000000000012CE,18900,0.000,512,4,512,4,"owner=0000000000A10F6E;isWindow=1;ownerPid=18900;get=1;device=1;options=0x8015;name=issue121-18900-3"
2026-09-14T18:48:37.894Z,58492,enumerated_context,00000000000012CD,18900,0.000,512,4,512,4,"owner=0000000000A10F6E;isWindow=1;ownerPid=18900;get=1;device=1;options=0x8015;name=issue121-18900-2"
2026-09-14T18:48:37.914Z,58492,enumerated_context,00000000000012CC,18900,0.000,512,4,512,4,"owner=0000000000A10F6E;isWindow=1;ownerPid=18900;get=1;device=1;options=0x8015;name=issue121-18900-1"
2026-09-14T18:48:37.934Z,58492,enumerated_context,00000000000012CB,18900,0.000,512,4,512,4,"owner=0000000000A10F6E;isWindow=1;ownerPid=18900;get=1;device=1;options=0x8015;name=issue121-18900-0"
2026-09-14T18:48:37.953Z,58492,enumerated_context,0000000000001001,0,0.000,512,4,512,4,"owner=0000000000000000;isWindow=0;ownerPid=0;get=1;device=1;options=0x8011;name="
2026-09-14T18:48:37.970Z,58492,enumerated_context,00000000000012CA,0,0.000,512,4,512,4,"owner=00000000004913DC;isWindow=0;ownerPid=0;get=1;device=1;options=0x8015;name=issue121-50160-66"
2026-09-14T18:48:37.988Z,58492,enumerated_context,00000000000012C9,0,0.000,512,4,512,4,"owner=00000000004913DC;isWindow=0;ownerPid=0;get=1;device=1;options=0x8015;name=issue121-50160-65"
2026-09-14T18:48:38.003Z,58492,enumerated_context,00000000000012C8,0,0.000,512,4,512,4,"owner=00000000004913DC;isWindow=0;ownerPid=0;get=1;device=1;options=0x8015;name=issue121-50160-64"
2026-09-14T18:48:38.019Z,58492,enumerated_context,00000000000012C7,0,0.000,512,4,512,4,"owner=00000000004913DC;isWindow=0;ownerPid=0;get=1;device=1;options=0x8015;name=issue121-50160-63"
2026-09-14T18:48:38.033Z,58492,enumerated_context,00000000000012C6,0,0.000,512,4,512,4,"owner=00000000004913DC;isWindow=0;ownerPid=0;get=1;device=1;options=0x8015;name=issue121-50160-62"
2026-09-14T18:48:38.048Z,58492,enumerated_context,00000000000012C5,0,0.000,512,4,512,4,"owner=00000000004913DC;isWindow=0;ownerPid=0;get=1;device=1;options=0x8015;name=issue121-50160-61"
2026-09-14T18:48:38.062Z,58492,enumerated_context,00000000000012C4,0,0.000,512,4,512,4,"owner=00000000004913DC;isWindow=0;ownerPid=0;get=1;device=1;options=0x8015;name=issue121-50160-60"
2026-09-14T18:48:38.078Z,58492,enumerated_context,00000000000012C3,0,0.000,512,4,512,4,"owner=00000000004913DC;isWindow=0;ownerPid=0;get=1;device=1;options=0x8015;name=issue121-50160-59"
2026-09-14T18:48:38.096Z,58492,enumerated_context,00000000000012C2,0,0.000,512,4,512,4,"owner=00000000004913DC;isWindow=0;ownerPid=0;get=1;device=1;options=0x8015;name=issue121-50160-58"
2026-09-14T18:48:38.112Z,58492,enumerated_context,00000000000012C1,0,0.000,512,4,512,4,"owner=00000000004913DC;isWindow=0;ownerPid=0;get=1;device=1;options=0x8015;name=issue121-50160-57"
2026-09-14T18:48:38.129Z,58492,enumerated_context,00000000000012C0,0,0.000,512,4,512,4,"owner=00000000004913DC;isWindow=0;ownerPid=0;get=1;device=1;options=0x8015;name=issue121-50160-56"
2026-09-14T18:48:38.147Z,58492,enumerated_context,00000000000012BF,0,0.000,512,4,512,4,"owner=00000000004913DC;isWindow=0;ownerPid=0;get=1;device=1;options=0x8015;name=issue121-50160-55"
2026-09-14T18:48:38.163Z,58492,enumerated_context,00000000000012BE,0,0.000,512,4,512,4,"owner=00000000004913DC;isWindow=0;ownerPid=0;get=1;device=1;options=0x8015;name=issue121-50160-54"
2026-09-14T18:48:38.181Z,58492,enumerated_context,00000000000012BD,0,0.000,512,4,512,4,"owner=00000000004913DC;isWindow=0;ownerPid=0;get=1;device=1;options=0x8015;name=issue121-50160-53"
2026-09-14T18:48:38.199Z,58492,enumerated_context,00000000000012BC,0,0.000,512,4,512,4,"owner=00000000004913DC;isWindow=0;ownerPid=0;get=1;device=1;options=0x8015;name=issue121-50160-52"
2026-09-14T18:48:38.216Z,58492,enumerated_context,00000000000012BB,0,0.000,512,4,512,4,"owner=00000000004913DC;isWindow=0;ownerPid=0;get=1;device=1;options=0x8015;name=issue121-50160-51"
2026-09-14T18:48:38.235Z,58492,enumerated_context,00000000000012BA,0,0.000,512,4,512,4,"owner=00000000004913DC;isWindow=0;ownerPid=0;get=1;device=1;options=0x8015;name=issue121-50160-50"
2026-09-14T18:48:38.255Z,58492,enumerated_context,00000000000012B9,0,0.000,512,4,512,4,"owner=00000000004913DC;isWindow=0;ownerPid=0;get=1;device=1;options=0x8015;name=issue121-50160-49"
2026-09-14T18:48:38.273Z,58492,enumerated_context,00000000000012B8,0,0.000,512,4,512,4,"owner=00000000004913DC;isWindow=0;ownerPid=0;get=1;device=1;options=0x8015;name=issue121-50160-48"
2026-09-14T18:48:38.293Z,58492,enumerated_context,00000000000012B7,0,0.000,512,4,512,4,"owner=00000000004913DC;isWindow=0;ownerPid=0;get=1;device=1;options=0x8015;name=issue121-50160-47"
2026-09-14T18:48:38.311Z,58492,enumerated_context,00000000000012B6,0,0.000,512,4,512,4,"owner=00000000004913DC;isWindow=0;ownerPid=0;get=1;device=1;options=0x8015;name=issue121-50160-46"
2026-09-14T18:48:38.332Z,58492,enumerated_context,00000000000012B5,0,0.000,512,4,512,4,"owner=00000000004913DC;isWindow=0;ownerPid=0;get=1;device=1;options=0x8015;name=issue121-50160-45"
2026-09-14T18:48:38.350Z,58492,enumerated_context,00000000000012B4,0,0.000,512,4,512,4,"owner=00000000004913DC;isWindow=0;ownerPid=0;get=1;device=1;options=0x8015;name=issue121-50160-44"
2026-09-14T18:48:38.366Z,58492,enumerated_context,00000000000012B3,0,0.000,512,4,512,4,"owner=00000000004913DC;isWindow=0;ownerPid=0;get=1;device=1;options=0x8015;name=issue121-50160-43"
2026-09-14T18:48:38.383Z,58492,enumerated_context,00000000000012B2,0,0.000,512,4,512,4,"owner=00000000004913DC;isWindow=0;ownerPid=0;get=1;device=1;options=0x8015;name=issue121-50160-42"
2026-09-14T18:48:38.401Z,58492,enumerated_context,00000000000012B1,0,0.000,512,4,512,4,"owner=00000000004913DC;isWindow=0;ownerPid=0;get=1;device=1;options=0x8015;name=issue121-50160-41"
2026-09-14T18:48:38.416Z,58492,enumerated_context,00000000000012B0,0,0.000,512,4,512,4,"owner=00000000004913DC;isWindow=0;ownerPid=0;get=1;device=1;options=0x8015;name=issue121-50160-40"
2026-09-14T18:48:38.433Z,58492,enumerated_context,00000000000012AF,0,0.000,512,4,512,4,"owner=00000000004913DC;isWindow=0;ownerPid=0;get=1;device=1;options=0x8015;name=issue121-50160-39"
2026-09-14T18:48:38.448Z,58492,enumerated_context,00000000000012AE,0,0.000,512,4,512,4,"owner=00000000004913DC;isWindow=0;ownerPid=0;get=1;device=1;options=0x8015;name=issue121-50160-38"
2026-09-14T18:48:38.466Z,58492,enumerated_context,00000000000012AD,0,0.000,512,4,512,4,"owner=00000000004913DC;isWindow=0;ownerPid=0;get=1;device=1;options=0x8015;name=issue121-50160-37"
2026-09-14T18:48:38.482Z,58492,enumerated_context,00000000000012AC,0,0.000,512,4,512,4,"owner=00000000004913DC;isWindow=0;ownerPid=0;get=1;device=1;options=0x8015;name=issue121-50160-36"
2026-09-14T18:48:38.500Z,58492,enumerated_context,00000000000012AB,0,0.000,512,4,512,4,"owner=00000000004913DC;isWindow=0;ownerPid=0;get=1;device=1;options=0x8015;name=issue121-50160-35"
2026-09-14T18:48:38.516Z,58492,enumerated_context,00000000000012AA,0,0.000,512,4,512,4,"owner=00000000004913DC;isWindow=0;ownerPid=0;get=1;device=1;options=0x8015;name=issue121-50160-34"
2026-09-14T18:48:38.531Z,58492,enumerated_context,00000000000012A9,0,0.000,512,4,512,4,"owner=00000000004913DC;isWindow=0;ownerPid=0;get=1;device=1;options=0x8015;name=issue121-50160-33"
2026-09-14T18:48:38.548Z,58492,enumerated_context,00000000000012A8,0,0.000,512,4,512,4,"owner=00000000004913DC;isWindow=0;ownerPid=0;get=1;device=1;options=0x8015;name=issue121-50160-32"
2026-09-14T18:48:38.563Z,58492,enumerated_context,00000000000012A7,0,0.000,512,4,512,4,"owner=00000000004913DC;isWindow=0;ownerPid=0;get=1;device=1;options=0x8015;name=issue121-50160-31"
2026-09-14T18:48:38.576Z,58492,enumerated_context,00000000000012A6,0,0.000,512,4,512,4,"owner=00000000004913DC;isWindow=0;ownerPid=0;get=1;device=1;options=0x8015;name=issue121-50160-30"
2026-09-14T18:48:38.590Z,58492,enumerated_context,00000000000012A5,0,0.000,512,4,512,4,"owner=00000000004913DC;isWindow=0;ownerPid=0;get=1;device=1;options=0x8015;name=issue121-50160-29"
2026-09-14T18:48:38.603Z,58492,enumerated_context,00000000000012A4,0,0.000,512,4,512,4,"owner=00000000004913DC;isWindow=0;ownerPid=0;get=1;device=1;options=0x8015;name=issue121-50160-28"
2026-09-14T18:48:38.622Z,58492,enumerated_context,00000000000012A3,0,0.000,512,4,512,4,"owner=00000000004913DC;isWindow=0;ownerPid=0;get=1;device=1;options=0x8015;name=issue121-50160-27"
2026-09-14T18:48:38.638Z,58492,enumerated_context,00000000000012A2,0,0.000,512,4,512,4,"owner=00000000004913DC;isWindow=0;ownerPid=0;get=1;device=1;options=0x8015;name=issue121-50160-26"
2026-09-14T18:48:38.656Z,58492,enumerated_context,00000000000012A1,0,0.000,512,4,512,4,"owner=00000000004913DC;isWindow=0;ownerPid=0;get=1;device=1;options=0x8015;name=issue121-50160-25"
2026-09-14T18:48:38.669Z,58492,enumerated_context,00000000000012A0,0,0.000,512,4,512,4,"owner=00000000004913DC;isWindow=0;ownerPid=0;get=1;device=1;options=0x8015;name=issue121-50160-24"
2026-09-14T18:48:38.683Z,58492,enumerated_context,000000000000129F,0,0.000,512,4,512,4,"owner=00000000004913DC;isWindow=0;ownerPid=0;get=1;device=1;options=0x8015;name=issue121-50160-23"
2026-09-14T18:48:38.698Z,58492,enumerated_context,000000000000129E,0,0.000,512,4,512,4,"owner=00000000004913DC;isWindow=0;ownerPid=0;get=1;device=1;options=0x8015;name=issue121-50160-22"
2026-09-14T18:48:38.712Z,58492,enumerated_context,000000000000129D,0,0.000,512,4,512,4,"owner=00000000004913DC;isWindow=0;ownerPid=0;get=1;device=1;options=0x8015;name=issue121-50160-21"
2026-09-14T18:48:38.726Z,58492,enumerated_context,000000000000129C,0,0.000,512,4,512,4,"owner=00000000004913DC;isWindow=0;ownerPid=0;get=1;device=1;options=0x8015;name=issue121-50160-20"
2026-09-14T18:48:38.745Z,58492,enumerated_context,000000000000129B,0,0.000,512,4,512,4,"owner=00000000004913DC;isWindow=0;ownerPid=0;get=1;device=1;options=0x8015;name=issue121-50160-19"
2026-09-14T18:48:38.762Z,58492,enumerated_context,000000000000129A,0,0.000,512,4,512,4,"owner=00000000004913DC;isWindow=0;ownerPid=0;get=1;device=1;options=0x8015;name=issue121-50160-18"
2026-09-14T18:48:38.776Z,58492,enumerated_context,0000000000001299,0,0.000,512,4,512,4,"owner=00000000004913DC;isWindow=0;ownerPid=0;get=1;device=1;options=0x8015;name=issue121-50160-17"
2026-09-14T18:48:38.795Z,58492,enumerated_context,0000000000001298,0,0.000,512,4,512,4,"owner=00000000004913DC;isWindow=0;ownerPid=0;get=1;device=1;options=0x8015;name=issue121-50160-16"
2026-09-14T18:48:38.813Z,58492,enumerated_context,0000000000001297,0,0.000,512,4,512,4,"owner=00000000004913DC;isWindow=0;ownerPid=0;get=1;device=1;options=0x8015;name=issue121-50160-15"
2026-09-14T18:48:38.830Z,58492,enumerated_context,0000000000001296,0,0.000,512,4,512,4,"owner=00000000004913DC;isWindow=0;ownerPid=0;get=1;device=1;options=0x8015;name=issue121-50160-14"
2026-09-14T18:48:38.848Z,58492,enumerated_context,0000000000001295,0,0.000,512,4,512,4,"owner=00000000004913DC;isWindow=0;ownerPid=0;get=1;device=1;options=0x8015;name=issue121-50160-13"
2026-09-14T18:48:38.866Z,58492,enumerated_context,0000000000001294,0,0.000,512,4,512,4,"owner=00000000004913DC;isWindow=0;ownerPid=0;get=1;device=1;options=0x8015;name=issue121-50160-12"
2026-09-14T18:48:38.883Z,58492,enumerated_context,0000000000001293,0,0.000,512,4,512,4,"owner=00000000004913DC;isWindow=0;ownerPid=0;get=1;device=1;options=0x8015;name=issue121-50160-11"
2026-09-14T18:48:38.900Z,58492,enumerated_context,0000000000001292,0,0.000,512,4,512,4,"owner=00000000004913DC;isWindow=0;ownerPid=0;get=1;device=1;options=0x8015;name=issue121-50160-10"
2026-09-14T18:48:38.917Z,58492,enumerated_context,0000000000001291,0,0.000,512,4,512,4,"owner=00000000004913DC;isWindow=0;ownerPid=0;get=1;device=1;options=0x8015;name=issue121-50160-9"
2026-09-14T18:48:38.934Z,58492,enumerated_context,0000000000001290,0,0.000,512,4,512,4,"owner=00000000004913DC;isWindow=0;ownerPid=0;get=1;device=1;options=0x8015;name=issue121-50160-8"
2026-09-14T18:48:38.948Z,58492,enumerated_context,000000000000128F,0,0.000,512,4,512,4,"owner=00000000004913DC;isWindow=0;ownerPid=0;get=1;device=1;options=0x8015;name=issue121-50160-7"
2026-09-14T18:48:38.965Z,58492,enumerated_context,000000000000128E,0,0.000,512,4,512,4,"owner=00000000004913DC;isWindow=0;ownerPid=0;get=1;device=1;options=0x8015;name=issue121-50160-6"
2026-09-14T18:48:38.981Z,58492,enumerated_context,000000000000128D,0,0.000,512,4,512,4,"owner=00000000004913DC;isWindow=0;ownerPid=0;get=1;device=1;options=0x8015;name=issue121-50160-5"
2026-09-14T18:48:38.998Z,58492,enumerated_context,000000000000128C,0,0.000,512,4,512,4,"owner=00000000004913DC;isWindow=0;ownerPid=0;get=1;device=1;options=0x8015;name=issue121-50160-4"
2026-09-14T18:48:39.014Z,58492,enumerated_context,000000000000128B,0,0.000,512,4,512,4,"owner=00000000004913DC;isWindow=0;ownerPid=0;get=1;device=1;options=0x8015;name=issue121-50160-3"
2026-09-14T18:48:39.028Z,58492,enumerated_context,000000000000128A,0,0.000,512,4,512,4,"owner=00000000004913DC;isWindow=0;ownerPid=0;get=1;device=1;options=0x8015;name=issue121-50160-2"
2026-09-14T18:48:39.044Z,58492,enumerated_context,0000000000001289,0,0.000,512,4,512,4,"owner=00000000004913DC;isWindow=0;ownerPid=0;get=1;device=1;options=0x8015;name=issue121-50160-1"
2026-09-14T18:48:39.061Z,58492,enumerated_context,0000000000001288,0,0.000,512,4,512,4,"owner=00000000004913DC;isWindow=0;ownerPid=0;get=1;device=1;options=0x8015;name=issue121-50160-0"
2026-09-14T18:48:39.076Z,58492,enumerated_context,0000000000001287,0,0.000,512,4,512,4,"owner=00000000004813DC;isWindow=0;ownerPid=0;get=1;device=1;options=0x8015;name=issue121-44524-66"
2026-09-14T18:48:39.095Z,58492,enumerated_context,0000000000001286,0,0.000,512,4,512,4,"owner=00000000004813DC;isWindow=0;ownerPid=0;get=1;device=1;options=0x8015;name=issue121-44524-65"
2026-09-14T18:48:39.110Z,58492,enumerated_context,0000000000001285,0,0.000,512,4,512,4,"owner=00000000004813DC;isWindow=0;ownerPid=0;get=1;device=1;options=0x8015;name=issue121-44524-64"
2026-09-14T18:48:39.128Z,58492,enumerated_context,0000000000001284,0,0.000,512,4,512,4,"owner=00000000004813DC;isWindow=0;ownerPid=0;get=1;device=1;options=0x8015;name=issue121-44524-63"
2026-09-14T18:48:39.145Z,58492,enumerated_context,0000000000001283,0,0.000,512,4,512,4,"owner=00000000004813DC;isWindow=0;ownerPid=0;get=1;device=1;options=0x8015;name=issue121-44524-62"
2026-09-14T18:48:39.163Z,58492,enumerated_context,0000000000001282,0,0.000,512,4,512,4,"owner=00000000004813DC;isWindow=0;ownerPid=0;get=1;device=1;options=0x8015;name=issue121-44524-61"
2026-09-14T18:48:39.181Z,58492,enumerated_context,0000000000001281,0,0.000,512,4,512,4,"owner=00000000004813DC;isWindow=0;ownerPid=0;get=1;device=1;options=0x8015;name=issue121-44524-60"
2026-09-14T18:48:39.200Z,58492,enumerated_context,0000000000001280,0,0.000,512,4,512,4,"owner=00000000004813DC;isWindow=0;ownerPid=0;get=1;device=1;options=0x8015;name=issue121-44524-59"
2026-09-14T18:48:39.214Z,58492,enumerated_context,000000000000127F,0,0.000,512,4,512,4,"owner=00000000004813DC;isWindow=0;ownerPid=0;get=1;device=1;options=0x8015;name=issue121-44524-58"
2026-09-14T18:48:39.228Z,58492,enumerated_context,000000000000127E,0,0.000,512,4,512,4,"owner=00000000004813DC;isWindow=0;ownerPid=0;get=1;device=1;options=0x8015;name=issue121-44524-57"
2026-09-14T18:48:39.241Z,58492,enumerated_context,000000000000127D,0,0.000,512,4,512,4,"owner=00000000004813DC;isWindow=0;ownerPid=0;get=1;device=1;options=0x8015;name=issue121-44524-56"
2026-09-14T18:48:39.256Z,58492,enumerated_context,000000000000127C,0,0.000,512,4,512,4,"owner=00000000004813DC;isWindow=0;ownerPid=0;get=1;device=1;options=0x8015;name=issue121-44524-55"
2026-09-14T18:48:39.271Z,58492,enumerated_context,000000000000127B,0,0.000,512,4,512,4,"owner=00000000004813DC;isWindow=0;ownerPid=0;get=1;device=1;options=0x8015;name=issue121-44524-54"
2026-09-14T18:48:39.289Z,58492,enumerated_context,000000000000127A,0,0.000,512,4,512,4,"owner=00000000004813DC;isWindow=0;ownerPid=0;get=1;device=1;options=0x8015;name=issue121-44524-53"
2026-09-14T18:48:39.307Z,58492,enumerated_context,0000000000001279,0,0.000,512,4,512,4,"owner=00000000004813DC;isWindow=0;ownerPid=0;get=1;device=1;options=0x8015;name=issue121-44524-52"
2026-09-14T18:48:39.325Z,58492,enumerated_context,0000000000001278,0,0.000,512,4,512,4,"owner=00000000004813DC;isWindow=0;ownerPid=0;get=1;device=1;options=0x8015;name=issue121-44524-51"
2026-09-14T18:48:39.340Z,58492,enumerated_context,0000000000001277,0,0.000,512,4,512,4,"owner=00000000004813DC;isWindow=0;ownerPid=0;get=1;device=1;options=0x8015;name=issue121-44524-50"
2026-09-14T18:48:39.356Z,58492,enumerated_context,0000000000001276,0,0.000,512,4,512,4,"owner=00000000004813DC;isWindow=0;ownerPid=0;get=1;device=1;options=0x8015;name=issue121-44524-49"
2026-09-14T18:48:39.375Z,58492,enumerated_context,0000000000001275,0,0.000,512,4,512,4,"owner=00000000004813DC;isWindow=0;ownerPid=0;get=1;device=1;options=0x8015;name=issue121-44524-48"
2026-09-14T18:48:39.396Z,58492,enumerated_context,0000000000001274,0,0.000,512,4,512,4,"owner=00000000004813DC;isWindow=0;ownerPid=0;get=1;device=1;options=0x8015;name=issue121-44524-47"
2026-09-14T18:48:39.418Z,58492,enumerated_context,0000000000001273,0,0.000,512,4,512,4,"owner=00000000004813DC;isWindow=0;ownerPid=0;get=1;device=1;options=0x8015;name=issue121-44524-46"
2026-09-14T18:48:39.436Z,58492,enumerated_context,0000000000001272,0,0.000,512,4,512,4,"owner=00000000004813DC;isWindow=0;ownerPid=0;get=1;device=1;options=0x8015;name=issue121-44524-45"
2026-09-14T18:48:39.455Z,58492,enumerated_context,0000000000001271,0,0.000,512,4,512,4,"owner=00000000004813DC;isWindow=0;ownerPid=0;get=1;device=1;options=0x8015;name=issue121-44524-44"
2026-09-14T18:48:39.468Z,58492,enumerated_context,0000000000001270,0,0.000,512,4,512,4,"owner=00000000004813DC;isWindow=0;ownerPid=0;get=1;device=1;options=0x8015;name=issue121-44524-43"
2026-09-14T18:48:39.481Z,58492,enumerated_context,000000000000126F,0,0.000,512,4,512,4,"owner=00000000004813DC;isWindow=0;ownerPid=0;get=1;device=1;options=0x8015;name=issue121-44524-42"
2026-09-14T18:48:39.497Z,58492,enumerated_context,000000000000126E,0,0.000,512,4,512,4,"owner=00000000004813DC;isWindow=0;ownerPid=0;get=1;device=1;options=0x8015;name=issue121-44524-41"
2026-09-14T18:48:39.510Z,58492,enumerated_context,000000000000126D,0,0.000,512,4,512,4,"owner=00000000004813DC;isWindow=0;ownerPid=0;get=1;device=1;options=0x8015;name=issue121-44524-40"
2026-09-14T18:48:39.525Z,58492,enumerated_context,000000000000126C,0,0.000,512,4,512,4,"owner=00000000004813DC;isWindow=0;ownerPid=0;get=1;device=1;options=0x8015;name=issue121-44524-39"
2026-09-14T18:48:39.543Z,58492,enumerated_context,000000000000126B,0,0.000,512,4,512,4,"owner=00000000004813DC;isWindow=0;ownerPid=0;get=1;device=1;options=0x8015;name=issue121-44524-38"
2026-09-14T18:48:39.556Z,58492,enumerated_context,000000000000126A,0,0.000,512,4,512,4,"owner=00000000004813DC;isWindow=0;ownerPid=0;get=1;device=1;options=0x8015;name=issue121-44524-37"
2026-09-14T18:48:39.574Z,58492,enumerated_context,0000000000001269,0,0.000,512,4,512,4,"owner=00000000004813DC;isWindow=0;ownerPid=0;get=1;device=1;options=0x8015;name=issue121-44524-36"
2026-09-14T18:48:39.591Z,58492,enumerated_context,0000000000001268,0,0.000,512,4,512,4,"owner=00000000004813DC;isWindow=0;ownerPid=0;get=1;device=1;options=0x8015;name=issue121-44524-35"
2026-09-14T18:48:39.611Z,58492,enumerated_context,0000000000001267,0,0.000,512,4,512,4,"owner=00000000004813DC;isWindow=0;ownerPid=0;get=1;device=1;options=0x8015;name=issue121-44524-34"
2026-09-14T18:48:39.630Z,58492,enumerated_context,0000000000001266,0,0.000,512,4,512,4,"owner=00000000004813DC;isWindow=0;ownerPid=0;get=1;device=1;options=0x8015;name=issue121-44524-33"
2026-09-14T18:48:39.646Z,58492,enumerated_context,0000000000001265,0,0.000,512,4,512,4,"owner=00000000004813DC;isWindow=0;ownerPid=0;get=1;device=1;options=0x8015;name=issue121-44524-32"
2026-09-14T18:48:39.663Z,58492,enumerated_context,0000000000001264,0,0.000,512,4,512,4,"owner=00000000004813DC;isWindow=0;ownerPid=0;get=1;device=1;options=0x8015;name=issue121-44524-31"
2026-09-14T18:48:39.681Z,58492,enumerated_context,0000000000001263,0,0.000,512,4,512,4,"owner=00000000004813DC;isWindow=0;ownerPid=0;get=1;device=1;options=0x8015;name=issue121-44524-30"
2026-09-14T18:48:39.700Z,58492,enumerated_context,0000000000001262,0,0.000,512,4,512,4,"owner=00000000004813DC;isWindow=0;ownerPid=0;get=1;device=1;options=0x8015;name=issue121-44524-29"
2026-09-14T18:48:39.719Z,58492,enumerated_context,0000000000001261,0,0.000,512,4,512,4,"owner=00000000004813DC;isWindow=0;ownerPid=0;get=1;device=1;options=0x8015;name=issue121-44524-28"
2026-09-14T18:48:39.740Z,58492,enumerated_context,0000000000001260,0,0.000,512,4,512,4,"owner=00000000004813DC;isWindow=0;ownerPid=0;get=1;device=1;options=0x8015;name=issue121-44524-27"
2026-09-14T18:48:39.760Z,58492,enumerated_context,000000000000125F,0,0.000,512,4,512,4,"owner=00000000004813DC;isWindow=0;ownerPid=0;get=1;device=1;options=0x8015;name=issue121-44524-26"
2026-09-14T18:48:39.779Z,58492,enumerated_context,000000000000125E,0,0.000,512,4,512,4,"owner=00000000004813DC;isWindow=0;ownerPid=0;get=1;device=1;options=0x8015;name=issue121-44524-25"
2026-09-14T18:48:39.798Z,58492,enumerated_context,000000000000125D,0,0.000,512,4,512,4,"owner=00000000004813DC;isWindow=0;ownerPid=0;get=1;device=1;options=0x8015;name=issue121-44524-24"
2026-09-14T18:48:39.818Z,58492,enumerated_context,000000000000125C,0,0.000,512,4,512,4,"owner=00000000004813DC;isWindow=0;ownerPid=0;get=1;device=1;options=0x8015;name=issue121-44524-23"
2026-09-14T18:48:39.838Z,58492,enumerated_context,000000000000125B,0,0.000,512,4,512,4,"owner=00000000004813DC;isWindow=0;ownerPid=0;get=1;device=1;options=0x8015;name=issue121-44524-22"
2026-09-14T18:48:39.856Z,58492,enumerated_context,000000000000125A,0,0.000,512,4,512,4,"owner=00000000004813DC;isWindow=0;ownerPid=0;get=1;device=1;options=0x8015;name=issue121-44524-21"
2026-09-14T18:48:39.874Z,58492,enumerated_context,0000000000001259,0,0.000,512,4,512,4,"owner=00000000004813DC;isWindow=0;ownerPid=0;get=1;device=1;options=0x8015;name=issue121-44524-20"
2026-09-14T18:48:39.893Z,58492,enumerated_context,0000000000001258,0,0.000,512,4,512,4,"owner=00000000004813DC;isWindow=0;ownerPid=0;get=1;device=1;options=0x8015;name=issue121-44524-19"
2026-09-14T18:48:39.910Z,58492,enumerated_context,0000000000001257,0,0.000,512,4,512,4,"owner=00000000004813DC;isWindow=0;ownerPid=0;get=1;device=1;options=0x8015;name=issue121-44524-18"
2026-09-14T18:48:39.926Z,58492,enumerated_context,0000000000001256,0,0.000,512,4,512,4,"owner=00000000004813DC;isWindow=0;ownerPid=0;get=1;device=1;options=0x8015;name=issue121-44524-17"
2026-09-14T18:48:39.939Z,58492,enumerated_context,0000000000001255,0,0.000,512,4,512,4,"owner=00000000004813DC;isWindow=0;ownerPid=0;get=1;device=1;options=0x8015;name=issue121-44524-16"
2026-09-14T18:48:39.953Z,58492,enumerated_context,0000000000001254,0,0.000,512,4,512,4,"owner=00000000004813DC;isWindow=0;ownerPid=0;get=1;device=1;options=0x8015;name=issue121-44524-15"
2026-09-14T18:48:39.968Z,58492,enumerated_context,0000000000001253,0,0.000,512,4,512,4,"owner=00000000004813DC;isWindow=0;ownerPid=0;get=1;device=1;options=0x8015;name=issue121-44524-14"
2026-09-14T18:48:39.981Z,58492,enumerated_context,0000000000001252,0,0.000,512,4,512,4,"owner=00000000004813DC;isWindow=0;ownerPid=0;get=1;device=1;options=0x8015;name=issue121-44524-13"
2026-09-14T18:48:39.997Z,58492,enumerated_context,0000000000001251,0,0.000,512,4,512,4,"owner=00000000004813DC;isWindow=0;ownerPid=0;get=1;device=1;options=0x8015;name=issue121-44524-12"
2026-09-14T18:48:40.016Z,58492,enumerated_context,0000000000001250,0,0.000,512,4,512,4,"owner=00000000004813DC;isWindow=0;ownerPid=0;get=1;device=1;options=0x8015;name=issue121-44524-11"
2026-09-14T18:48:40.031Z,58492,enumerated_context,000000000000124F,0,0.000,512,4,512,4,"owner=00000000004813DC;isWindow=0;ownerPid=0;get=1;device=1;options=0x8015;name=issue121-44524-10"
2026-09-14T18:48:40.045Z,58492,enumerated_context,000000000000124E,0,0.000,512,4,512,4,"owner=00000000004813DC;isWindow=0;ownerPid=0;get=1;device=1;options=0x8015;name=issue121-44524-9"
2026-09-14T18:48:40.059Z,58492,enumerated_context,000000000000124D,0,0.000,512,4,512,4,"owner=00000000004813DC;isWindow=0;ownerPid=0;get=1;device=1;options=0x8015;name=issue121-44524-8"
2026-09-14T18:48:40.073Z,58492,enumerated_context,000000000000124C,0,0.000,512,4,512,4,"owner=00000000004813DC;isWindow=0;ownerPid=0;get=1;device=1;options=0x8015;name=issue121-44524-7"
2026-09-14T18:48:40.085Z,58492,enumerated_context,000000000000124B,0,0.000,512,4,512,4,"owner=00000000004813DC;isWindow=0;ownerPid=0;get=1;device=1;options=0x8015;name=issue121-44524-6"
2026-09-14T18:48:40.100Z,58492,enumerated_context,000000000000124A,0,0.000,512,4,512,4,"owner=00000000004813DC;isWindow=0;ownerPid=0;get=1;device=1;options=0x8015;name=issue121-44524-5"
2026-09-14T18:48:40.116Z,58492,enumerated_context,0000000000001249,0,0.000,512,4,512,4,"owner=00000000004813DC;isWindow=0;ownerPid=0;get=1;device=1;options=0x8015;name=issue121-44524-4"
2026-09-14T18:48:40.133Z,58492,enumerated_context,0000000000001248,0,0.000,512,4,512,4,"owner=00000000004813DC;isWindow=0;ownerPid=0;get=1;device=1;options=0x8015;name=issue121-44524-3"
2026-09-14T18:48:40.151Z,58492,enumerated_context,0000000000001247,0,0.000,512,4,512,4,"owner=00000000004813DC;isWindow=0;ownerPid=0;get=1;device=1;options=0x8015;name=issue121-44524-2"
2026-09-14T18:48:40.166Z,58492,enumerated_context,0000000000001246,0,0.000,512,4,512,4,"owner=00000000004813DC;isWindow=0;ownerPid=0;get=1;device=1;options=0x8015;name=issue121-44524-1"
2026-09-14T18:48:40.181Z,58492,enumerated_context,0000000000001245,0,0.000,512,4,512,4,"owner=00000000004813DC;isWindow=0;ownerPid=0;get=1;device=1;options=0x8015;name=issue121-44524-0"
2026-09-14T18:48:40.198Z,58492,enumerated_context,0000000000001244,0,0.000,512,4,512,4,"owner=00000000004713DC;isWindow=0;ownerPid=0;get=1;device=1;options=0x8015;name=issue121-33960-66"
2026-09-14T18:48:40.214Z,58492,enumerated_context,0000000000001243,0,0.000,512,4,512,4,"owner=00000000004713DC;isWindow=0;ownerPid=0;get=1;device=1;options=0x8015;name=issue121-33960-65"
2026-09-14T18:48:40.232Z,58492,enumerated_context,0000000000001242,0,0.000,512,4,512,4,"owner=00000000004713DC;isWindow=0;ownerPid=0;get=1;device=1;options=0x8015;name=issue121-33960-64"
2026-09-14T18:48:40.246Z,58492,enumerated_context,0000000000001241,0,0.000,512,4,512,4,"owner=00000000004713DC;isWindow=0;ownerPid=0;get=1;device=1;options=0x8015;name=issue121-33960-63"
2026-09-14T18:48:40.261Z,58492,enumerated_context,0000000000001240,0,0.000,512,4,512,4,"owner=00000000004713DC;isWindow=0;ownerPid=0;get=1;device=1;options=0x8015;name=issue121-33960-62"
2026-09-14T18:48:40.275Z,58492,enumerated_context,000000000000123F,0,0.000,512,4,512,4,"owner=00000000004713DC;isWindow=0;ownerPid=0;get=1;device=1;options=0x8015;name=issue121-33960-61"
2026-09-14T18:48:40.290Z,58492,enumerated_context,000000000000123E,0,0.000,512,4,512,4,"owner=00000000004713DC;isWindow=0;ownerPid=0;get=1;device=1;options=0x8015;name=issue121-33960-60"
2026-09-14T18:48:40.306Z,58492,enumerated_context,000000000000123D,0,0.000,512,4,512,4,"owner=00000000004713DC;isWindow=0;ownerPid=0;get=1;device=1;options=0x8015;name=issue121-33960-59"
2026-09-14T18:48:40.324Z,58492,enumerated_context,000000000000123C,0,0.000,512,4,512,4,"owner=00000000004713DC;isWindow=0;ownerPid=0;get=1;device=1;options=0x8015;name=issue121-33960-58"
2026-09-14T18:48:40.341Z,58492,enumerated_context,000000000000123B,0,0.000,512,4,512,4,"owner=00000000004713DC;isWindow=0;ownerPid=0;get=1;device=1;options=0x8015;name=issue121-33960-57"
2026-09-14T18:48:40.361Z,58492,enumerated_context,000000000000123A,0,0.000,512,4,512,4,"owner=00000000004713DC;isWindow=0;ownerPid=0;get=1;device=1;options=0x8015;name=issue121-33960-56"
2026-09-14T18:48:40.378Z,58492,enumerated_context,0000000000001239,0,0.000,512,4,512,4,"owner=00000000004713DC;isWindow=0;ownerPid=0;get=1;device=1;options=0x8015;name=issue121-33960-55"
2026-09-14T18:48:40.396Z,58492,enumerated_context,0000000000001238,0,0.000,512,4,512,4,"owner=00000000004713DC;isWindow=0;ownerPid=0;get=1;device=1;options=0x8015;name=issue121-33960-54"
2026-09-14T18:48:40.416Z,58492,enumerated_context,0000000000001237,0,0.000,512,4,512,4,"owner=00000000004713DC;isWindow=0;ownerPid=0;get=1;device=1;options=0x8015;name=issue121-33960-53"
2026-09-14T18:48:40.436Z,58492,enumerated_context,0000000000001236,0,0.000,512,4,512,4,"owner=00000000004713DC;isWindow=0;ownerPid=0;get=1;device=1;options=0x8015;name=issue121-33960-52"
2026-09-14T18:48:40.456Z,58492,enumerated_context,0000000000001235,0,0.000,512,4,512,4,"owner=00000000004713DC;isWindow=0;ownerPid=0;get=1;device=1;options=0x8015;name=issue121-33960-51"
2026-09-14T18:48:40.476Z,58492,enumerated_context,0000000000001234,0,0.000,512,4,512,4,"owner=00000000004713DC;isWindow=0;ownerPid=0;get=1;device=1;options=0x8015;name=issue121-33960-50"
2026-09-14T18:48:40.496Z,58492,enumerated_context,0000000000001233,0,0.000,512,4,512,4,"owner=00000000004713DC;isWindow=0;ownerPid=0;get=1;device=1;options=0x8015;name=issue121-33960-49"
2026-09-14T18:48:40.516Z,58492,enumerated_context,0000000000001232,0,0.000,512,4,512,4,"owner=00000000004713DC;isWindow=0;ownerPid=0;get=1;device=1;options=0x8015;name=issue121-33960-48"
2026-09-14T18:48:40.536Z,58492,enumerated_context,0000000000001231,0,0.000,512,4,512,4,"owner=00000000004713DC;isWindow=0;ownerPid=0;get=1;device=1;options=0x8015;name=issue121-33960-47"
2026-09-14T18:48:40.555Z,58492,enumerated_context,0000000000001230,0,0.000,512,4,512,4,"owner=00000000004713DC;isWindow=0;ownerPid=0;get=1;device=1;options=0x8015;name=issue121-33960-46"
2026-09-14T18:48:40.575Z,58492,enumerated_context,000000000000122F,0,0.000,512,4,512,4,"owner=00000000004713DC;isWindow=0;ownerPid=0;get=1;device=1;options=0x8015;name=issue121-33960-45"
2026-09-14T18:48:40.593Z,58492,enumerated_context,000000000000122E,0,0.000,512,4,512,4,"owner=00000000004713DC;isWindow=0;ownerPid=0;get=1;device=1;options=0x8015;name=issue121-33960-44"
2026-09-14T18:48:40.612Z,58492,enumerated_context,000000000000122D,0,0.000,512,4,512,4,"owner=00000000004713DC;isWindow=0;ownerPid=0;get=1;device=1;options=0x8015;name=issue121-33960-43"
2026-09-14T18:48:40.630Z,58492,enumerated_context,000000000000122C,0,0.000,512,4,512,4,"owner=00000000004713DC;isWindow=0;ownerPid=0;get=1;device=1;options=0x8015;name=issue121-33960-42"
2026-09-14T18:48:40.648Z,58492,enumerated_context,000000000000122B,0,0.000,512,4,512,4,"owner=00000000004713DC;isWindow=0;ownerPid=0;get=1;device=1;options=0x8015;name=issue121-33960-41"
2026-09-14T18:48:40.666Z,58492,enumerated_context,000000000000122A,0,0.000,512,4,512,4,"owner=00000000004713DC;isWindow=0;ownerPid=0;get=1;device=1;options=0x8015;name=issue121-33960-40"
2026-09-14T18:48:40.688Z,58492,enumerated_context,0000000000001229,0,0.000,512,4,512,4,"owner=00000000004713DC;isWindow=0;ownerPid=0;get=1;device=1;options=0x8015;name=issue121-33960-39"
2026-09-14T18:48:40.708Z,58492,enumerated_context,0000000000001228,0,0.000,512,4,512,4,"owner=00000000004713DC;isWindow=0;ownerPid=0;get=1;device=1;options=0x8015;name=issue121-33960-38"
2026-09-14T18:48:40.726Z,58492,enumerated_context,0000000000001227,0,0.000,512,4,512,4,"owner=00000000004713DC;isWindow=0;ownerPid=0;get=1;device=1;options=0x8015;name=issue121-33960-37"
2026-09-14T18:48:40.741Z,58492,enumerated_context,0000000000001226,0,0.000,512,4,512,4,"owner=00000000004713DC;isWindow=0;ownerPid=0;get=1;device=1;options=0x8015;name=issue121-33960-36"
2026-09-14T18:48:40.756Z,58492,enumerated_context,0000000000001225,0,0.000,512,4,512,4,"owner=00000000004713DC;isWindow=0;ownerPid=0;get=1;device=1;options=0x8015;name=issue121-33960-35"
2026-09-14T18:48:40.770Z,58492,enumerated_context,0000000000001224,0,0.000,512,4,512,4,"owner=00000000004713DC;isWindow=0;ownerPid=0;get=1;device=1;options=0x8015;name=issue121-33960-34"
2026-09-14T18:48:40.784Z,58492,enumerated_context,0000000000001223,0,0.000,512,4,512,4,"owner=00000000004713DC;isWindow=0;ownerPid=0;get=1;device=1;options=0x8015;name=issue121-33960-33"
2026-09-14T18:48:40.801Z,58492,enumerated_context,0000000000001222,0,0.000,512,4,512,4,"owner=00000000004713DC;isWindow=0;ownerPid=0;get=1;device=1;options=0x8015;name=issue121-33960-32"
2026-09-14T18:48:40.815Z,58492,enumerated_context,0000000000001221,0,0.000,512,4,512,4,"owner=00000000004713DC;isWindow=0;ownerPid=0;get=1;device=1;options=0x8015;name=issue121-33960-31"
2026-09-14T18:48:40.831Z,58492,enumerated_context,0000000000001220,0,0.000,512,4,512,4,"owner=00000000004713DC;isWindow=0;ownerPid=0;get=1;device=1;options=0x8015;name=issue121-33960-30"
2026-09-14T18:48:40.846Z,58492,enumerated_context,000000000000121F,0,0.000,512,4,512,4,"owner=00000000004713DC;isWindow=0;ownerPid=0;get=1;device=1;options=0x8015;name=issue121-33960-29"
2026-09-14T18:48:40.864Z,58492,enumerated_context,000000000000121E,0,0.000,512,4,512,4,"owner=00000000004713DC;isWindow=0;ownerPid=0;get=1;device=1;options=0x8015;name=issue121-33960-28"
2026-09-14T18:48:40.883Z,58492,enumerated_context,000000000000121D,0,0.000,512,4,512,4,"owner=00000000004713DC;isWindow=0;ownerPid=0;get=1;device=1;options=0x8015;name=issue121-33960-27"
2026-09-14T18:48:40.900Z,58492,enumerated_context,000000000000121C,0,0.000,512,4,512,4,"owner=00000000004713DC;isWindow=0;ownerPid=0;get=1;device=1;options=0x8015;name=issue121-33960-26"
2026-09-14T18:48:40.918Z,58492,enumerated_context,000000000000121B,0,0.000,512,4,512,4,"owner=00000000004713DC;isWindow=0;ownerPid=0;get=1;device=1;options=0x8015;name=issue121-33960-25"
2026-09-14T18:48:40.933Z,58492,enumerated_context,000000000000121A,0,0.000,512,4,512,4,"owner=00000000004713DC;isWindow=0;ownerPid=0;get=1;device=1;options=0x8015;name=issue121-33960-24"
2026-09-14T18:48:40.953Z,58492,enumerated_context,0000000000001219,0,0.000,512,4,512,4,"owner=00000000004713DC;isWindow=0;ownerPid=0;get=1;device=1;options=0x8015;name=issue121-33960-23"
2026-09-14T18:48:40.966Z,58492,enumerated_context,0000000000001218,0,0.000,512,4,512,4,"owner=00000000004713DC;isWindow=0;ownerPid=0;get=1;device=1;options=0x8015;name=issue121-33960-22"
2026-09-14T18:48:40.985Z,58492,enumerated_context,0000000000001217,0,0.000,512,4,512,4,"owner=00000000004713DC;isWindow=0;ownerPid=0;get=1;device=1;options=0x8015;name=issue121-33960-21"
2026-09-14T18:48:41.003Z,58492,enumerated_context,0000000000001216,0,0.000,512,4,512,4,"owner=00000000004713DC;isWindow=0;ownerPid=0;get=1;device=1;options=0x8015;name=issue121-33960-20"
2026-09-14T18:48:41.022Z,58492,enumerated_context,0000000000001215,0,0.000,512,4,512,4,"owner=00000000004713DC;isWindow=0;ownerPid=0;get=1;device=1;options=0x8015;name=issue121-33960-19"
2026-09-14T18:48:41.037Z,58492,enumerated_context,0000000000001214,0,0.000,512,4,512,4,"owner=00000000004713DC;isWindow=0;ownerPid=0;get=1;device=1;options=0x8015;name=issue121-33960-18"
2026-09-14T18:48:41.054Z,58492,enumerated_context,0000000000001213,0,0.000,512,4,512,4,"owner=00000000004713DC;isWindow=0;ownerPid=0;get=1;device=1;options=0x8015;name=issue121-33960-17"
2026-09-14T18:48:41.071Z,58492,enumerated_context,0000000000001212,0,0.000,512,4,512,4,"owner=00000000004713DC;isWindow=0;ownerPid=0;get=1;device=1;options=0x8015;name=issue121-33960-16"
2026-09-14T18:48:41.090Z,58492,enumerated_context,0000000000001211,0,0.000,512,4,512,4,"owner=00000000004713DC;isWindow=0;ownerPid=0;get=1;device=1;options=0x8015;name=issue121-33960-15"
2026-09-14T18:48:41.109Z,58492,enumerated_context,0000000000001210,0,0.000,512,4,512,4,"owner=00000000004713DC;isWindow=0;ownerPid=0;get=1;device=1;options=0x8015;name=issue121-33960-14"
2026-09-14T18:48:41.128Z,58492,enumerated_context,000000000000120F,0,0.000,512,4,512,4,"owner=00000000004713DC;isWindow=0;ownerPid=0;get=1;device=1;options=0x8015;name=issue121-33960-13"
2026-09-14T18:48:41.147Z,58492,enumerated_context,000000000000120E,0,0.000,512,4,512,4,"owner=00000000004713DC;isWindow=0;ownerPid=0;get=1;device=1;options=0x8015;name=issue121-33960-12"
2026-09-14T18:48:41.164Z,58492,enumerated_context,000000000000120D,0,0.000,512,4,512,4,"owner=00000000004713DC;isWindow=0;ownerPid=0;get=1;device=1;options=0x8015;name=issue121-33960-11"
2026-09-14T18:48:41.185Z,58492,enumerated_context,000000000000120C,0,0.000,512,4,512,4,"owner=00000000004713DC;isWindow=0;ownerPid=0;get=1;device=1;options=0x8015;name=issue121-33960-10"
2026-09-14T18:48:41.203Z,58492,enumerated_context,000000000000120B,0,0.000,512,4,512,4,"owner=00000000004713DC;isWindow=0;ownerPid=0;get=1;device=1;options=0x8015;name=issue121-33960-9"
2026-09-14T18:48:41.223Z,58492,enumerated_context,000000000000120A,0,0.000,512,4,512,4,"owner=00000000004713DC;isWindow=0;ownerPid=0;get=1;device=1;options=0x8015;name=issue121-33960-8"
2026-09-14T18:48:41.241Z,58492,enumerated_context,0000000000001209,0,0.000,512,4,512,4,"owner=00000000004713DC;isWindow=0;ownerPid=0;get=1;device=1;options=0x8015;name=issue121-33960-7"
2026-09-14T18:48:41.260Z,58492,enumerated_context,0000000000001208,0,0.000,512,4,512,4,"owner=00000000004713DC;isWindow=0;ownerPid=0;get=1;device=1;options=0x8015;name=issue121-33960-6"
2026-09-14T18:48:41.280Z,58492,enumerated_context,0000000000001207,0,0.000,512,4,512,4,"owner=00000000004713DC;isWindow=0;ownerPid=0;get=1;device=1;options=0x8015;name=issue121-33960-5"
2026-09-14T18:48:41.298Z,58492,enumerated_context,0000000000001206,0,0.000,512,4,512,4,"owner=00000000004713DC;isWindow=0;ownerPid=0;get=1;device=1;options=0x8015;name=issue121-33960-4"
2026-09-14T18:48:41.318Z,58492,enumerated_context,0000000000001205,0,0.000,512,4,512,4,"owner=00000000004713DC;isWindow=0;ownerPid=0;get=1;device=1;options=0x8015;name=issue121-33960-3"
2026-09-14T18:48:41.338Z,58492,enumerated_context,0000000000001204,0,0.000,512,4,512,4,"owner=00000000004713DC;isWindow=0;ownerPid=0;get=1;device=1;options=0x8015;name=issue121-33960-2"
2026-09-14T18:48:41.356Z,58492,enumerated_context,0000000000001203,0,0.000,512,4,512,4,"owner=00000000004713DC;isWindow=0;ownerPid=0;get=1;device=1;options=0x8015;name=issue121-33960-1"
2026-09-14T18:48:41.376Z,58492,enumerated_context,0000000000001202,0,0.000,512,4,512,4,"owner=00000000004713DC;isWindow=0;ownerPid=0;get=1;device=1;options=0x8015;name=issue121-33960-0"
2026-09-14T18:48:41.392Z,58492,manager_enum,0000000000000005,1,0.000,512,4,512,4,"callbacks=512"
2026-09-14T18:48:41.411Z,58492,manager_default_digitizer,0000000000000C02,0,0.000,512,4,512,4,"read_only"
2026-09-14T18:48:41.429Z,58492,manager_default_system,0000000000000C01,0,0.000,512,4,512,4,"read_only"
2026-09-14T18:48:41.445Z,58492,manager_close,0000000000000005,1,0.000,512,4,512,4,"visible"
2026-09-14T18:48:41.463Z,58492,manager_open,0000000000000000,0,0.020,512,4,512,4,"null_hwnd;lastError=0"
