utc,pid,event,handle,result,elapsed_ms,contexts,contexts_bytes,system,system_bytes,detail
2026-09-15T01:57:03.968Z,17680,sample,0000000000000000,0,0.000,14,4,14,4,"persistent_DLL"
2026-09-15T01:57:04.481Z,17680,sample,0000000000000000,0,0.000,14,4,14,4,"persistent_DLL"
2026-09-15T01:57:04.971Z,17680,sample,0000000000000000,0,0.000,14,4,14,4,"persistent_DLL"
2026-09-15T01:57:05.472Z,17680,sample,0000000000000000,0,0.000,14,4,14,4,"persistent_DLL"
2026-09-15T01:57:05.978Z,17680,sample,0000000000000000,0,0.000,14,4,14,4,"persistent_DLL"
2026-09-15T01:57:06.470Z,17680,sample,0000000000000000,0,0.000,14,4,14,4,"persistent_DLL"
2026-09-15T01:57:06.973Z,17680,sample,0000000000000000,0,0.000,14,4,14,4,"persistent_DLL"
2026-09-15T01:57:07.475Z,17680,sample,0000000000000000,0,0.000,14,4,14,4,"persistent_DLL"
2026-09-15T01:57:07.978Z,17680,sample,0000000000000000,0,0.000,14,4,14,4,"persistent_DLL"
2026-09-15T01:57:08.481Z,17680,sample,0000000000000000,0,0.000,14,4,14,4,"persistent_DLL"
2026-09-15T01:57:08.975Z,17680,sample,0000000000000000,0,0.000,14,4,14,4,"persistent_DLL"
2026-09-15T01:57:09.478Z,17680,sample,0000000000000000,0,0.000,14,4,14,4,"persistent_DLL"
2026-09-15T01:57:09.978Z,17680,sample,0000000000000000,0,0.000,14,4,14,4,"persistent_DLL"
2026-09-15T01:57:10.479Z,17680,sample,0000000000000000,0,0.000,14,4,14,4,"persistent_DLL"
2026-09-15T01:57:10.978Z,17680,sample,0000000000000000,0,0.000,14,4,14,4,"persistent_DLL"
2026-09-15T01:57:11.468Z,17680,sample,0000000000000000,0,0.000,14,4,14,4,"persistent_DLL"
2026-09-15T01:57:11.968Z,17680,sample,0000000000000000,0,0.000,14,4,14,4,"persistent_DLL"
2026-09-15T01:57:12.470Z,17680,sample,0000000000000000,0,0.000,14,4,14,4,"persistent_DLL"
2026-09-15T01:57:12.972Z,17680,sample,0000000000000000,0,0.000,14,4,14,4,"persistent_DLL"
2026-09-15T01:57:13.473Z,17680,sample,0000000000000000,0,0.000,14,4,14,4,"persistent_DLL"
2026-09-15T01:57:13.972Z,17680,sample,0000000000000000,0,0.000,14,4,14,4,"persistent_DLL"
2026-09-15T01:57:14.475Z,17680,sample,0000000000000000,0,0.000,14,4,14,4,"persistent_DLL"
2026-09-15T01:57:14.974Z,17680,sample,0000000000000000,0,0.000,14,4,14,4,"persistent_DLL"
2026-09-15T01:57:15.471Z,17680,sample,0000000000000000,0,0.000,14,4,14,4,"persistent_DLL"
2026-09-15T01:57:15.974Z,17680,sample,0000000000000000,0,0.000,14,4,14,4,"persistent_DLL"
2026-09-15T01:57:16.474Z,17680,sample,0000000000000000,0,0.000,14,4,14,4,"persistent_DLL"
2026-09-15T01:57:16.973Z,17680,sample,0000000000000000,0,0.000,14,4,14,4,"persistent_DLL"
2026-09-15T01:57:17.470Z,17680,sample,0000000000000000,0,0.000,14,4,14,4,"persistent_DLL"
2026-09-15T01:57:17.969Z,17680,sample,0000000000000000,0,0.000,14,4,14,4,"persistent_DLL"
2026-09-15T01:57:18.471Z,17680,sample,0000000000000000,0,0.000,14,4,14,4,"persistent_DLL"
2026-09-15T01:57:18.974Z,17680,sample,0000000000000000,0,0.000,14,4,14,4,"persistent_DLL"
2026-09-15T01:57:19.480Z,17680,sample,0000000000000000,0,0.000,14,4,14,4,"persistent_DLL"
2026-09-15T01:57:19.968Z,17680,sample,0000000000000000,0,0.000,14,4,14,4,"persistent_DLL"
2026-09-15T01:57:20.475Z,17680,sample,0000000000000000,0,0.000,14,4,14,4,"persistent_DLL"
2026-09-15T01:57:20.975Z,17680,sample,0000000000000000,0,0.000,14,4,14,4,"persistent_DLL"
2026-09-15T01:57:21.479Z,17680,sample,0000000000000000,0,0.000,14,4,14,4,"persistent_DLL"
2026-09-15T01:57:21.969Z,17680,sample,0000000000000000,0,0.000,14,4,14,4,"persistent_DLL"
2026-09-15T01:57:22.474Z,17680,sample,0000000000000000,0,0.000,14,4,14,4,"persistent_DLL"
2026-09-15T01:57:22.977Z,17680,sample,0000000000000000,0,0.000,14,4,14,4,"persistent_DLL"
2026-09-15T01:57:23.480Z,17680,sample,0000000000000000,0,0.000,14,4,14,4,"persistent_DLL"
2026-09-15T01:57:23.974Z,17680,sample,0000000000000000,0,0.000,14,4,14,4,"persistent_DLL"
2026-09-15T01:57:24.472Z,17680,sample,0000000000000000,0,0.000,14,4,14,4,"persistent_DLL"
2026-09-15T01:57:24.977Z,17680,sample,0000000000000000,0,0.000,14,4,14,4,"persistent_DLL"
2026-09-15T01:57:25.469Z,17680,sample,0000000000000000,0,0.000,14,4,14,4,"persistent_DLL"
2026-09-15T01:57:25.975Z,17680,sample,0000000000000000,0,0.000,14,4,14,4,"persistent_DLL"
2026-09-15T01:57:26.477Z,17680,sample,0000000000000000,0,0.000,14,4,14,4,"persistent_DLL"
2026-09-15T01:57:26.967Z,17680,sample,0000000000000000,0,0.000,14,4,14,4,"persistent_DLL"
2026-09-15T01:57:27.472Z,17680,sample,0000000000000000,0,0.000,14,4,14,4,"persistent_DLL"
2026-09-15T01:57:27.978Z,17680,sample,0000000000000000,0,0.000,14,4,14,4,"persistent_DLL"
2026-09-15T01:57:28.470Z,17680,sample,0000000000000000,0,0.000,14,4,14,4,"persistent_DLL"
2026-09-15T01:57:28.971Z,17680,sample,0000000000000000,0,0.000,14,4,14,4,"persistent_DLL"
2026-09-15T01:57:29.472Z,17680,sample,0000000000000000,0,0.000,14,4,14,4,"persistent_DLL"
2026-09-15T01:57:29.977Z,17680,sample,0000000000000000,0,0.000,14,4,14,4,"persistent_DLL"
2026-09-15T01:57:30.477Z,17680,sample,0000000000000000,0,0.000,14,4,14,4,"persistent_DLL"
2026-09-15T01:57:30.977Z,17680,sample,0000000000000000,0,0.000,14,4,14,4,"persistent_DLL"
2026-09-15T01:57:31.479Z,17680,sample,0000000000000000,0,0.000,14,4,14,4,"persistent_DLL"
2026-09-15T01:57:31.979Z,17680,sample,0000000000000000,0,0.000,14,4,14,4,"persistent_DLL"
2026-09-15T01:57:32.474Z,17680,sample,0000000000000000,0,0.000,14,4,14,4,"persistent_DLL"
2026-09-15T01:57:32.977Z,17680,sample,0000000000000000,0,0.000,14,4,14,4,"persistent_DLL"
2026-09-15T01:57:33.479Z,17680,sample,0000000000000000,0,0.000,14,4,14,4,"persistent_DLL"
2026-09-15T01:57:33.981Z,17680,sample,0000000000000000,0,0.000,14,4,14,4,"persistent_DLL"
2026-09-15T01:57:34.471Z,17680,sample,0000000000000000,0,0.000,14,4,14,4,"persistent_DLL"
2026-09-15T01:57:34.976Z,17680,sample,0000000000000000,0,0.000,14,4,14,4,"persistent_DLL"
2026-09-15T01:57:35.476Z,17680,sample,0000000000000000,0,0.000,14,4,14,4,"persistent_DLL"
2026-09-15T01:57:35.970Z,17680,sample,0000000000000000,0,0.000,14,4,14,4,"persistent_DLL"
2026-09-15T01:57:36.480Z,17680,sample,0000000000000000,0,0.000,14,4,14,4,"persistent_DLL"
2026-09-15T01:57:36.979Z,17680,sample,0000000000000000,0,0.000,14,4,14,4,"persistent_DLL"
2026-09-15T01:57:37.477Z,17680,sample,0000000000000000,0,0.000,14,4,14,4,"persistent_DLL"
2026-09-15T01:57:37.979Z,17680,sample,0000000000000000,0,0.000,14,4,14,4,"persistent_DLL"
2026-09-15T01:57:38.467Z,17680,sample,0000000000000000,0,0.000,14,4,14,4,"persistent_DLL"
2026-09-15T01:57:38.969Z,17680,sample,0000000000000000,0,0.000,14,4,14,4,"persistent_DLL"
2026-09-15T01:57:39.468Z,17680,sample,0000000000000000,0,0.000,14,4,14,4,"persistent_DLL"
2026-09-15T01:57:39.973Z,17680,sample,0000000000000000,0,0.000,14,4,14,4,"persistent_DLL"
2026-09-15T01:57:40.476Z,17680,sample,0000000000000000,0,0.000,14,4,14,4,"persistent_DLL"
2026-09-15T01:57:40.981Z,17680,sample,0000000000000000,0,0.000,14,4,14,4,"persistent_DLL"
2026-09-15T01:57:41.479Z,17680,sample,0000000000000000,0,0.000,14,4,14,4,"persistent_DLL"
2026-09-15T01:57:41.969Z,17680,sample,0000000000000000,0,0.000,14,4,14,4,"persistent_DLL"
2026-09-15T01:57:42.473Z,17680,sample,0000000000000000,0,0.000,14,4,14,4,"persistent_DLL"
2026-09-15T01:57:42.974Z,17680,sample,0000000000000000,0,0.000,14,4,14,4,"persistent_DLL"
2026-09-15T01:57:43.469Z,17680,sample,0000000000000000,0,0.000,14,4,14,4,"persistent_DLL"
2026-09-15T01:57:43.973Z,17680,sample,0000000000000000,0,0.000,14,4,14,4,"persistent_DLL"
2026-09-15T01:57:44.479Z,17680,sample,0000000000000000,0,0.000,14,4,14,4,"persistent_DLL"
2026-09-15T01:57:44.969Z,17680,sample,0000000000000000,0,0.000,14,4,14,4,"persistent_DLL"
2026-09-15T01:57:45.469Z,17680,sample,0000000000000000,0,0.000,14,4,14,4,"persistent_DLL"
2026-09-15T01:57:45.981Z,17680,sample,0000000000000000,0,0.000,14,4,14,4,"persistent_DLL"
2026-09-15T01:57:46.467Z,17680,sample,0000000000000000,0,0.000,14,4,14,4,"persistent_DLL"
2026-09-15T01:57:46.972Z,17680,sample,0000000000000000,0,0.000,14,4,14,4,"persistent_DLL"
2026-09-15T01:57:47.476Z,17680,sample,0000000000000000,0,0.000,14,4,14,4,"persistent_DLL"
2026-09-15T01:57:47.967Z,17680,sample,0000000000000000,0,0.000,14,4,14,4,"persistent_DLL"
2026-09-15T01:57:48.475Z,17680,sample,0000000000000000,0,0.000,14,4,14,4,"persistent_DLL"
2026-09-15T01:57:48.967Z,17680,sample,0000000000000000,0,0.000,14,4,14,4,"persistent_DLL"
2026-09-15T01:57:49.474Z,17680,sample,0000000000000000,0,0.000,14,4,14,4,"persistent_DLL"
2026-09-15T01:57:49.975Z,17680,sample,0000000000000000,0,0.000,14,4,14,4,"persistent_DLL"
2026-09-15T01:57:50.467Z,17680,sample,0000000000000000,0,0.000,14,4,14,4,"persistent_DLL"
2026-09-15T01:57:50.973Z,17680,sample,0000000000000000,0,0.000,14,4,14,4,"persistent_DLL"
2026-09-15T01:57:51.479Z,17680,sample,0000000000000000,0,0.000,14,4,14,4,"persistent_DLL"
2026-09-15T01:57:51.968Z,17680,sample,0000000000000000,0,0.000,14,4,14,4,"persistent_DLL"
2026-09-15T01:57:52.470Z,17680,sample,0000000000000000,0,0.000,14,4,14,4,"persistent_DLL"
2026-09-15T01:57:52.979Z,17680,sample,0000000000000000,0,0.000,14,4,14,4,"persistent_DLL"
2026-09-15T01:57:53.479Z,17680,sample,0000000000000000,0,0.000,14,4,14,4,"persistent_DLL"
2026-09-15T01:57:53.981Z,17680,sample,0000000000000000,0,0.000,14,4,14,4,"persistent_DLL"
2026-09-15T01:57:54.469Z,17680,sample,0000000000000000,0,0.000,14,4,14,4,"persistent_DLL"
2026-09-15T01:57:54.973Z,17680,sample,0000000000000000,0,0.000,14,4,14,4,"persistent_DLL"
2026-09-15T01:57:55.478Z,17680,sample,0000000000000000,0,0.000,14,4,14,4,"persistent_DLL"
2026-09-15T01:57:55.967Z,17680,sample,0000000000000000,0,0.000,14,4,14,4,"persistent_DLL"
2026-09-15T01:57:56.474Z,17680,sample,0000000000000000,0,0.000,14,4,14,4,"persistent_DLL"
2026-09-15T01:57:56.973Z,17680,sample,0000000000000000,0,0.000,14,4,14,4,"persistent_DLL"
2026-09-15T01:57:57.480Z,17680,sample,0000000000000000,0,0.000,14,4,14,4,"persistent_DLL"
2026-09-15T01:57:57.973Z,17680,sample,0000000000000000,0,0.000,14,4,14,4,"persistent_DLL"
2026-09-15T01:57:58.476Z,17680,sample,0000000000000000,0,0.000,14,4,14,4,"persistent_DLL"
2026-09-15T01:57:58.982Z,17680,sample,0000000000000000,0,0.000,14,4,14,4,"persistent_DLL"
2026-09-15T01:57:59.489Z,17680,sample,0000000000000000,0,0.000,14,4,14,4,"persistent_DLL"
2026-09-15T01:57:59.982Z,17680,sample,0000000000000000,0,0.000,14,4,14,4,"persistent_DLL"
2026-09-15T01:58:00.492Z,17680,sample,0000000000000000,0,0.000,14,4,14,4,"persistent_DLL"
2026-09-15T01:58:00.982Z,17680,sample,0000000000000000,0,0.000,14,4,14,4,"persistent_DLL"
2026-09-15T01:58:01.491Z,17680,sample,0000000000000000,0,0.000,14,4,14,4,"persistent_DLL"
2026-09-15T01:58:01.990Z,17680,sample,0000000000000000,0,0.000,14,4,14,4,"persistent_DLL"
2026-09-15T01:58:02.488Z,17680,sample,0000000000000000,0,0.000,14,4,14,4,"persistent_DLL"
2026-09-15T01:58:02.993Z,17680,sample,0000000000000000,0,0.000,14,4,14,4,"persistent_DLL"
2026-09-15T01:58:03.495Z,17680,sample,0000000000000000,0,0.000,14,4,14,4,"persistent_DLL"
2026-09-15T01:58:03.986Z,17680,sample,0000000000000000,0,0.000,14,4,14,4,"persistent_DLL"
2026-09-15T01:58:04.495Z,17680,sample,0000000000000000,0,0.000,14,4,14,4,"persistent_DLL"
2026-09-15T01:58:04.983Z,17680,sample,0000000000000000,0,0.000,14,4,14,4,"persistent_DLL"
2026-09-15T01:58:05.485Z,17680,sample,0000000000000000,0,0.000,14,4,14,4,"persistent_DLL"
2026-09-15T01:58:05.982Z,17680,sample,0000000000000000,0,0.000,14,4,14,4,"persistent_DLL"
2026-09-15T01:58:06.490Z,17680,sample,0000000000000000,0,0.000,14,4,14,4,"persistent_DLL"
2026-09-15T01:58:06.996Z,17680,sample,0000000000000000,0,0.000,14,4,14,4,"persistent_DLL"
2026-09-15T01:58:07.488Z,17680,sample,0000000000000000,0,0.000,14,4,14,4,"persistent_DLL"
2026-09-15T01:58:07.993Z,17680,sample,0000000000000000,0,0.000,14,4,14,4,"persistent_DLL"
2026-09-15T01:58:08.491Z,17680,sample,0000000000000000,0,0.000,14,4,14,4,"persistent_DLL"
2026-09-15T01:58:08.986Z,17680,sample,0000000000000000,0,0.000,14,4,14,4,"persistent_DLL"
2026-09-15T01:58:09.491Z,17680,sample,0000000000000000,0,0.000,14,4,14,4,"persistent_DLL"
2026-09-15T01:58:09.996Z,17680,sample,0000000000000000,0,0.000,14,4,14,4,"persistent_DLL"
2026-09-15T01:58:10.488Z,17680,sample,0000000000000000,0,0.000,14,4,14,4,"persistent_DLL"
2026-09-15T01:58:10.996Z,17680,sample,0000000000000000,0,0.000,14,4,14,4,"persistent_DLL"
2026-09-15T01:58:11.483Z,17680,sample,0000000000000000,0,0.000,14,4,14,4,"persistent_DLL"
2026-09-15T01:58:11.986Z,17680,sample,0000000000000000,0,0.000,14,4,14,4,"persistent_DLL"
2026-09-15T01:58:12.489Z,17680,sample,0000000000000000,0,0.000,14,4,14,4,"persistent_DLL"
2026-09-15T01:58:12.993Z,17680,sample,0000000000000000,0,0.000,14,4,14,4,"persistent_DLL"
2026-09-15T01:58:13.486Z,17680,sample,0000000000000000,0,0.000,14,4,14,4,"persistent_DLL"
2026-09-15T01:58:13.982Z,17680,sample,0000000000000000,0,0.000,14,4,14,4,"persistent_DLL"
2026-09-15T01:58:14.490Z,17680,sample,0000000000000000,0,0.000,16,4,16,4,"persistent_DLL"
2026-09-15T01:58:14.984Z,17680,sample,0000000000000000,0,0.000,16,4,16,4,"persistent_DLL"
2026-09-15T01:58:15.485Z,17680,sample,0000000000000000,0,0.000,16,4,16,4,"persistent_DLL"
2026-09-15T01:58:15.988Z,17680,sample,0000000000000000,0,0.000,10,4,10,4,"persistent_DLL"
2026-09-15T01:58:16.494Z,17680,sample,0000000000000000,0,0.000,8,4,8,4,"persistent_DLL"
2026-09-15T01:58:16.995Z,17680,sample,0000000000000000,0,0.000,8,4,8,4,"persistent_DLL"
2026-09-15T01:58:17.481Z,17680,sample,0000000000000000,0,0.000,8,4,8,4,"persistent_DLL"
2026-09-15T01:58:17.989Z,17680,sample,0000000000000000,0,0.000,8,4,8,4,"persistent_DLL"
2026-09-15T01:58:18.498Z,17680,sample,0000000000000000,0,0.000,8,4,8,4,"persistent_DLL"
2026-09-15T01:58:18.998Z,17680,sample,0000000000000000,0,0.000,8,4,8,4,"persistent_DLL"
2026-09-15T01:58:19.505Z,17680,sample,0000000000000000,0,0.000,8,4,8,4,"persistent_DLL"
2026-09-15T01:58:20.009Z,17680,sample,0000000000000000,0,0.000,8,4,8,4,"persistent_DLL"
2026-09-15T01:58:20.498Z,17680,sample,0000000000000000,0,0.000,8,4,8,4,"persistent_DLL"
2026-09-15T01:58:21.007Z,17680,sample,0000000000000000,0,0.000,8,4,8,4,"persistent_DLL"
2026-09-15T01:58:21.508Z,17680,sample,0000000000000000,0,0.000,8,4,8,4,"persistent_DLL"
2026-09-15T01:58:22.009Z,17680,sample,0000000000000000,0,0.000,8,4,8,4,"persistent_DLL"
2026-09-15T01:58:22.497Z,17680,sample,0000000000000000,0,0.000,8,4,8,4,"persistent_DLL"
2026-09-15T01:58:23.002Z,17680,sample,0000000000000000,0,0.000,8,4,8,4,"persistent_DLL"
2026-09-15T01:58:23.503Z,17680,sample,0000000000000000,0,0.000,8,4,8,4,"persistent_DLL"
2026-09-15T01:58:24.011Z,17680,sample,0000000000000000,0,0.000,8,4,8,4,"persistent_DLL"
2026-09-15T01:58:24.496Z,17680,sample,0000000000000000,0,0.000,8,4,8,4,"persistent_DLL"
2026-09-15T01:58:24.999Z,17680,sample,0000000000000000,0,0.000,8,4,8,4,"persistent_DLL"
2026-09-15T01:58:25.503Z,17680,sample,0000000000000000,0,0.000,8,4,8,4,"persistent_DLL"
2026-09-15T01:58:26.007Z,17680,sample,0000000000000000,0,0.000,8,4,8,4,"persistent_DLL"
2026-09-15T01:58:26.512Z,17680,sample,0000000000000000,0,0.000,8,4,8,4,"persistent_DLL"
2026-09-15T01:58:27.010Z,17680,sample,0000000000000000,0,0.000,8,4,8,4,"persistent_DLL"
2026-09-15T01:58:27.502Z,17680,sample,0000000000000000,0,0.000,8,4,8,4,"persistent_DLL"
2026-09-15T01:58:28.007Z,17680,sample,0000000000000000,0,0.000,8,4,8,4,"persistent_DLL"
2026-09-15T01:58:28.506Z,17680,sample,0000000000000000,0,0.000,8,4,8,4,"persistent_DLL"
2026-09-15T01:58:29.010Z,17680,sample,0000000000000000,0,0.000,8,4,8,4,"persistent_DLL"
2026-09-15T01:58:29.497Z,17680,sample,0000000000000000,0,0.000,8,4,8,4,"persistent_DLL"
2026-09-15T01:58:29.997Z,17680,sample,0000000000000000,0,0.000,8,4,8,4,"persistent_DLL"
2026-09-15T01:58:30.502Z,17680,sample,0000000000000000,0,0.000,8,4,8,4,"persistent_DLL"
2026-09-15T01:58:31.007Z,17680,sample,0000000000000000,0,0.000,8,4,8,4,"persistent_DLL"
2026-09-15T01:58:31.510Z,17680,sample,0000000000000000,0,0.000,8,4,8,4,"persistent_DLL"
2026-09-15T01:58:31.999Z,17680,sample,0000000000000000,0,0.000,8,4,8,4,"persistent_DLL"
2026-09-15T01:58:32.500Z,17680,sample,0000000000000000,0,0.000,8,4,8,4,"persistent_DLL"
2026-09-15T01:58:33.002Z,17680,sample,0000000000000000,0,0.000,8,4,8,4,"persistent_DLL"
2026-09-15T01:58:33.511Z,17680,sample,0000000000000000,0,0.000,8,4,8,4,"persistent_DLL"
2026-09-15T01:58:34.002Z,17680,sample,0000000000000000,0,0.000,8,4,8,4,"persistent_DLL"
2026-09-15T01:58:34.502Z,17680,sample,0000000000000000,0,0.000,8,4,8,4,"persistent_DLL"
2026-09-15T01:58:35.005Z,17680,sample,0000000000000000,0,0.000,8,4,8,4,"persistent_DLL"
2026-09-15T01:58:35.506Z,17680,sample,0000000000000000,0,0.000,8,4,8,4,"persistent_DLL"
2026-09-15T01:58:36.007Z,17680,sample,0000000000000000,0,0.000,8,4,8,4,"persistent_DLL"
2026-09-15T01:58:36.507Z,17680,sample,0000000000000000,0,0.000,8,4,8,4,"persistent_DLL"
2026-09-15T01:58:36.997Z,17680,sample,0000000000000000,0,0.000,8,4,8,4,"persistent_DLL"
2026-09-15T01:58:37.501Z,17680,sample,0000000000000000,0,0.000,8,4,8,4,"persistent_DLL"
2026-09-15T01:58:38.006Z,17680,sample,0000000000000000,0,0.000,8,4,8,4,"persistent_DLL"
2026-09-15T01:58:38.508Z,17680,sample,0000000000000000,0,0.000,8,4,8,4,"persistent_DLL"
2026-09-15T01:58:38.998Z,17680,sample,0000000000000000,0,0.000,8,4,8,4,"persistent_DLL"
2026-09-15T01:58:39.502Z,17680,sample,0000000000000000,0,0.000,8,4,8,4,"persistent_DLL"
2026-09-15T01:58:40.004Z,17680,sample,0000000000000000,0,0.000,8,4,8,4,"persistent_DLL"
2026-09-15T01:58:40.497Z,17680,sample,0000000000000000,0,0.000,8,4,8,4,"persistent_DLL"
2026-09-15T01:58:41.000Z,17680,sample,0000000000000000,0,0.000,8,4,8,4,"persistent_DLL"
2026-09-15T01:58:41.506Z,17680,sample,0000000000000000,0,0.000,8,4,8,4,"persistent_DLL"
2026-09-15T01:58:41.998Z,17680,sample,0000000000000000,0,0.000,8,4,8,4,"persistent_DLL"
2026-09-15T01:58:42.505Z,17680,sample,0000000000000000,0,0.000,8,4,8,4,"persistent_DLL"
2026-09-15T01:58:42.996Z,17680,sample,0000000000000000,0,0.000,8,4,8,4,"persistent_DLL"
2026-09-15T01:58:43.504Z,17680,sample,0000000000000000,0,0.000,8,4,8,4,"persistent_DLL"
2026-09-15T01:58:44.010Z,17680,sample,0000000000000000,0,0.000,8,4,8,4,"persistent_DLL"
2026-09-15T01:58:44.496Z,17680,sample,0000000000000000,0,0.000,8,4,8,4,"persistent_DLL"
2026-09-15T01:58:45.000Z,17680,sample,0000000000000000,0,0.000,8,4,8,4,"persistent_DLL"
2026-09-15T01:58:45.505Z,17680,sample,0000000000000000,0,0.000,8,4,8,4,"persistent_DLL"
2026-09-15T01:58:46.010Z,17680,sample,0000000000000000,0,0.000,8,4,8,4,"persistent_DLL"
2026-09-15T01:58:46.501Z,17680,sample,0000000000000000,0,0.000,8,4,8,4,"persistent_DLL"
2026-09-15T01:58:47.007Z,17680,sample,0000000000000000,0,0.000,8,4,8,4,"persistent_DLL"
2026-09-15T01:58:47.497Z,17680,sample,0000000000000000,0,0.000,8,4,8,4,"persistent_DLL"
2026-09-15T01:58:48.006Z,17680,sample,0000000000000000,0,0.000,8,4,8,4,"persistent_DLL"
2026-09-15T01:58:48.499Z,17680,sample,0000000000000000,0,0.000,8,4,8,4,"persistent_DLL"
2026-09-15T01:58:49.009Z,17680,sample,0000000000000000,0,0.000,8,4,8,4,"persistent_DLL"
2026-09-15T01:58:49.509Z,17680,sample,0000000000000000,0,0.000,8,4,8,4,"persistent_DLL"
2026-09-15T01:58:49.999Z,17680,sample,0000000000000000,0,0.000,8,4,8,4,"persistent_DLL"
2026-09-15T01:58:50.502Z,17680,sample,0000000000000000,0,0.000,8,4,8,4,"persistent_DLL"
2026-09-15T01:58:50.999Z,17680,sample,0000000000000000,0,0.000,8,4,8,4,"persistent_DLL"
2026-09-15T01:58:51.508Z,17680,sample,0000000000000000,0,0.000,8,4,8,4,"persistent_DLL"
2026-09-15T01:58:51.996Z,17680,sample,0000000000000000,0,0.000,8,4,8,4,"persistent_DLL"
2026-09-15T01:58:52.506Z,17680,sample,0000000000000000,0,0.000,8,4,8,4,"persistent_DLL"
2026-09-15T01:58:53.006Z,17680,sample,0000000000000000,0,0.000,8,4,8,4,"persistent_DLL"
2026-09-15T01:58:53.509Z,17680,sample,0000000000000000,0,0.000,8,4,8,4,"persistent_DLL"
2026-09-15T01:58:53.997Z,17680,sample,0000000000000000,0,0.000,8,4,8,4,"persistent_DLL"
2026-09-15T01:58:54.500Z,17680,sample,0000000000000000,0,0.000,8,4,8,4,"persistent_DLL"
2026-09-15T01:58:55.004Z,17680,sample,0000000000000000,0,0.000,8,4,8,4,"persistent_DLL"
2026-09-15T01:58:55.509Z,17680,sample,0000000000000000,0,0.000,8,4,8,4,"persistent_DLL"
2026-09-15T01:58:56.001Z,17680,sample,0000000000000000,0,0.000,8,4,8,4,"persistent_DLL"
2026-09-15T01:58:56.503Z,17680,sample,0000000000000000,0,0.000,8,4,8,4,"persistent_DLL"
2026-09-15T01:58:56.996Z,17680,sample,0000000000000000,0,0.000,8,4,8,4,"persistent_DLL"
2026-09-15T01:58:57.502Z,17680,sample,0000000000000000,0,0.000,8,4,8,4,"persistent_DLL"
2026-09-15T01:58:58.005Z,17680,sample,0000000000000000,0,0.000,8,4,8,4,"persistent_DLL"
2026-09-15T01:58:58.508Z,17680,sample,0000000000000000,0,0.000,8,4,8,4,"persistent_DLL"
2026-09-15T01:58:59.001Z,17680,sample,0000000000000000,0,0.000,8,4,8,4,"persistent_DLL"
2026-09-15T01:58:59.506Z,17680,sample,0000000000000000,0,0.000,8,4,8,4,"persistent_DLL"
2026-09-15T01:58:59.995Z,17680,sample,0000000000000000,0,0.000,8,4,8,4,"persistent_DLL"
2026-09-15T01:59:00.496Z,17680,sample,0000000000000000,0,0.000,8,4,8,4,"persistent_DLL"
2026-09-15T01:59:01.000Z,17680,sample,0000000000000000,0,0.000,8,4,8,4,"persistent_DLL"
2026-09-15T01:59:01.504Z,17680,sample,0000000000000000,0,0.000,8,4,8,4,"persistent_DLL"
2026-09-15T01:59:02.004Z,17680,sample,0000000000000000,0,0.000,8,4,8,4,"persistent_DLL"
2026-09-15T01:59:02.510Z,17680,sample,0000000000000000,0,0.000,8,4,8,4,"persistent_DLL"
2026-09-15T01:59:02.996Z,17680,sample,0000000000000000,0,0.000,10,4,10,4,"persistent_DLL"
2026-09-15T01:59:03.499Z,17680,sample,0000000000000000,0,0.000,10,4,10,4,"persistent_DLL"
2026-09-15T01:59:04.000Z,17680,sample,0000000000000000,0,0.000,10,4,10,4,"persistent_DLL"
2026-09-15T01:59:04.501Z,17680,sample,0000000000000000,0,0.000,10,4,10,4,"persistent_DLL"
2026-09-15T01:59:05.008Z,17680,sample,0000000000000000,0,0.000,10,4,10,4,"persistent_DLL"
2026-09-15T01:59:05.499Z,17680,sample,0000000000000000,0,0.000,10,4,10,4,"persistent_DLL"
2026-09-15T01:59:06.001Z,17680,sample,0000000000000000,0,0.000,10,4,10,4,"persistent_DLL"
2026-09-15T01:59:06.504Z,17680,sample,0000000000000000,0,0.000,8,4,8,4,"persistent_DLL"
2026-09-15T01:59:07.005Z,17680,sample,0000000000000000,0,0.000,8,4,8,4,"persistent_DLL"
2026-09-15T01:59:07.508Z,17680,sample,0000000000000000,0,0.000,8,4,8,4,"persistent_DLL"
2026-09-15T01:59:07.997Z,17680,sample,0000000000000000,0,0.000,8,4,8,4,"persistent_DLL"
2026-09-15T01:59:08.499Z,17680,sample,0000000000000000,0,0.000,8,4,8,4,"persistent_DLL"
2026-09-15T01:59:09.006Z,17680,sample,0000000000000000,0,0.000,8,4,8,4,"persistent_DLL"
2026-09-15T01:59:09.496Z,17680,sample,0000000000000000,0,0.000,8,4,8,4,"persistent_DLL"
2026-09-15T01:59:09.999Z,17680,sample,0000000000000000,0,0.000,8,4,8,4,"persistent_DLL"
2026-09-15T01:59:10.504Z,17680,sample,0000000000000000,0,0.000,8,4,8,4,"persistent_DLL"
2026-09-15T01:59:11.006Z,17680,sample,0000000000000000,0,0.000,8,4,8,4,"persistent_DLL"
2026-09-15T01:59:11.511Z,17680,sample,0000000000000000,0,0.000,8,4,8,4,"persistent_DLL"
2026-09-15T01:59:12.017Z,17680,sample,0000000000000000,0,0.000,8,4,8,4,"persistent_DLL"
2026-09-15T01:59:12.521Z,17680,sample,0000000000000000,0,0.000,8,4,8,4,"persistent_DLL"
2026-09-15T01:59:13.024Z,17680,sample,0000000000000000,0,0.000,8,4,8,4,"persistent_DLL"
2026-09-15T01:59:13.511Z,17680,sample,0000000000000000,0,0.000,8,4,8,4,"persistent_DLL"
2026-09-15T01:59:14.016Z,17680,sample,0000000000000000,0,0.000,8,4,8,4,"persistent_DLL"
2026-09-15T01:59:14.521Z,17680,sample,0000000000000000,0,0.000,8,4,8,4,"persistent_DLL"
2026-09-15T01:59:15.023Z,17680,sample,0000000000000000,0,0.000,8,4,8,4,"persistent_DLL"
2026-09-15T01:59:15.524Z,17680,sample,0000000000000000,0,0.000,8,4,8,4,"persistent_DLL"
2026-09-15T01:59:16.015Z,17680,sample,0000000000000000,0,0.000,8,4,8,4,"persistent_DLL"
2026-09-15T01:59:16.517Z,17680,sample,0000000000000000,0,0.000,8,4,8,4,"persistent_DLL"
2026-09-15T01:59:17.020Z,17680,sample,0000000000000000,0,0.000,8,4,8,4,"persistent_DLL"
2026-09-15T01:59:17.521Z,17680,sample,0000000000000000,0,0.000,8,4,8,4,"persistent_DLL"
2026-09-15T01:59:18.022Z,17680,sample,0000000000000000,0,0.000,8,4,8,4,"persistent_DLL"
2026-09-15T01:59:18.512Z,17680,sample,0000000000000000,0,0.000,8,4,8,4,"persistent_DLL"
2026-09-15T01:59:19.017Z,17680,sample,0000000000000000,0,0.000,8,4,8,4,"persistent_DLL"
2026-09-15T01:59:19.523Z,17680,sample,0000000000000000,0,0.000,8,4,8,4,"persistent_DLL"
2026-09-15T01:59:20.014Z,17680,sample,0000000000000000,0,0.000,8,4,8,4,"persistent_DLL"
2026-09-15T01:59:20.519Z,17680,sample,0000000000000000,0,0.000,8,4,8,4,"persistent_DLL"
2026-09-15T01:59:21.022Z,17680,sample,0000000000000000,0,0.000,8,4,8,4,"persistent_DLL"
2026-09-15T01:59:21.513Z,17680,sample,0000000000000000,0,0.000,8,4,8,4,"persistent_DLL"
2026-09-15T01:59:22.018Z,17680,sample,0000000000000000,0,0.000,20,4,20,4,"persistent_DLL"
2026-09-15T01:59:22.517Z,17680,sample,0000000000000000,0,0.000,20,4,20,4,"persistent_DLL"
2026-09-15T01:59:23.020Z,17680,sample,0000000000000000,0,0.000,20,4,20,4,"persistent_DLL"
2026-09-15T01:59:23.519Z,17680,sample,0000000000000000,0,0.000,20,4,20,4,"persistent_DLL"
2026-09-15T01:59:24.019Z,17680,sample,0000000000000000,0,0.000,20,4,20,4,"persistent_DLL"
2026-09-15T01:59:24.523Z,17680,sample,0000000000000000,0,0.000,20,4,20,4,"persistent_DLL"
2026-09-15T01:59:25.016Z,17680,sample,0000000000000000,0,0.000,20,4,20,4,"persistent_DLL"
2026-09-15T01:59:25.520Z,17680,sample,0000000000000000,0,0.000,20,4,20,4,"persistent_DLL"
2026-09-15T01:59:26.023Z,17680,sample,0000000000000000,0,0.000,20,4,20,4,"persistent_DLL"
2026-09-15T01:59:26.511Z,17680,sample,0000000000000000,0,0.000,20,4,20,4,"persistent_DLL"
2026-09-15T01:59:27.015Z,17680,sample,0000000000000000,0,0.000,20,4,20,4,"persistent_DLL"
2026-09-15T01:59:27.519Z,17680,sample,0000000000000000,0,0.000,20,4,20,4,"persistent_DLL"
2026-09-15T01:59:28.021Z,17680,sample,0000000000000000,0,0.000,20,4,20,4,"persistent_DLL"
2026-09-15T01:59:28.512Z,17680,sample,0000000000000000,0,0.000,20,4,20,4,"persistent_DLL"
2026-09-15T01:59:29.016Z,17680,sample,0000000000000000,0,0.000,20,4,20,4,"persistent_DLL"
2026-09-15T01:59:29.520Z,17680,sample,0000000000000000,0,0.000,20,4,20,4,"persistent_DLL"
2026-09-15T01:59:30.023Z,17680,sample,0000000000000000,0,0.000,20,4,20,4,"persistent_DLL"
2026-09-15T01:59:30.509Z,17680,sample,0000000000000000,0,0.000,20,4,20,4,"persistent_DLL"
2026-09-15T01:59:31.021Z,17680,sample,0000000000000000,0,0.000,20,4,20,4,"persistent_DLL"
2026-09-15T01:59:31.511Z,17680,sample,0000000000000000,0,0.000,20,4,20,4,"persistent_DLL"
2026-09-15T01:59:32.018Z,17680,sample,0000000000000000,0,0.000,20,4,20,4,"persistent_DLL"
2026-09-15T01:59:32.521Z,17680,sample,0000000000000000,0,0.000,20,4,20,4,"persistent_DLL"
2026-09-15T01:59:33.011Z,17680,sample,0000000000000000,0,0.000,20,4,20,4,"persistent_DLL"
2026-09-15T01:59:33.510Z,17680,sample,0000000000000000,0,0.000,20,4,20,4,"persistent_DLL"
2026-09-15T01:59:34.014Z,17680,sample,0000000000000000,0,0.000,20,4,20,4,"persistent_DLL"
2026-09-15T01:59:34.520Z,17680,sample,0000000000000000,0,0.000,20,4,20,4,"persistent_DLL"
2026-09-15T01:59:35.021Z,17680,sample,0000000000000000,0,0.000,20,4,20,4,"persistent_DLL"
2026-09-15T01:59:35.510Z,17680,sample,0000000000000000,0,0.000,20,4,20,4,"persistent_DLL"
2026-09-15T01:59:36.012Z,17680,sample,0000000000000000,0,0.000,20,4,20,4,"persistent_DLL"
2026-09-15T01:59:36.519Z,17680,sample,0000000000000000,0,0.000,20,4,20,4,"persistent_DLL"
2026-09-15T01:59:37.012Z,17680,sample,0000000000000000,0,0.000,20,4,20,4,"persistent_DLL"
2026-09-15T01:59:37.517Z,17680,sample,0000000000000000,0,0.000,20,4,20,4,"persistent_DLL"
2026-09-15T01:59:38.023Z,17680,sample,0000000000000000,0,0.000,20,4,20,4,"persistent_DLL"
2026-09-15T01:59:38.513Z,17680,sample,0000000000000000,0,0.000,20,4,20,4,"persistent_DLL"
2026-09-15T01:59:39.015Z,17680,sample,0000000000000000,0,0.000,20,4,20,4,"persistent_DLL"
2026-09-15T01:59:39.519Z,17680,sample,0000000000000000,0,0.000,20,4,20,4,"persistent_DLL"
2026-09-15T01:59:40.025Z,17680,sample,0000000000000000,0,0.000,20,4,20,4,"persistent_DLL"
2026-09-15T01:59:40.515Z,17680,sample,0000000000000000,0,0.000,20,4,20,4,"persistent_DLL"
2026-09-15T01:59:41.019Z,17680,sample,0000000000000000,0,0.000,20,4,20,4,"persistent_DLL"
2026-09-15T01:59:41.523Z,17680,sample,0000000000000000,0,0.000,20,4,20,4,"persistent_DLL"
2026-09-15T01:59:42.010Z,17680,sample,0000000000000000,0,0.000,20,4,20,4,"persistent_DLL"
2026-09-15T01:59:42.511Z,17680,sample,0000000000000000,0,0.000,20,4,20,4,"persistent_DLL"
2026-09-15T01:59:43.015Z,17680,sample,0000000000000000,0,0.000,20,4,20,4,"persistent_DLL"
2026-09-15T01:59:43.515Z,17680,sample,0000000000000000,0,0.000,20,4,20,4,"persistent_DLL"
2026-09-15T01:59:44.018Z,17680,sample,0000000000000000,0,0.000,20,4,20,4,"persistent_DLL"
2026-09-15T01:59:44.525Z,17680,sample,0000000000000000,0,0.000,20,4,20,4,"persistent_DLL"
2026-09-15T01:59:45.012Z,17680,sample,0000000000000000,0,0.000,20,4,20,4,"persistent_DLL"
2026-09-15T01:59:45.517Z,17680,sample,0000000000000000,0,0.000,20,4,20,4,"persistent_DLL"
2026-09-15T01:59:46.019Z,17680,sample,0000000000000000,0,0.000,20,4,20,4,"persistent_DLL"
2026-09-15T01:59:46.515Z,17680,sample,0000000000000000,0,0.000,20,4,20,4,"persistent_DLL"
2026-09-15T01:59:47.020Z,17680,sample,0000000000000000,0,0.000,20,4,20,4,"persistent_DLL"
2026-09-15T01:59:47.511Z,17680,sample,0000000000000000,0,0.000,20,4,20,4,"persistent_DLL"
2026-09-15T01:59:48.016Z,17680,sample,0000000000000000,0,0.000,20,4,20,4,"persistent_DLL"
2026-09-15T01:59:48.520Z,17680,sample,0000000000000000,0,0.000,20,4,20,4,"persistent_DLL"
2026-09-15T01:59:49.009Z,17680,sample,0000000000000000,0,0.000,20,4,20,4,"persistent_DLL"
2026-09-15T01:59:49.513Z,17680,sample,0000000000000000,0,0.000,20,4,20,4,"persistent_DLL"
2026-09-15T01:59:50.017Z,17680,sample,0000000000000000,0,0.000,20,4,20,4,"persistent_DLL"
2026-09-15T01:59:50.523Z,17680,sample,0000000000000000,0,0.000,20,4,20,4,"persistent_DLL"
2026-09-15T01:59:51.014Z,17680,sample,0000000000000000,0,0.000,20,4,20,4,"persistent_DLL"
2026-09-15T01:59:51.513Z,17680,sample,0000000000000000,0,0.000,20,4,20,4,"persistent_DLL"
2026-09-15T01:59:52.016Z,17680,sample,0000000000000000,0,0.000,20,4,20,4,"persistent_DLL"
2026-09-15T01:59:52.519Z,17680,sample,0000000000000000,0,0.000,20,4,20,4,"persistent_DLL"
2026-09-15T01:59:53.011Z,17680,sample,0000000000000000,0,0.000,20,4,20,4,"persistent_DLL"
2026-09-15T01:59:53.518Z,17680,sample,0000000000000000,0,0.000,20,4,20,4,"persistent_DLL"
2026-09-15T01:59:54.010Z,17680,sample,0000000000000000,0,0.000,20,4,20,4,"persistent_DLL"
2026-09-15T01:59:54.518Z,17680,sample,0000000000000000,0,0.000,20,4,20,4,"persistent_DLL"
2026-09-15T01:59:55.020Z,17680,sample,0000000000000000,0,0.000,20,4,20,4,"persistent_DLL"
2026-09-15T01:59:55.524Z,17680,sample,0000000000000000,0,0.000,20,4,20,4,"persistent_DLL"
2026-09-15T01:59:56.012Z,17680,sample,0000000000000000,0,0.000,20,4,20,4,"persistent_DLL"
2026-09-15T01:59:56.521Z,17680,sample,0000000000000000,0,0.000,20,4,20,4,"persistent_DLL"
2026-09-15T01:59:57.025Z,17680,sample,0000000000000000,0,0.000,20,4,20,4,"persistent_DLL"
2026-09-15T01:59:57.529Z,17680,sample,0000000000000000,0,0.000,20,4,20,4,"persistent_DLL"
2026-09-15T01:59:58.035Z,17680,sample,0000000000000000,0,0.000,20,4,20,4,"persistent_DLL"
2026-09-15T01:59:58.525Z,17680,sample,0000000000000000,0,0.000,20,4,20,4,"persistent_DLL"
2026-09-15T01:59:59.028Z,17680,sample,0000000000000000,0,0.000,20,4,20,4,"persistent_DLL"
2026-09-15T01:59:59.535Z,17680,sample,0000000000000000,0,0.000,20,4,20,4,"persistent_DLL"
2026-09-15T02:00:00.039Z,17680,sample,0000000000000000,0,0.000,20,4,20,4,"persistent_DLL"
2026-09-15T02:00:00.533Z,17680,sample,0000000000000000,0,0.000,20,4,20,4,"persistent_DLL"
2026-09-15T02:00:01.036Z,17680,sample,0000000000000000,0,0.000,20,4,20,4,"persistent_DLL"
2026-09-15T02:00:01.527Z,17680,sample,0000000000000000,0,0.000,20,4,20,4,"persistent_DLL"
2026-09-15T02:00:02.028Z,17680,sample,0000000000000000,0,0.000,20,4,20,4,"persistent_DLL"
2026-09-15T02:00:02.529Z,17680,sample,0000000000000000,0,0.000,20,4,20,4,"persistent_DLL"
2026-09-15T02:00:03.034Z,17680,sample,0000000000000000,0,0.000,20,4,20,4,"persistent_DLL"
2026-09-15T02:00:03.535Z,17680,sample,0000000000000000,0,0.000,20,4,20,4,"persistent_DLL"
2026-09-15T02:00:04.036Z,17680,sample,0000000000000000,0,0.000,20,4,20,4,"persistent_DLL"
2026-09-15T02:00:04.529Z,17680,sample,0000000000000000,0,0.000,20,4,20,4,"persistent_DLL"
2026-09-15T02:00:05.033Z,17680,sample,0000000000000000,0,0.000,20,4,20,4,"persistent_DLL"
2026-09-15T02:00:05.525Z,17680,sample,0000000000000000,0,0.000,20,4,20,4,"persistent_DLL"
2026-09-15T02:00:06.028Z,17680,sample,0000000000000000,0,0.000,20,4,20,4,"persistent_DLL"
2026-09-15T02:00:06.533Z,17680,sample,0000000000000000,0,0.000,20,4,20,4,"persistent_DLL"
2026-09-15T02:00:07.036Z,17680,sample,0000000000000000,0,0.000,20,4,20,4,"persistent_DLL"
2026-09-15T02:00:07.525Z,17680,sample,0000000000000000,0,0.000,20,4,20,4,"persistent_DLL"
2026-09-15T02:00:08.032Z,17680,sample,0000000000000000,0,0.000,20,4,20,4,"persistent_DLL"
2026-09-15T02:00:08.536Z,17680,sample,0000000000000000,0,0.000,20,4,20,4,"persistent_DLL"
2026-09-15T02:00:09.024Z,17680,sample,0000000000000000,0,0.000,20,4,20,4,"persistent_DLL"
2026-09-15T02:00:09.529Z,17680,sample,0000000000000000,0,0.000,20,4,20,4,"persistent_DLL"
2026-09-15T02:00:10.039Z,17680,sample,0000000000000000,0,0.000,20,4,20,4,"persistent_DLL"
2026-09-15T02:00:10.529Z,17680,sample,0000000000000000,0,0.000,20,4,20,4,"persistent_DLL"
2026-09-15T02:00:11.038Z,17680,sample,0000000000000000,0,0.000,20,4,20,4,"persistent_DLL"
2026-09-15T02:00:11.524Z,17680,sample,0000000000000000,0,0.000,20,4,20,4,"persistent_DLL"
2026-09-15T02:00:12.034Z,17680,sample,0000000000000000,0,0.000,20,4,20,4,"persistent_DLL"
2026-09-15T02:00:12.529Z,17680,sample,0000000000000000,0,0.000,20,4,20,4,"persistent_DLL"
2026-09-15T02:00:13.036Z,17680,sample,0000000000000000,0,0.000,20,4,20,4,"persistent_DLL"
2026-09-15T02:00:13.538Z,17680,sample,0000000000000000,0,0.000,20,4,20,4,"persistent_DLL"
2026-09-15T02:00:14.028Z,17680,sample,0000000000000000,0,0.000,20,4,20,4,"persistent_DLL"
2026-09-15T02:00:14.527Z,17680,sample,0000000000000000,0,0.000,20,4,20,4,"persistent_DLL"
2026-09-15T02:00:15.028Z,17680,sample,0000000000000000,0,0.000,20,4,20,4,"persistent_DLL"
2026-09-15T02:00:15.538Z,17680,sample,0000000000000000,0,0.000,20,4,20,4,"persistent_DLL"
2026-09-15T02:00:16.026Z,17680,sample,0000000000000000,0,0.000,20,4,20,4,"persistent_DLL"
2026-09-15T02:00:16.530Z,17680,sample,0000000000000000,0,0.000,20,4,20,4,"persistent_DLL"
2026-09-15T02:00:17.034Z,17680,sample,0000000000000000,0,0.000,20,4,20,4,"persistent_DLL"
2026-09-15T02:00:17.537Z,17680,sample,0000000000000000,0,0.000,20,4,20,4,"persistent_DLL"
2026-09-15T02:00:18.029Z,17680,sample,0000000000000000,0,0.000,20,4,20,4,"persistent_DLL"
2026-09-15T02:00:18.536Z,17680,sample,0000000000000000,0,0.000,20,4,20,4,"persistent_DLL"
2026-09-15T02:00:19.026Z,17680,sample,0000000000000000,0,0.000,20,4,20,4,"persistent_DLL"
2026-09-15T02:00:19.527Z,17680,sample,0000000000000000,0,0.000,20,4,20,4,"persistent_DLL"
2026-09-15T02:00:20.037Z,17680,sample,0000000000000000,0,0.000,20,4,20,4,"persistent_DLL"
2026-09-15T02:00:20.525Z,17680,sample,0000000000000000,0,0.000,20,4,20,4,"persistent_DLL"
2026-09-15T02:00:21.033Z,17680,sample,0000000000000000,0,0.000,20,4,20,4,"persistent_DLL"
2026-09-15T02:00:21.525Z,17680,sample,0000000000000000,0,0.000,20,4,20,4,"persistent_DLL"
2026-09-15T02:00:22.035Z,17680,sample,0000000000000000,0,0.000,20,4,20,4,"persistent_DLL"
2026-09-15T02:00:22.531Z,17680,sample,0000000000000000,0,0.000,20,4,20,4,"persistent_DLL"
2026-09-15T02:00:23.024Z,17680,sample,0000000000000000,0,0.000,20,4,20,4,"persistent_DLL"
2026-09-15T02:00:23.531Z,17680,sample,0000000000000000,0,0.000,20,4,20,4,"persistent_DLL"
2026-09-15T02:00:24.024Z,17680,sample,0000000000000000,0,0.000,20,4,20,4,"persistent_DLL"
2026-09-15T02:00:24.538Z,17680,sample,0000000000000000,0,0.000,20,4,20,4,"persistent_DLL"
2026-09-15T02:00:25.028Z,17680,sample,0000000000000000,0,0.000,20,4,20,4,"persistent_DLL"
2026-09-15T02:00:25.536Z,17680,sample,0000000000000000,0,0.000,20,4,20,4,"persistent_DLL"
2026-09-15T02:00:26.026Z,17680,sample,0000000000000000,0,0.000,20,4,20,4,"persistent_DLL"
2026-09-15T02:00:26.533Z,17680,sample,0000000000000000,0,0.000,20,4,20,4,"persistent_DLL"
2026-09-15T02:00:27.034Z,17680,sample,0000000000000000,0,0.000,20,4,20,4,"persistent_DLL"
2026-09-15T02:00:27.525Z,17680,sample,0000000000000000,0,0.000,20,4,20,4,"persistent_DLL"
2026-09-15T02:00:28.029Z,17680,sample,0000000000000000,0,0.000,20,4,20,4,"persistent_DLL"
2026-09-15T02:00:28.533Z,17680,sample,0000000000000000,0,0.000,20,4,20,4,"persistent_DLL"
2026-09-15T02:00:29.039Z,17680,sample,0000000000000000,0,0.000,20,4,20,4,"persistent_DLL"
2026-09-15T02:00:29.541Z,17680,sample,0000000000000000,0,0.000,20,4,20,4,"persistent_DLL"
2026-09-15T02:00:30.049Z,17680,sample,0000000000000000,0,0.000,20,4,20,4,"persistent_DLL"
2026-09-15T02:00:30.539Z,17680,sample,0000000000000000,0,0.000,20,4,20,4,"persistent_DLL"
2026-09-15T02:00:31.046Z,17680,sample,0000000000000000,0,0.000,20,4,20,4,"persistent_DLL"
2026-09-15T02:00:31.539Z,17680,sample,0000000000000000,0,0.000,20,4,20,4,"persistent_DLL"
2026-09-15T02:00:32.041Z,17680,sample,0000000000000000,0,0.000,20,4,20,4,"persistent_DLL"
2026-09-15T02:00:32.547Z,17680,sample,0000000000000000,0,0.000,20,4,20,4,"persistent_DLL"
2026-09-15T02:00:33.044Z,17680,sample,0000000000000000,0,0.000,20,4,20,4,"persistent_DLL"
2026-09-15T02:00:33.544Z,17680,sample,0000000000000000,0,0.000,20,4,20,4,"persistent_DLL"
2026-09-15T02:00:34.049Z,17680,sample,0000000000000000,0,0.000,20,4,20,4,"persistent_DLL"
2026-09-15T02:00:34.554Z,17680,sample,0000000000000000,0,0.000,20,4,20,4,"persistent_DLL"
2026-09-15T02:00:35.063Z,17680,sample,0000000000000000,0,0.000,20,4,20,4,"persistent_DLL"
2026-09-15T02:00:35.568Z,17680,sample,0000000000000000,0,0.000,20,4,20,4,"persistent_DLL"
2026-09-15T02:00:36.069Z,17680,sample,0000000000000000,0,0.000,20,4,20,4,"persistent_DLL"
2026-09-15T02:00:36.556Z,17680,sample,0000000000000000,0,0.000,20,4,20,4,"persistent_DLL"
2026-09-15T02:00:37.059Z,17680,sample,0000000000000000,0,0.000,20,4,20,4,"persistent_DLL"
2026-09-15T02:00:37.571Z,17680,sample,0000000000000000,0,0.000,20,4,20,4,"persistent_DLL"
2026-09-15T02:00:38.074Z,17680,sample,0000000000000000,0,0.000,20,4,20,4,"persistent_DLL"
2026-09-15T02:00:38.576Z,17680,sample,0000000000000000,0,0.000,20,4,20,4,"persistent_DLL"
2026-09-15T02:00:39.080Z,17680,sample,0000000000000000,0,0.000,20,4,20,4,"persistent_DLL"
2026-09-15T02:00:39.574Z,17680,sample,0000000000000000,0,0.000,20,4,20,4,"persistent_DLL"
2026-09-15T02:00:40.078Z,17680,sample,0000000000000000,0,0.000,20,4,20,4,"persistent_DLL"
2026-09-15T02:00:40.583Z,17680,sample,0000000000000000,0,0.000,20,4,20,4,"persistent_DLL"
2026-09-15T02:00:41.073Z,17680,sample,0000000000000000,0,0.000,20,4,20,4,"persistent_DLL"
2026-09-15T02:00:41.576Z,17680,sample,0000000000000000,0,0.000,20,4,20,4,"persistent_DLL"
2026-09-15T02:00:42.083Z,17680,sample,0000000000000000,0,0.000,20,4,20,4,"persistent_DLL"
2026-09-15T02:00:42.573Z,17680,sample,0000000000000000,0,0.000,20,4,20,4,"persistent_DLL"
2026-09-15T02:00:43.073Z,17680,sample,0000000000000000,0,0.000,20,4,20,4,"persistent_DLL"
2026-09-15T02:00:43.580Z,17680,sample,0000000000000000,0,0.000,20,4,20,4,"persistent_DLL"
2026-09-15T02:00:44.074Z,17680,sample,0000000000000000,0,0.000,20,4,20,4,"persistent_DLL"
2026-09-15T02:00:44.577Z,17680,sample,0000000000000000,0,0.000,20,4,20,4,"persistent_DLL"
2026-09-15T02:00:45.083Z,17680,sample,0000000000000000,0,0.000,20,4,20,4,"persistent_DLL"
2026-09-15T02:00:45.582Z,17680,sample,0000000000000000,0,0.000,20,4,20,4,"persistent_DLL"
2026-09-15T02:00:46.072Z,17680,sample,0000000000000000,0,0.000,20,4,20,4,"persistent_DLL"
2026-09-15T02:00:46.583Z,17680,sample,0000000000000000,0,0.000,20,4,20,4,"persistent_DLL"
2026-09-15T02:00:47.074Z,17680,sample,0000000000000000,0,0.000,14,4,14,4,"persistent_DLL"
2026-09-15T02:00:47.575Z,17680,sample,0000000000000000,0,0.000,14,4,14,4,"persistent_DLL"
2026-09-15T02:00:48.083Z,17680,sample,0000000000000000,0,0.000,14,4,14,4,"persistent_DLL"
2026-09-15T02:00:48.570Z,17680,sample,0000000000000000,0,0.000,14,4,14,4,"persistent_DLL"
2026-09-15T02:00:49.078Z,17680,sample,0000000000000000,0,0.000,14,4,14,4,"persistent_DLL"
2026-09-15T02:00:49.584Z,17680,sample,0000000000000000,0,0.000,14,4,14,4,"persistent_DLL"
2026-09-15T02:00:50.074Z,17680,sample,0000000000000000,0,0.000,14,4,14,4,"persistent_DLL"
2026-09-15T02:00:50.582Z,17680,sample,0000000000000000,0,0.000,14,4,14,4,"persistent_DLL"
2026-09-15T02:00:51.072Z,17680,sample,0000000000000000,0,0.000,14,4,14,4,"persistent_DLL"
2026-09-15T02:00:51.582Z,17680,sample,0000000000000000,0,0.000,14,4,14,4,"persistent_DLL"
2026-09-15T02:00:52.076Z,17680,sample,0000000000000000,0,0.000,14,4,14,4,"persistent_DLL"
2026-09-15T02:00:52.582Z,17680,sample,0000000000000000,0,0.000,14,4,14,4,"persistent_DLL"
2026-09-15T02:00:53.072Z,17680,sample,0000000000000000,0,0.000,14,4,14,4,"persistent_DLL"
2026-09-15T02:00:53.576Z,17680,sample,0000000000000000,0,0.000,14,4,14,4,"persistent_DLL"
2026-09-15T02:00:54.081Z,17680,sample,0000000000000000,0,0.000,14,4,14,4,"persistent_DLL"
2026-09-15T02:00:54.572Z,17680,sample,0000000000000000,0,0.000,14,4,14,4,"persistent_DLL"
2026-09-15T02:00:55.076Z,17680,sample,0000000000000000,0,0.000,14,4,14,4,"persistent_DLL"
2026-09-15T02:00:55.580Z,17680,sample,0000000000000000,0,0.000,14,4,14,4,"persistent_DLL"
2026-09-15T02:00:56.072Z,17680,sample,0000000000000000,0,0.000,14,4,14,4,"persistent_DLL"
2026-09-15T02:00:56.574Z,17680,sample,0000000000000000,0,0.000,14,4,14,4,"persistent_DLL"
2026-09-15T02:00:57.080Z,17680,sample,0000000000000000,0,0.000,14,4,14,4,"persistent_DLL"
2026-09-15T02:00:57.580Z,17680,sample,0000000000000000,0,0.000,14,4,14,4,"persistent_DLL"
2026-09-15T02:00:58.083Z,17680,sample,0000000000000000,0,0.000,14,4,14,4,"persistent_DLL"
2026-09-15T02:00:58.571Z,17680,sample,0000000000000000,0,0.000,14,4,14,4,"persistent_DLL"
2026-09-15T02:00:59.073Z,17680,sample,0000000000000000,0,0.000,14,4,14,4,"persistent_DLL"
2026-09-15T02:00:59.575Z,17680,sample,0000000000000000,0,0.000,14,4,14,4,"persistent_DLL"
2026-09-15T02:01:00.079Z,17680,sample,0000000000000000,0,0.000,14,4,14,4,"persistent_DLL"
2026-09-15T02:01:00.584Z,17680,sample,0000000000000000,0,0.000,14,4,14,4,"persistent_DLL"
2026-09-15T02:01:01.076Z,17680,sample,0000000000000000,0,0.000,14,4,14,4,"persistent_DLL"
2026-09-15T02:01:01.577Z,17680,sample,0000000000000000,0,0.000,14,4,14,4,"persistent_DLL"
2026-09-15T02:01:02.082Z,17680,sample,0000000000000000,0,0.000,14,4,14,4,"persistent_DLL"
2026-09-15T02:01:02.570Z,17680,sample,0000000000000000,0,0.000,14,4,14,4,"persistent_DLL"
2026-09-15T02:01:03.076Z,17680,sample,0000000000000000,0,0.000,14,4,14,4,"persistent_DLL"
2026-09-15T02:01:03.580Z,17680,sample,0000000000000000,0,0.000,14,4,14,4,"persistent_DLL"
2026-09-15T02:01:04.084Z,17680,sample,0000000000000000,0,0.000,14,4,14,4,"persistent_DLL"
2026-09-15T02:01:04.572Z,17680,sample,0000000000000000,0,0.000,14,4,14,4,"persistent_DLL"
2026-09-15T02:01:05.079Z,17680,sample,0000000000000000,0,0.000,14,4,14,4,"persistent_DLL"
2026-09-15T02:01:05.582Z,17680,sample,0000000000000000,0,0.000,14,4,14,4,"persistent_DLL"
2026-09-15T02:01:06.069Z,17680,sample,0000000000000000,0,0.000,14,4,14,4,"persistent_DLL"
2026-09-15T02:01:06.577Z,17680,sample,0000000000000000,0,0.000,14,4,14,4,"persistent_DLL"
2026-09-15T02:01:07.084Z,17680,sample,0000000000000000,0,0.000,14,4,14,4,"persistent_DLL"
2026-09-15T02:01:07.571Z,17680,sample,0000000000000000,0,0.000,14,4,14,4,"persistent_DLL"
2026-09-15T02:01:08.080Z,17680,sample,0000000000000000,0,0.000,14,4,14,4,"persistent_DLL"
2026-09-15T02:01:08.574Z,17680,sample,0000000000000000,0,0.000,14,4,14,4,"persistent_DLL"
2026-09-15T02:01:09.078Z,17680,sample,0000000000000000,0,0.000,14,4,14,4,"persistent_DLL"
2026-09-15T02:01:09.569Z,17680,sample,0000000000000000,0,0.000,14,4,14,4,"persistent_DLL"
2026-09-15T02:01:10.071Z,17680,sample,0000000000000000,0,0.000,14,4,14,4,"persistent_DLL"
2026-09-15T02:01:10.573Z,17680,sample,0000000000000000,0,0.000,14,4,14,4,"persistent_DLL"
2026-09-15T02:01:11.073Z,17680,sample,0000000000000000,0,0.000,14,4,14,4,"persistent_DLL"
2026-09-15T02:01:11.578Z,17680,sample,0000000000000000,0,0.000,14,4,14,4,"persistent_DLL"
2026-09-15T02:01:12.078Z,17680,sample,0000000000000000,0,0.000,14,4,14,4,"persistent_DLL"
2026-09-15T02:01:12.584Z,17680,sample,0000000000000000,0,0.000,14,4,14,4,"persistent_DLL"
2026-09-15T02:01:13.074Z,17680,sample,0000000000000000,0,0.000,14,4,14,4,"persistent_DLL"
2026-09-15T02:01:13.575Z,17680,sample,0000000000000000,0,0.000,14,4,14,4,"persistent_DLL"
2026-09-15T02:01:14.076Z,17680,sample,0000000000000000,0,0.000,14,4,14,4,"persistent_DLL"
2026-09-15T02:01:14.579Z,17680,sample,0000000000000000,0,0.000,14,4,14,4,"persistent_DLL"
2026-09-15T02:01:15.079Z,17680,sample,0000000000000000,0,0.000,14,4,14,4,"persistent_DLL"
2026-09-15T02:01:15.569Z,17680,sample,0000000000000000,0,0.000,14,4,14,4,"persistent_DLL"
2026-09-15T02:01:16.075Z,17680,sample,0000000000000000,0,0.000,14,4,14,4,"persistent_DLL"
2026-09-15T02:01:16.577Z,17680,sample,0000000000000000,0,0.000,14,4,14,4,"persistent_DLL"
2026-09-15T02:01:17.078Z,17680,sample,0000000000000000,0,0.000,14,4,14,4,"persistent_DLL"
2026-09-15T02:01:17.571Z,17680,sample,0000000000000000,0,0.000,14,4,14,4,"persistent_DLL"
2026-09-15T02:01:18.077Z,17680,sample,0000000000000000,0,0.000,14,4,14,4,"persistent_DLL"
2026-09-15T02:01:18.581Z,17680,sample,0000000000000000,0,0.000,14,4,14,4,"persistent_DLL"
2026-09-15T02:01:19.069Z,17680,sample,0000000000000000,0,0.000,14,4,14,4,"persistent_DLL"
2026-09-15T02:01:19.581Z,17680,sample,0000000000000000,0,0.000,14,4,14,4,"persistent_DLL"
2026-09-15T02:01:20.071Z,17680,sample,0000000000000000,0,0.000,14,4,14,4,"persistent_DLL"
2026-09-15T02:01:20.576Z,17680,sample,0000000000000000,0,0.000,14,4,14,4,"persistent_DLL"
2026-09-15T02:01:21.069Z,17680,sample,0000000000000000,0,0.000,14,4,14,4,"persistent_DLL"
2026-09-15T02:01:21.574Z,17680,sample,0000000000000000,0,0.000,14,4,14,4,"persistent_DLL"
2026-09-15T02:01:22.075Z,17680,sample,0000000000000000,0,0.000,14,4,14,4,"persistent_DLL"
2026-09-15T02:01:22.584Z,17680,sample,0000000000000000,0,0.000,14,4,14,4,"persistent_DLL"
2026-09-15T02:01:23.087Z,17680,sample,0000000000000000,0,0.000,14,4,14,4,"persistent_DLL"
2026-09-15T02:01:23.592Z,17680,sample,0000000000000000,0,0.000,14,4,14,4,"persistent_DLL"
2026-09-15T02:01:24.095Z,17680,sample,0000000000000000,0,0.000,14,4,14,4,"persistent_DLL"
2026-09-15T02:01:24.597Z,17680,sample,0000000000000000,0,0.000,14,4,14,4,"persistent_DLL"
2026-09-15T02:01:25.097Z,17680,sample,0000000000000000,0,0.000,14,4,14,4,"persistent_DLL"
2026-09-15T02:01:25.598Z,17680,sample,0000000000000000,0,0.000,14,4,14,4,"persistent_DLL"
2026-09-15T02:01:26.088Z,17680,sample,0000000000000000,0,0.000,14,4,14,4,"persistent_DLL"
2026-09-15T02:01:26.593Z,17680,sample,0000000000000000,0,0.000,14,4,14,4,"persistent_DLL"
2026-09-15T02:01:27.096Z,17680,sample,0000000000000000,0,0.000,14,4,14,4,"persistent_DLL"
2026-09-15T02:01:27.586Z,17680,sample,0000000000000000,0,0.000,14,4,14,4,"persistent_DLL"
2026-09-15T02:01:28.096Z,17680,sample,0000000000000000,0,0.000,14,4,14,4,"persistent_DLL"
2026-09-15T02:01:28.587Z,17680,sample,0000000000000000,0,0.000,14,4,14,4,"persistent_DLL"
2026-09-15T02:01:29.098Z,17680,sample,0000000000000000,0,0.000,14,4,14,4,"persistent_DLL"
2026-09-15T02:01:29.591Z,17680,sample,0000000000000000,0,0.000,14,4,14,4,"persistent_DLL"
2026-09-15T02:01:30.093Z,17680,sample,0000000000000000,0,0.000,14,4,14,4,"persistent_DLL"
2026-09-15T02:01:30.596Z,17680,sample,0000000000000000,0,0.000,14,4,14,4,"persistent_DLL"
2026-09-15T02:01:31.089Z,17680,sample,0000000000000000,0,0.000,14,4,14,4,"persistent_DLL"
2026-09-15T02:01:31.594Z,17680,sample,0000000000000000,0,0.000,14,4,14,4,"persistent_DLL"
2026-09-15T02:01:32.088Z,17680,sample,0000000000000000,0,0.000,14,4,14,4,"persistent_DLL"
2026-09-15T02:01:32.597Z,17680,sample,0000000000000000,0,0.000,14,4,14,4,"persistent_DLL"
2026-09-15T02:01:33.084Z,17680,sample,0000000000000000,0,0.000,14,4,14,4,"persistent_DLL"
2026-09-15T02:01:33.592Z,17680,sample,0000000000000000,0,0.000,14,4,14,4,"persistent_DLL"
2026-09-15T02:01:34.094Z,17680,sample,0000000000000000,0,0.000,14,4,14,4,"persistent_DLL"
2026-09-15T02:01:34.586Z,17680,sample,0000000000000000,0,0.000,14,4,14,4,"persistent_DLL"
2026-09-15T02:01:35.099Z,17680,sample,0000000000000000,0,0.000,14,4,14,4,"persistent_DLL"
2026-09-15T02:01:35.602Z,17680,sample,0000000000000000,0,0.000,14,4,14,4,"persistent_DLL"
2026-09-15T02:01:36.108Z,17680,sample,0000000000000000,0,0.000,14,4,14,4,"persistent_DLL"
2026-09-15T02:01:36.604Z,17680,sample,0000000000000000,0,0.000,14,4,14,4,"persistent_DLL"
2026-09-15T02:01:37.112Z,17680,sample,0000000000000000,0,0.000,14,4,14,4,"persistent_DLL"
2026-09-15T02:01:37.603Z,17680,sample,0000000000000000,0,0.000,14,4,14,4,"persistent_DLL"
2026-09-15T02:01:38.106Z,17680,sample,0000000000000000,0,0.000,14,4,14,4,"persistent_DLL"
2026-09-15T02:01:38.599Z,17680,sample,0000000000000000,0,0.000,14,4,14,4,"persistent_DLL"
2026-09-15T02:01:39.105Z,17680,sample,0000000000000000,0,0.000,14,4,14,4,"persistent_DLL"
2026-09-15T02:01:39.606Z,17680,sample,0000000000000000,0,0.000,14,4,14,4,"persistent_DLL"
2026-09-15T02:01:40.112Z,17680,sample,0000000000000000,0,0.000,14,4,14,4,"persistent_DLL"
2026-09-15T02:01:40.599Z,17680,sample,0000000000000000,0,0.000,14,4,14,4,"persistent_DLL"
2026-09-15T02:01:41.105Z,17680,sample,0000000000000000,0,0.000,14,4,14,4,"persistent_DLL"
2026-09-15T02:01:41.612Z,17680,sample,0000000000000000,0,0.000,14,4,14,4,"persistent_DLL"
2026-09-15T02:01:42.113Z,17680,sample,0000000000000000,0,0.000,14,4,14,4,"persistent_DLL"
2026-09-15T02:01:42.605Z,17680,sample,0000000000000000,0,0.000,14,4,14,4,"persistent_DLL"
2026-09-15T02:01:43.110Z,17680,sample,0000000000000000,0,0.000,14,4,14,4,"persistent_DLL"
2026-09-15T02:01:43.609Z,17680,sample,0000000000000000,0,0.000,14,4,14,4,"persistent_DLL"
2026-09-15T02:01:44.100Z,17680,sample,0000000000000000,0,0.000,14,4,14,4,"persistent_DLL"
2026-09-15T02:01:44.607Z,17680,sample,0000000000000000,0,0.000,14,4,14,4,"persistent_DLL"
2026-09-15T02:01:45.100Z,17680,sample,0000000000000000,0,0.000,14,4,14,4,"persistent_DLL"
2026-09-15T02:01:45.600Z,17680,sample,0000000000000000,0,0.000,14,4,14,4,"persistent_DLL"
2026-09-15T02:01:46.105Z,17680,sample,0000000000000000,0,0.000,14,4,14,4,"persistent_DLL"
2026-09-15T02:01:46.608Z,17680,sample,0000000000000000,0,0.000,14,4,14,4,"persistent_DLL"
2026-09-15T02:01:47.099Z,17680,sample,0000000000000000,0,0.000,14,4,14,4,"persistent_DLL"
2026-09-15T02:01:47.604Z,17680,sample,0000000000000000,0,0.000,14,4,14,4,"persistent_DLL"
2026-09-15T02:01:48.106Z,17680,sample,0000000000000000,0,0.000,14,4,14,4,"persistent_DLL"
2026-09-15T02:01:48.612Z,17680,sample,0000000000000000,0,0.000,14,4,14,4,"persistent_DLL"
2026-09-15T02:01:49.098Z,17680,sample,0000000000000000,0,0.000,14,4,14,4,"persistent_DLL"
2026-09-15T02:01:49.608Z,17680,sample,0000000000000000,0,0.000,14,4,14,4,"persistent_DLL"
2026-09-15T02:01:50.105Z,17680,sample,0000000000000000,0,0.000,14,4,14,4,"persistent_DLL"
2026-09-15T02:01:50.612Z,17680,sample,0000000000000000,0,0.000,14,4,14,4,"persistent_DLL"
2026-09-15T02:01:51.100Z,17680,sample,0000000000000000,0,0.000,14,4,14,4,"persistent_DLL"
2026-09-15T02:01:51.603Z,17680,sample,0000000000000000,0,0.000,14,4,14,4,"persistent_DLL"
2026-09-15T02:01:52.110Z,17680,sample,0000000000000000,0,0.000,14,4,14,4,"persistent_DLL"
2026-09-15T02:01:52.601Z,17680,sample,0000000000000000,0,0.000,14,4,14,4,"persistent_DLL"
2026-09-15T02:01:53.110Z,17680,sample,0000000000000000,0,0.000,14,4,14,4,"persistent_DLL"
2026-09-15T02:01:53.610Z,17680,sample,0000000000000000,0,0.000,14,4,14,4,"persistent_DLL"
2026-09-15T02:01:54.111Z,17680,sample,0000000000000000,0,0.000,14,4,14,4,"persistent_DLL"
2026-09-15T02:01:54.600Z,17680,sample,0000000000000000,0,0.000,14,4,14,4,"persistent_DLL"
2026-09-15T02:01:55.105Z,17680,sample,0000000000000000,0,0.000,14,4,14,4,"persistent_DLL"
2026-09-15T02:01:55.604Z,17680,sample,0000000000000000,0,0.000,14,4,14,4,"persistent_DLL"
2026-09-15T02:01:56.111Z,17680,sample,0000000000000000,0,0.000,14,4,14,4,"persistent_DLL"
2026-09-15T02:01:56.601Z,17680,sample,0000000000000000,0,0.000,14,4,14,4,"persistent_DLL"
2026-09-15T02:01:57.106Z,17680,sample,0000000000000000,0,0.000,14,4,14,4,"persistent_DLL"
2026-09-15T02:01:57.606Z,17680,sample,0000000000000000,0,0.000,14,4,14,4,"persistent_DLL"
2026-09-15T02:01:58.114Z,17680,sample,0000000000000000,0,0.000,14,4,14,4,"persistent_DLL"
2026-09-15T02:01:58.628Z,17680,sample,0000000000000000,0,0.000,14,4,14,4,"persistent_DLL"
2026-09-15T02:01:59.115Z,17680,sample,0000000000000000,0,0.000,14,4,14,4,"persistent_DLL"
2026-09-15T02:01:59.620Z,17680,sample,0000000000000000,0,0.000,14,4,14,4,"persistent_DLL"
2026-09-15T02:02:00.127Z,17680,sample,0000000000000000,0,0.000,14,4,14,4,"persistent_DLL"
2026-09-15T02:02:00.636Z,17680,sample,0000000000000000,0,0.000,14,4,14,4,"persistent_DLL"
2026-09-15T02:02:01.141Z,17680,sample,0000000000000000,0,0.000,14,4,14,4,"persistent_DLL"
2026-09-15T02:02:01.633Z,17680,sample,0000000000000000,0,0.000,14,4,14,4,"persistent_DLL"
2026-09-15T02:02:02.137Z,17680,sample,0000000000000000,0,0.000,14,4,14,4,"persistent_DLL"
2026-09-15T02:02:02.642Z,17680,sample,0000000000000000,0,0.000,14,4,14,4,"persistent_DLL"
2026-09-15T02:02:03.133Z,17680,sample,0000000000000000,0,0.000,14,4,14,4,"persistent_DLL"
2026-09-15T02:02:03.639Z,17680,sample,0000000000000000,0,0.000,14,4,14,4,"persistent_DLL"
2026-09-15T02:02:04.145Z,17680,sample,0000000000000000,0,0.000,14,4,14,4,"persistent_DLL"
2026-09-15T02:02:04.652Z,17680,sample,0000000000000000,0,0.000,14,4,14,4,"persistent_DLL"
2026-09-15T02:02:05.146Z,17680,sample,0000000000000000,0,0.000,14,4,14,4,"persistent_DLL"
2026-09-15T02:02:05.651Z,17680,sample,0000000000000000,0,0.000,14,4,14,4,"persistent_DLL"
2026-09-15T02:02:06.159Z,17680,sample,0000000000000000,0,0.000,14,4,14,4,"persistent_DLL"
2026-09-15T02:02:06.649Z,17680,sample,0000000000000000,0,0.000,14,4,14,4,"persistent_DLL"
2026-09-15T02:02:07.152Z,17680,sample,0000000000000000,0,0.000,14,4,14,4,"persistent_DLL"
2026-09-15T02:02:07.648Z,17680,sample,0000000000000000,0,0.000,14,4,14,4,"persistent_DLL"
2026-09-15T02:02:08.156Z,17680,sample,0000000000000000,0,0.000,14,4,14,4,"persistent_DLL"
2026-09-15T02:02:08.644Z,17680,sample,0000000000000000,0,0.000,14,4,14,4,"persistent_DLL"
2026-09-15T02:02:09.151Z,17680,sample,0000000000000000,0,0.000,14,4,14,4,"persistent_DLL"
2026-09-15T02:02:09.657Z,17680,sample,0000000000000000,0,0.000,14,4,14,4,"persistent_DLL"
2026-09-15T02:02:10.152Z,17680,sample,0000000000000000,0,0.000,14,4,14,4,"persistent_DLL"
2026-09-15T02:02:10.646Z,17680,sample,0000000000000000,0,0.000,14,4,14,4,"persistent_DLL"
2026-09-15T02:02:11.151Z,17680,sample,0000000000000000,0,0.000,14,4,14,4,"persistent_DLL"
2026-09-15T02:02:11.658Z,17680,sample,0000000000000000,0,0.000,14,4,14,4,"persistent_DLL"
2026-09-15T02:02:12.156Z,17680,sample,0000000000000000,0,0.000,14,4,14,4,"persistent_DLL"
2026-09-15T02:02:12.649Z,17680,sample,0000000000000000,0,0.000,14,4,14,4,"persistent_DLL"
2026-09-15T02:02:13.152Z,17680,sample,0000000000000000,0,0.000,14,4,14,4,"persistent_DLL"
2026-09-15T02:02:13.659Z,17680,sample,0000000000000000,0,0.000,14,4,14,4,"persistent_DLL"
2026-09-15T02:02:14.151Z,17680,sample,0000000000000000,0,0.000,14,4,14,4,"persistent_DLL"
2026-09-15T02:02:14.654Z,17680,sample,0000000000000000,0,0.000,14,4,14,4,"persistent_DLL"
2026-09-15T02:02:15.159Z,17680,sample,0000000000000000,0,0.000,14,4,14,4,"persistent_DLL"
2026-09-15T02:02:15.654Z,17680,sample,0000000000000000,0,0.000,14,4,14,4,"persistent_DLL"
2026-09-15T02:02:16.145Z,17680,sample,0000000000000000,0,0.000,14,4,14,4,"persistent_DLL"
2026-09-15T02:02:16.654Z,17680,sample,0000000000000000,0,0.000,14,4,14,4,"persistent_DLL"
2026-09-15T02:02:17.157Z,17680,sample,0000000000000000,0,0.000,14,4,14,4,"persistent_DLL"
2026-09-15T02:02:17.652Z,17680,sample,0000000000000000,0,0.000,14,4,14,4,"persistent_DLL"
2026-09-15T02:02:18.146Z,17680,sample,0000000000000000,0,0.000,14,4,14,4,"persistent_DLL"
2026-09-15T02:02:18.652Z,17680,sample,0000000000000000,0,0.000,14,4,14,4,"persistent_DLL"
2026-09-15T02:02:19.144Z,17680,sample,0000000000000000,0,0.000,14,4,14,4,"persistent_DLL"
2026-09-15T02:02:19.651Z,17680,sample,0000000000000000,0,0.000,14,4,14,4,"persistent_DLL"
2026-09-15T02:02:20.159Z,17680,sample,0000000000000000,0,0.000,14,4,14,4,"persistent_DLL"
2026-09-15T02:02:20.649Z,17680,sample,0000000000000000,0,0.000,14,4,14,4,"persistent_DLL"
2026-09-15T02:02:21.159Z,17680,sample,0000000000000000,0,0.000,14,4,14,4,"persistent_DLL"
2026-09-15T02:02:21.650Z,17680,sample,0000000000000000,0,0.000,14,4,14,4,"persistent_DLL"
2026-09-15T02:02:22.157Z,17680,sample,0000000000000000,0,0.000,14,4,14,4,"persistent_DLL"
2026-09-15T02:02:22.647Z,17680,sample,0000000000000000,0,0.000,14,4,14,4,"persistent_DLL"
2026-09-15T02:02:23.146Z,17680,sample,0000000000000000,0,0.000,14,4,14,4,"persistent_DLL"
2026-09-15T02:02:23.647Z,17680,sample,0000000000000000,0,0.000,14,4,14,4,"persistent_DLL"
2026-09-15T02:02:24.156Z,17680,sample,0000000000000000,0,0.000,14,4,14,4,"persistent_DLL"
2026-09-15T02:02:24.650Z,17680,sample,0000000000000000,0,0.000,14,4,14,4,"persistent_DLL"
2026-09-15T02:02:25.157Z,17680,sample,0000000000000000,0,0.000,14,4,14,4,"persistent_DLL"
2026-09-15T02:02:25.649Z,17680,sample,0000000000000000,0,0.000,14,4,14,4,"persistent_DLL"
2026-09-15T02:02:26.155Z,17680,sample,0000000000000000,0,0.000,14,4,14,4,"persistent_DLL"
2026-09-15T02:02:26.646Z,17680,sample,0000000000000000,0,0.000,14,4,14,4,"persistent_DLL"
2026-09-15T02:02:27.154Z,17680,sample,0000000000000000,0,0.000,14,4,14,4,"persistent_DLL"
2026-09-15T02:02:27.647Z,17680,sample,0000000000000000,0,0.000,14,4,14,4,"persistent_DLL"
2026-09-15T02:02:28.154Z,17680,sample,0000000000000000,0,0.000,14,4,14,4,"persistent_DLL"
2026-09-15T02:02:28.657Z,17680,sample,0000000000000000,0,0.000,14,4,14,4,"persistent_DLL"
2026-09-15T02:02:29.159Z,17680,sample,0000000000000000,0,0.000,14,4,14,4,"persistent_DLL"
2026-09-15T02:02:29.661Z,17680,sample,0000000000000000,0,0.000,14,4,14,4,"persistent_DLL"
2026-09-15T02:02:30.167Z,17680,sample,0000000000000000,0,0.000,14,4,14,4,"persistent_DLL"
2026-09-15T02:02:30.669Z,17680,sample,0000000000000000,0,0.000,14,4,14,4,"persistent_DLL"
2026-09-15T02:02:31.171Z,17680,sample,0000000000000000,0,0.000,14,4,14,4,"persistent_DLL"
2026-09-15T02:02:31.660Z,17680,sample,0000000000000000,0,0.000,14,4,14,4,"persistent_DLL"
2026-09-15T02:02:32.166Z,17680,sample,0000000000000000,0,0.000,14,4,14,4,"persistent_DLL"
2026-09-15T02:02:32.670Z,17680,sample,0000000000000000,0,0.000,14,4,14,4,"persistent_DLL"
2026-09-15T02:02:33.171Z,17680,sample,0000000000000000,0,0.000,14,4,14,4,"persistent_DLL"
2026-09-15T02:02:33.674Z,17680,sample,0000000000000000,0,0.000,14,4,14,4,"persistent_DLL"
2026-09-15T02:02:34.161Z,17680,sample,0000000000000000,0,0.000,14,4,14,4,"persistent_DLL"
2026-09-15T02:02:34.670Z,17680,sample,0000000000000000,0,0.000,14,4,14,4,"persistent_DLL"
2026-09-15T02:02:35.175Z,17680,sample,0000000000000000,0,0.000,14,4,14,4,"persistent_DLL"
2026-09-15T02:02:35.684Z,17680,sample,0000000000000000,0,0.000,14,4,14,4,"persistent_DLL"
2026-09-15T02:02:36.184Z,17680,sample,0000000000000000,0,0.000,14,4,14,4,"persistent_DLL"
2026-09-15T02:02:36.687Z,17680,sample,0000000000000000,0,0.000,14,4,14,4,"persistent_DLL"
2026-09-15T02:02:37.189Z,17680,sample,0000000000000000,0,0.000,14,4,14,4,"persistent_DLL"
2026-09-15T02:02:37.682Z,17680,sample,0000000000000000,0,0.000,14,4,14,4,"persistent_DLL"
2026-09-15T02:02:38.187Z,17680,sample,0000000000000000,0,0.000,14,4,14,4,"persistent_DLL"
2026-09-15T02:02:38.676Z,17680,sample,0000000000000000,0,0.000,14,4,14,4,"persistent_DLL"
2026-09-15T02:02:39.182Z,17680,sample,0000000000000000,0,0.000,14,4,14,4,"persistent_DLL"
2026-09-15T02:02:39.688Z,17680,sample,0000000000000000,0,0.000,14,4,14,4,"persistent_DLL"
2026-09-15T02:02:40.178Z,17680,sample,0000000000000000,0,0.000,14,4,14,4,"persistent_DLL"
2026-09-15T02:02:40.679Z,17680,sample,0000000000000000,0,0.000,14,4,14,4,"persistent_DLL"
2026-09-15T02:02:41.180Z,17680,sample,0000000000000000,0,0.000,14,4,14,4,"persistent_DLL"
2026-09-15T02:02:41.685Z,17680,sample,0000000000000000,0,0.000,14,4,14,4,"persistent_DLL"
2026-09-15T02:02:42.178Z,17680,sample,0000000000000000,0,0.000,14,4,14,4,"persistent_DLL"
2026-09-15T02:02:42.682Z,17680,sample,0000000000000000,0,0.000,14,4,14,4,"persistent_DLL"
2026-09-15T02:02:43.180Z,17680,sample,0000000000000000,0,0.000,14,4,14,4,"persistent_DLL"
2026-09-15T02:02:43.687Z,17680,sample,0000000000000000,0,0.000,14,4,14,4,"persistent_DLL"
2026-09-15T02:02:44.179Z,17680,sample,0000000000000000,0,0.000,14,4,14,4,"persistent_DLL"
2026-09-15T02:02:44.687Z,17680,sample,0000000000000000,0,0.000,14,4,14,4,"persistent_DLL"
2026-09-15T02:02:45.175Z,17680,sample,0000000000000000,0,0.000,14,4,14,4,"persistent_DLL"
2026-09-15T02:02:45.678Z,17680,sample,0000000000000000,0,0.000,14,4,14,4,"persistent_DLL"
2026-09-15T02:02:46.186Z,17680,sample,0000000000000000,0,0.000,14,4,14,4,"persistent_DLL"
2026-09-15T02:02:46.678Z,17680,sample,0000000000000000,0,0.000,14,4,14,4,"persistent_DLL"
2026-09-15T02:02:47.186Z,17680,sample,0000000000000000,0,0.000,14,4,14,4,"persistent_DLL"
2026-09-15T02:02:47.680Z,17680,sample,0000000000000000,0,0.000,14,4,14,4,"persistent_DLL"
2026-09-15T02:02:48.183Z,17680,sample,0000000000000000,0,0.000,14,4,14,4,"persistent_DLL"
2026-09-15T02:02:48.679Z,17680,sample,0000000000000000,0,0.000,14,4,14,4,"persistent_DLL"
2026-09-15T02:02:49.178Z,17680,sample,0000000000000000,0,0.000,14,4,14,4,"persistent_DLL"
2026-09-15T02:02:49.689Z,17680,sample,0000000000000000,0,0.000,14,4,14,4,"persistent_DLL"
2026-09-15T02:02:50.183Z,17680,sample,0000000000000000,0,0.000,14,4,14,4,"persistent_DLL"
2026-09-15T02:02:50.676Z,17680,sample,0000000000000000,0,0.000,14,4,14,4,"persistent_DLL"
2026-09-15T02:02:51.182Z,17680,sample,0000000000000000,0,0.000,14,4,14,4,"persistent_DLL"
2026-09-15T02:02:51.690Z,17680,sample,0000000000000000,0,0.000,14,4,14,4,"persistent_DLL"
2026-09-15T02:02:52.205Z,17680,sample,0000000000000000,0,0.000,14,4,14,4,"persistent_DLL"
2026-09-15T02:02:52.694Z,17680,sample,0000000000000000,0,0.000,14,4,14,4,"persistent_DLL"
2026-09-15T02:02:53.195Z,17680,sample,0000000000000000,0,0.000,14,4,14,4,"persistent_DLL"
2026-09-15T02:02:53.704Z,17680,sample,0000000000000000,0,0.000,14,4,14,4,"persistent_DLL"
2026-09-15T02:02:54.190Z,17680,sample,0000000000000000,0,0.000,14,4,14,4,"persistent_DLL"
2026-09-15T02:02:54.693Z,17680,sample,0000000000000000,0,0.000,14,4,14,4,"persistent_DLL"
2026-09-15T02:02:55.199Z,17680,sample,0000000000000000,0,0.000,14,4,14,4,"persistent_DLL"
2026-09-15T02:02:55.705Z,17680,sample,0000000000000000,0,0.000,14,4,14,4,"persistent_DLL"
2026-09-15T02:02:56.201Z,17680,sample,0000000000000000,0,0.000,14,4,14,4,"persistent_DLL"
2026-09-15T02:02:56.692Z,17680,sample,0000000000000000,0,0.000,14,4,14,4,"persistent_DLL"
2026-09-15T02:02:57.200Z,17680,sample,0000000000000000,0,0.000,14,4,14,4,"persistent_DLL"
2026-09-15T02:02:57.691Z,17680,sample,0000000000000000,0,0.000,14,4,14,4,"persistent_DLL"
2026-09-15T02:02:58.193Z,17680,sample,0000000000000000,0,0.000,14,4,14,4,"persistent_DLL"
2026-09-15T02:02:58.700Z,17680,sample,0000000000000000,0,0.000,14,4,14,4,"persistent_DLL"
2026-09-15T02:02:59.195Z,17680,sample,0000000000000000,0,0.000,14,4,14,4,"persistent_DLL"
2026-09-15T02:02:59.703Z,17680,sample,0000000000000000,0,0.000,14,4,14,4,"persistent_DLL"
2026-09-15T02:03:00.190Z,17680,sample,0000000000000000,0,0.000,14,4,14,4,"persistent_DLL"
2026-09-15T02:03:00.698Z,17680,sample,0000000000000000,0,0.000,14,4,14,4,"persistent_DLL"
2026-09-15T02:03:01.195Z,17680,sample,0000000000000000,0,0.000,14,4,14,4,"persistent_DLL"
2026-09-15T02:03:01.697Z,17680,sample,0000000000000000,0,0.000,14,4,14,4,"persistent_DLL"
2026-09-15T02:03:02.202Z,17680,sample,0000000000000000,0,0.000,14,4,14,4,"persistent_DLL"
2026-09-15T02:03:02.692Z,17680,sample,0000000000000000,0,0.000,14,4,14,4,"persistent_DLL"
2026-09-15T02:03:03.202Z,17680,sample,0000000000000000,0,0.000,14,4,14,4,"persistent_DLL"
2026-09-15T02:03:03.691Z,17680,sample,0000000000000000,0,0.000,14,4,14,4,"persistent_DLL"
2026-09-15T02:03:04.200Z,17680,sample,0000000000000000,0,0.000,14,4,14,4,"persistent_DLL"
2026-09-15T02:03:04.705Z,17680,sample,0000000000000000,0,0.000,14,4,14,4,"persistent_DLL"
2026-09-15T02:03:05.199Z,17680,sample,0000000000000000,0,0.000,14,4,14,4,"persistent_DLL"
2026-09-15T02:03:05.692Z,17680,sample,0000000000000000,0,0.000,14,4,14,4,"persistent_DLL"
2026-09-15T02:03:06.196Z,17680,sample,0000000000000000,0,0.000,14,4,14,4,"persistent_DLL"
2026-09-15T02:03:06.704Z,17680,sample,0000000000000000,0,0.000,14,4,14,4,"persistent_DLL"
2026-09-15T02:03:07.199Z,17680,sample,0000000000000000,0,0.000,14,4,14,4,"persistent_DLL"
2026-09-15T02:03:08.199Z,17680,sample,0000000000000000,0,0.000,0,4,0,4,"persistent_DLL"
2026-09-15T02:03:09.209Z,17680,sample,0000000000000000,0,0.000,0,4,0,4,"persistent_DLL"
2026-09-15T02:03:09.717Z,17680,sample,0000000000000000,0,0.000,0,4,0,4,"persistent_DLL"
2026-09-15T02:03:10.220Z,17680,sample,0000000000000000,0,0.000,2,4,2,4,"persistent_DLL"
2026-09-15T02:03:10.707Z,17680,sample,0000000000000000,0,0.000,2,4,2,4,"persistent_DLL"
2026-09-15T02:03:11.211Z,17680,sample,0000000000000000,0,0.000,2,4,2,4,"persistent_DLL"
2026-09-15T02:03:11.705Z,17680,sample,0000000000000000,0,0.000,2,4,2,4,"persistent_DLL"
2026-09-15T02:03:12.215Z,17680,sample,0000000000000000,0,0.000,2,4,2,4,"persistent_DLL"
2026-09-15T02:03:12.705Z,17680,sample,0000000000000000,0,0.000,2,4,2,4,"persistent_DLL"
2026-09-15T02:03:13.206Z,17680,sample,0000000000000000,0,0.000,2,4,2,4,"persistent_DLL"
2026-09-15T02:03:13.712Z,17680,sample,0000000000000000,0,0.000,2,4,2,4,"persistent_DLL"
2026-09-15T02:03:14.221Z,17680,sample,0000000000000000,0,0.000,2,4,2,4,"persistent_DLL"
2026-09-15T02:03:14.725Z,17680,sample,0000000000000000,0,0.000,2,4,2,4,"persistent_DLL"
2026-09-15T02:03:15.225Z,17680,sample,0000000000000000,0,0.000,2,4,2,4,"persistent_DLL"
2026-09-15T02:03:15.727Z,17680,sample,0000000000000000,0,0.000,2,4,2,4,"persistent_DLL"
2026-09-15T02:03:16.233Z,17680,sample,0000000000000000,0,0.000,2,4,2,4,"persistent_DLL"
2026-09-15T02:03:16.726Z,17680,sample,0000000000000000,0,0.000,2,4,2,4,"persistent_DLL"
2026-09-15T02:03:17.234Z,17680,sample,0000000000000000,0,0.000,2,4,2,4,"persistent_DLL"
2026-09-15T02:03:17.722Z,17680,sample,0000000000000000,0,0.000,2,4,2,4,"persistent_DLL"
2026-09-15T02:03:18.230Z,17680,sample,0000000000000000,0,0.000,2,4,2,4,"persistent_DLL"
2026-09-15T02:03:18.733Z,17680,sample,0000000000000000,0,0.000,2,4,2,4,"persistent_DLL"
2026-09-15T02:03:19.224Z,17680,sample,0000000000000000,0,0.000,2,4,2,4,"persistent_DLL"
2026-09-15T02:03:19.731Z,17680,sample,0000000000000000,0,0.000,2,4,2,4,"persistent_DLL"
2026-09-15T02:03:20.223Z,17680,sample,0000000000000000,0,0.000,2,4,2,4,"persistent_DLL"
2026-09-15T02:03:20.728Z,17680,sample,0000000000000000,0,0.000,2,4,2,4,"persistent_DLL"
2026-09-15T02:03:21.227Z,17680,sample,0000000000000000,0,0.000,2,4,2,4,"persistent_DLL"
2026-09-15T02:03:21.732Z,17680,sample,0000000000000000,0,0.000,2,4,2,4,"persistent_DLL"
2026-09-15T02:03:22.235Z,17680,sample,0000000000000000,0,0.000,2,4,2,4,"persistent_DLL"
2026-09-15T02:03:22.725Z,17680,sample,0000000000000000,0,0.000,2,4,2,4,"persistent_DLL"
2026-09-15T02:03:23.232Z,17680,sample,0000000000000000,0,0.000,2,4,2,4,"persistent_DLL"
2026-09-15T02:03:23.720Z,17680,sample,0000000000000000,0,0.000,2,4,2,4,"persistent_DLL"
2026-09-15T02:03:24.225Z,17680,sample,0000000000000000,0,0.000,2,4,2,4,"persistent_DLL"
2026-09-15T02:03:24.728Z,17680,sample,0000000000000000,0,0.000,2,4,2,4,"persistent_DLL"
2026-09-15T02:03:25.235Z,17680,sample,0000000000000000,0,0.000,2,4,2,4,"persistent_DLL"
2026-09-15T02:03:25.723Z,17680,sample,0000000000000000,0,0.000,2,4,2,4,"persistent_DLL"
2026-09-15T02:03:26.232Z,17680,sample,0000000000000000,0,0.000,2,4,2,4,"persistent_DLL"
2026-09-15T02:03:26.729Z,17680,sample,0000000000000000,0,0.000,2,4,2,4,"persistent_DLL"
2026-09-15T02:03:27.223Z,17680,sample,0000000000000000,0,0.000,2,4,2,4,"persistent_DLL"
2026-09-15T02:03:27.722Z,17680,sample,0000000000000000,0,0.000,2,4,2,4,"persistent_DLL"
2026-09-15T02:03:28.229Z,17680,sample,0000000000000000,0,0.000,2,4,2,4,"persistent_DLL"
2026-09-15T02:03:28.727Z,17680,sample,0000000000000000,0,0.000,2,4,2,4,"persistent_DLL"
2026-09-15T02:03:29.233Z,17680,sample,0000000000000000,0,0.000,2,4,2,4,"persistent_DLL"
2026-09-15T02:03:29.724Z,17680,sample,0000000000000000,0,0.000,2,4,2,4,"persistent_DLL"
2026-09-15T02:03:30.232Z,17680,sample,0000000000000000,0,0.000,2,4,2,4,"persistent_DLL"
2026-09-15T02:03:30.722Z,17680,sample,0000000000000000,0,0.000,2,4,2,4,"persistent_DLL"
2026-09-15T02:03:31.225Z,17680,sample,0000000000000000,0,0.000,2,4,2,4,"persistent_DLL"
2026-09-15T02:03:31.734Z,17680,sample,0000000000000000,0,0.000,2,4,2,4,"persistent_DLL"
2026-09-15T02:03:32.226Z,17680,sample,0000000000000000,0,0.000,2,4,2,4,"persistent_DLL"
2026-09-15T02:03:32.725Z,17680,sample,0000000000000000,0,0.000,2,4,2,4,"persistent_DLL"
2026-09-15T02:03:33.235Z,17680,sample,0000000000000000,0,0.000,2,4,2,4,"persistent_DLL"
2026-09-15T02:03:33.727Z,17680,sample,0000000000000000,0,0.000,2,4,2,4,"persistent_DLL"
2026-09-15T02:03:34.232Z,17680,sample,0000000000000000,0,0.000,2,4,2,4,"persistent_DLL"
2026-09-15T02:03:34.724Z,17680,sample,0000000000000000,0,0.000,2,4,2,4,"persistent_DLL"
2026-09-15T02:03:35.230Z,17680,sample,0000000000000000,0,0.000,2,4,2,4,"persistent_DLL"
2026-09-15T02:03:35.720Z,17680,sample,0000000000000000,0,0.000,2,4,2,4,"persistent_DLL"
2026-09-15T02:03:36.229Z,17680,sample,0000000000000000,0,0.000,2,4,2,4,"persistent_DLL"
2026-09-15T02:03:36.731Z,17680,sample,0000000000000000,0,0.000,2,4,2,4,"persistent_DLL"
2026-09-15T02:03:37.234Z,17680,sample,0000000000000000,0,0.000,2,4,2,4,"persistent_DLL"
2026-09-15T02:03:37.726Z,17680,sample,0000000000000000,0,0.000,2,4,2,4,"persistent_DLL"
2026-09-15T02:03:38.228Z,17680,sample,0000000000000000,0,0.000,2,4,2,4,"persistent_DLL"
2026-09-15T02:03:38.720Z,17680,sample,0000000000000000,0,0.000,2,4,2,4,"persistent_DLL"
2026-09-15T02:03:39.229Z,17680,sample,0000000000000000,0,0.000,2,4,2,4,"persistent_DLL"
2026-09-15T02:03:39.733Z,17680,sample,0000000000000000,0,0.000,2,4,2,4,"persistent_DLL"
2026-09-15T02:03:40.228Z,17680,sample,0000000000000000,0,0.000,2,4,2,4,"persistent_DLL"
2026-09-15T02:03:40.733Z,17680,sample,0000000000000000,0,0.000,2,4,2,4,"persistent_DLL"
2026-09-15T02:03:41.221Z,17680,sample,0000000000000000,0,0.000,2,4,2,4,"persistent_DLL"
2026-09-15T02:03:41.723Z,17680,sample,0000000000000000,0,0.000,2,4,2,4,"persistent_DLL"
2026-09-15T02:03:42.231Z,17680,sample,0000000000000000,0,0.000,2,4,2,4,"persistent_DLL"
2026-09-15T02:03:42.734Z,17680,sample,0000000000000000,0,0.000,2,4,2,4,"persistent_DLL"
2026-09-15T02:03:43.223Z,17680,sample,0000000000000000,0,0.000,2,4,2,4,"persistent_DLL"
2026-09-15T02:03:43.736Z,17680,sample,0000000000000000,0,0.000,2,4,2,4,"persistent_DLL"
2026-09-15T02:03:44.247Z,17680,sample,0000000000000000,0,0.000,2,4,2,4,"persistent_DLL"
2026-09-15T02:03:44.741Z,17680,sample,0000000000000000,0,0.000,2,4,2,4,"persistent_DLL"
2026-09-15T02:03:45.247Z,17680,sample,0000000000000000,0,0.000,2,4,2,4,"persistent_DLL"
2026-09-15T02:03:45.736Z,17680,sample,0000000000000000,0,0.000,2,4,2,4,"persistent_DLL"
2026-09-15T02:03:46.243Z,17680,sample,0000000000000000,0,0.000,2,4,2,4,"persistent_DLL"
2026-09-15T02:03:46.737Z,17680,sample,0000000000000000,0,0.000,2,4,2,4,"persistent_DLL"
2026-09-15T02:03:47.241Z,17680,sample,0000000000000000,0,0.000,2,4,2,4,"persistent_DLL"
2026-09-15T02:03:47.743Z,17680,sample,0000000000000000,0,0.000,2,4,2,4,"persistent_DLL"
2026-09-15T02:03:48.246Z,17680,sample,0000000000000000,0,0.000,2,4,2,4,"persistent_DLL"
2026-09-15T02:03:48.743Z,17680,sample,0000000000000000,0,0.000,2,4,2,4,"persistent_DLL"
2026-09-15T02:03:49.241Z,17680,sample,0000000000000000,0,0.000,2,4,2,4,"persistent_DLL"
2026-09-15T02:03:49.746Z,17680,sample,0000000000000000,0,0.000,2,4,2,4,"persistent_DLL"
2026-09-15T02:03:50.249Z,17680,sample,0000000000000000,0,0.000,2,4,2,4,"persistent_DLL"
2026-09-15T02:03:50.740Z,17680,sample,0000000000000000,0,0.000,2,4,2,4,"persistent_DLL"
2026-09-15T02:03:51.243Z,17680,sample,0000000000000000,0,0.000,2,4,2,4,"persistent_DLL"
2026-09-15T02:03:51.737Z,17680,sample,0000000000000000,0,0.000,2,4,2,4,"persistent_DLL"
2026-09-15T02:03:52.235Z,17680,sample,0000000000000000,0,0.000,2,4,2,4,"persistent_DLL"
2026-09-15T02:03:52.742Z,17680,sample,0000000000000000,0,0.000,2,4,2,4,"persistent_DLL"
2026-09-15T02:03:53.242Z,17680,sample,0000000000000000,0,0.000,2,4,2,4,"persistent_DLL"
2026-09-15T02:03:53.735Z,17680,sample,0000000000000000,0,0.000,2,4,2,4,"persistent_DLL"
2026-09-15T02:03:54.240Z,17680,sample,0000000000000000,0,0.000,2,4,2,4,"persistent_DLL"
2026-09-15T02:03:54.747Z,17680,sample,0000000000000000,0,0.000,2,4,2,4,"persistent_DLL"
2026-09-15T02:03:55.239Z,17680,sample,0000000000000000,0,0.000,2,4,2,4,"persistent_DLL"
2026-09-15T02:03:55.746Z,17680,sample,0000000000000000,0,0.000,2,4,2,4,"persistent_DLL"
2026-09-15T02:03:56.235Z,17680,sample,0000000000000000,0,0.000,2,4,2,4,"persistent_DLL"
2026-09-15T02:03:56.742Z,17680,sample,0000000000000000,0,0.000,2,4,2,4,"persistent_DLL"
2026-09-15T02:03:57.250Z,17680,sample,0000000000000000,0,0.000,2,4,2,4,"persistent_DLL"
2026-09-15T02:03:57.754Z,17680,sample,0000000000000000,0,0.000,2,4,2,4,"persistent_DLL"
2026-09-15T02:03:58.259Z,17680,sample,0000000000000000,0,0.000,2,4,2,4,"persistent_DLL"
2026-09-15T02:03:58.764Z,17680,sample,0000000000000000,0,0.000,2,4,2,4,"persistent_DLL"
2026-09-15T02:03:59.255Z,17680,sample,0000000000000000,0,0.000,2,4,2,4,"persistent_DLL"
2026-09-15T02:03:59.761Z,17680,sample,0000000000000000,0,0.000,2,4,2,4,"persistent_DLL"
2026-09-15T02:04:00.253Z,17680,sample,0000000000000000,0,0.000,2,4,2,4,"persistent_DLL"
2026-09-15T02:04:00.752Z,17680,sample,0000000000000000,0,0.000,2,4,2,4,"persistent_DLL"
2026-09-15T02:04:01.258Z,17680,sample,0000000000000000,0,0.000,2,4,2,4,"persistent_DLL"
2026-09-15T02:04:01.762Z,17680,sample,0000000000000000,0,0.000,2,4,2,4,"persistent_DLL"
2026-09-15T02:04:02.251Z,17680,sample,0000000000000000,0,0.000,2,4,2,4,"persistent_DLL"
2026-09-15T02:04:02.755Z,17680,sample,0000000000000000,0,0.000,2,4,2,4,"persistent_DLL"
2026-09-15T02:04:03.263Z,17680,sample,0000000000000000,0,0.000,2,4,2,4,"persistent_DLL"
2026-09-15T02:04:03.761Z,17680,sample,0000000000000000,0,0.000,2,4,2,4,"persistent_DLL"
2026-09-15T02:04:04.250Z,17680,sample,0000000000000000,0,0.000,2,4,2,4,"persistent_DLL"
2026-09-15T02:04:04.754Z,17680,sample,0000000000000000,0,0.000,2,4,2,4,"persistent_DLL"
2026-09-15T02:04:05.263Z,17680,sample,0000000000000000,0,0.000,2,4,2,4,"persistent_DLL"
2026-09-15T02:04:05.757Z,17680,sample,0000000000000000,0,0.000,2,4,2,4,"persistent_DLL"
2026-09-15T02:04:06.265Z,17680,sample,0000000000000000,0,0.000,2,4,2,4,"persistent_DLL"
2026-09-15T02:04:06.753Z,17680,sample,0000000000000000,0,0.000,2,4,2,4,"persistent_DLL"
2026-09-15T02:04:07.256Z,17680,sample,0000000000000000,0,0.000,2,4,2,4,"persistent_DLL"
2026-09-15T02:04:07.764Z,17680,sample,0000000000000000,0,0.000,2,4,2,4,"persistent_DLL"
2026-09-15T02:04:08.255Z,17680,sample,0000000000000000,0,0.000,2,4,2,4,"persistent_DLL"
2026-09-15T02:04:08.762Z,17680,sample,0000000000000000,0,0.000,2,4,2,4,"persistent_DLL"
2026-09-15T02:04:09.251Z,17680,sample,0000000000000000,0,0.000,2,4,2,4,"persistent_DLL"
2026-09-15T02:04:09.761Z,17680,sample,0000000000000000,0,0.000,2,4,2,4,"persistent_DLL"
2026-09-15T02:04:10.265Z,17680,sample,0000000000000000,0,0.000,2,4,2,4,"persistent_DLL"
2026-09-15T02:04:10.754Z,17680,sample,0000000000000000,0,0.000,2,4,2,4,"persistent_DLL"
2026-09-15T02:04:11.256Z,17680,sample,0000000000000000,0,0.000,2,4,2,4,"persistent_DLL"
2026-09-15T02:04:11.759Z,17680,sample,0000000000000000,0,0.000,2,4,2,4,"persistent_DLL"
2026-09-15T02:04:12.263Z,17680,sample,0000000000000000,0,0.000,2,4,2,4,"persistent_DLL"
2026-09-15T02:04:12.756Z,17680,sample,0000000000000000,0,0.000,2,4,2,4,"persistent_DLL"
2026-09-15T02:04:13.255Z,17680,sample,0000000000000000,0,0.000,2,4,2,4,"persistent_DLL"
2026-09-15T02:04:13.760Z,17680,sample,0000000000000000,0,0.000,2,4,2,4,"persistent_DLL"
2026-09-15T02:04:14.253Z,17680,sample,0000000000000000,0,0.000,2,4,2,4,"persistent_DLL"
2026-09-15T02:04:14.762Z,17680,sample,0000000000000000,0,0.000,2,4,2,4,"persistent_DLL"
2026-09-15T02:04:15.257Z,17680,sample,0000000000000000,0,0.000,2,4,2,4,"persistent_DLL"
2026-09-15T02:04:15.755Z,17680,sample,0000000000000000,0,0.000,2,4,2,4,"persistent_DLL"
2026-09-15T02:04:16.262Z,17680,sample,0000000000000000,0,0.000,2,4,2,4,"persistent_DLL"
2026-09-15T02:04:16.753Z,17680,sample,0000000000000000,0,0.000,2,4,2,4,"persistent_DLL"
2026-09-15T02:04:17.260Z,17680,sample,0000000000000000,0,0.000,2,4,2,4,"persistent_DLL"
2026-09-15T02:04:17.750Z,17680,sample,0000000000000000,0,0.000,2,4,2,4,"persistent_DLL"
2026-09-15T02:04:18.255Z,17680,sample,0000000000000000,0,0.000,2,4,2,4,"persistent_DLL"
2026-09-15T02:04:18.761Z,17680,sample,0000000000000000,0,0.000,2,4,2,4,"persistent_DLL"
2026-09-15T02:04:19.250Z,17680,sample,0000000000000000,0,0.000,2,4,2,4,"persistent_DLL"
2026-09-15T02:04:19.756Z,17680,sample,0000000000000000,0,0.000,2,4,2,4,"persistent_DLL"
2026-09-15T02:04:20.249Z,17680,sample,0000000000000000,0,0.000,2,4,2,4,"persistent_DLL"
2026-09-15T02:04:20.755Z,17680,sample,0000000000000000,0,0.000,2,4,2,4,"persistent_DLL"
2026-09-15T02:04:21.263Z,17680,sample,0000000000000000,0,0.000,2,4,2,4,"persistent_DLL"
2026-09-15T02:04:21.755Z,17680,sample,0000000000000000,0,0.000,2,4,2,4,"persistent_DLL"
2026-09-15T02:04:22.259Z,17680,sample,0000000000000000,0,0.000,2,4,2,4,"persistent_DLL"
2026-09-15T02:04:22.754Z,17680,sample,0000000000000000,0,0.000,2,4,2,4,"persistent_DLL"
2026-09-15T02:04:23.255Z,17680,sample,0000000000000000,0,0.000,2,4,2,4,"persistent_DLL"
2026-09-15T02:04:23.763Z,17680,sample,0000000000000000,0,0.000,2,4,2,4,"persistent_DLL"
2026-09-15T02:04:24.261Z,17680,sample,0000000000000000,0,0.000,2,4,2,4,"persistent_DLL"
2026-09-15T02:04:24.749Z,17680,sample,0000000000000000,0,0.000,2,4,2,4,"persistent_DLL"
2026-09-15T02:04:25.253Z,17680,sample,0000000000000000,0,0.000,2,4,2,4,"persistent_DLL"
2026-09-15T02:04:25.756Z,17680,sample,0000000000000000,0,0.000,2,4,2,4,"persistent_DLL"
2026-09-15T02:04:26.258Z,17680,sample,0000000000000000,0,0.000,2,4,2,4,"persistent_DLL"
2026-09-15T02:04:26.760Z,17680,sample,0000000000000000,0,0.000,2,4,2,4,"persistent_DLL"
2026-09-15T02:04:27.253Z,17680,sample,0000000000000000,0,0.000,2,4,2,4,"persistent_DLL"
2026-09-15T02:04:27.756Z,17680,sample,0000000000000000,0,0.000,2,4,2,4,"persistent_DLL"
2026-09-15T02:04:28.263Z,17680,sample,0000000000000000,0,0.000,2,4,2,4,"persistent_DLL"
2026-09-15T02:04:28.757Z,17680,sample,0000000000000000,0,0.000,2,4,2,4,"persistent_DLL"
2026-09-15T02:04:29.263Z,17680,sample,0000000000000000,0,0.000,2,4,2,4,"persistent_DLL"
2026-09-15T02:04:29.752Z,17680,sample,0000000000000000,0,0.000,2,4,2,4,"persistent_DLL"
2026-09-15T02:04:30.264Z,17680,sample,0000000000000000,0,0.000,2,4,2,4,"persistent_DLL"
2026-09-15T02:04:30.756Z,17680,sample,0000000000000000,0,0.000,2,4,2,4,"persistent_DLL"
2026-09-15T02:04:31.256Z,17680,sample,0000000000000000,0,0.000,2,4,2,4,"persistent_DLL"
2026-09-15T02:04:31.760Z,17680,sample,0000000000000000,0,0.000,2,4,2,4,"persistent_DLL"
2026-09-15T02:04:32.249Z,17680,sample,0000000000000000,0,0.000,2,4,2,4,"persistent_DLL"
2026-09-15T02:04:32.752Z,17680,sample,0000000000000000,0,0.000,2,4,2,4,"persistent_DLL"
2026-09-15T02:04:33.260Z,17680,sample,0000000000000000,0,0.000,2,4,2,4,"persistent_DLL"
2026-09-15T02:04:33.761Z,17680,sample,0000000000000000,0,0.000,2,4,2,4,"persistent_DLL"
2026-09-15T02:04:34.251Z,17680,sample,0000000000000000,0,0.000,2,4,2,4,"persistent_DLL"
2026-09-15T02:04:34.751Z,17680,sample,0000000000000000,0,0.000,2,4,2,4,"persistent_DLL"
2026-09-15T02:04:35.253Z,17680,sample,0000000000000000,0,0.000,2,4,2,4,"persistent_DLL"
2026-09-15T02:04:35.754Z,17680,sample,0000000000000000,0,0.000,2,4,2,4,"persistent_DLL"
2026-09-15T02:04:36.249Z,17680,sample,0000000000000000,0,0.000,2,4,2,4,"persistent_DLL"
2026-09-15T02:04:36.753Z,17680,sample,0000000000000000,0,0.000,2,4,2,4,"persistent_DLL"
2026-09-15T02:04:37.251Z,17680,sample,0000000000000000,0,0.000,2,4,2,4,"persistent_DLL"
2026-09-15T02:04:37.754Z,17680,sample,0000000000000000,0,0.000,2,4,2,4,"persistent_DLL"
2026-09-15T02:04:38.259Z,17680,sample,0000000000000000,0,0.000,2,4,2,4,"persistent_DLL"
2026-09-15T02:04:38.752Z,17680,sample,0000000000000000,0,0.000,2,4,2,4,"persistent_DLL"
2026-09-15T02:04:39.256Z,17680,sample,0000000000000000,0,0.000,2,4,2,4,"persistent_DLL"
2026-09-15T02:04:39.759Z,17680,sample,0000000000000000,0,0.000,2,4,2,4,"persistent_DLL"
2026-09-15T02:04:40.252Z,17680,sample,0000000000000000,0,0.000,2,4,2,4,"persistent_DLL"
2026-09-15T02:04:40.758Z,17680,sample,0000000000000000,0,0.000,2,4,2,4,"persistent_DLL"
2026-09-15T02:04:41.255Z,17680,sample,0000000000000000,0,0.000,2,4,2,4,"persistent_DLL"
2026-09-15T02:04:41.759Z,17680,sample,0000000000000000,0,0.000,2,4,2,4,"persistent_DLL"
2026-09-15T02:04:42.253Z,17680,sample,0000000000000000,0,0.000,2,4,2,4,"persistent_DLL"
2026-09-15T02:04:42.758Z,17680,sample,0000000000000000,0,0.000,2,4,2,4,"persistent_DLL"
2026-09-15T02:04:43.257Z,17680,sample,0000000000000000,0,0.000,2,4,2,4,"persistent_DLL"
2026-09-15T02:04:43.764Z,17680,sample,0000000000000000,0,0.000,2,4,2,4,"persistent_DLL"
2026-09-15T02:04:44.256Z,17680,sample,0000000000000000,0,0.000,2,4,2,4,"persistent_DLL"
2026-09-15T02:04:44.764Z,17680,sample,0000000000000000,0,0.000,2,4,2,4,"persistent_DLL"
2026-09-15T02:04:45.249Z,17680,sample,0000000000000000,0,0.000,2,4,2,4,"persistent_DLL"
2026-09-15T02:04:45.757Z,17680,sample,0000000000000000,0,0.000,2,4,2,4,"persistent_DLL"
2026-09-15T02:04:46.250Z,17680,sample,0000000000000000,0,0.000,2,4,2,4,"persistent_DLL"
2026-09-15T02:04:46.760Z,17680,sample,0000000000000000,0,0.000,2,4,2,4,"persistent_DLL"
2026-09-15T02:04:47.254Z,17680,sample,0000000000000000,0,0.000,2,4,2,4,"persistent_DLL"
2026-09-15T02:04:47.764Z,17680,sample,0000000000000000,0,0.000,2,4,2,4,"persistent_DLL"
2026-09-15T02:04:48.256Z,17680,sample,0000000000000000,0,0.000,2,4,2,4,"persistent_DLL"
2026-09-15T02:04:48.762Z,17680,sample,0000000000000000,0,0.000,2,4,2,4,"persistent_DLL"
2026-09-15T02:04:49.253Z,17680,sample,0000000000000000,0,0.000,2,4,2,4,"persistent_DLL"
2026-09-15T02:04:49.762Z,17680,sample,0000000000000000,0,0.000,2,4,2,4,"persistent_DLL"
2026-09-15T02:04:50.255Z,17680,sample,0000000000000000,0,0.000,2,4,2,4,"persistent_DLL"
2026-09-15T02:04:50.749Z,17680,sample,0000000000000000,0,0.000,2,4,2,4,"persistent_DLL"
2026-09-15T02:04:51.257Z,17680,sample,0000000000000000,0,0.000,2,4,2,4,"persistent_DLL"
2026-09-15T02:04:51.749Z,17680,sample,0000000000000000,0,0.000,2,4,2,4,"persistent_DLL"
2026-09-15T02:04:52.256Z,17680,sample,0000000000000000,0,0.000,2,4,2,4,"persistent_DLL"
2026-09-15T02:04:52.762Z,17680,sample,0000000000000000,0,0.000,2,4,2,4,"persistent_DLL"
2026-09-15T02:04:53.251Z,17680,sample,0000000000000000,0,0.000,2,4,2,4,"persistent_DLL"
2026-09-15T02:04:53.757Z,17680,sample,0000000000000000,0,0.000,2,4,2,4,"persistent_DLL"
2026-09-15T02:04:54.249Z,17680,sample,0000000000000000,0,0.000,2,4,2,4,"persistent_DLL"
2026-09-15T02:04:54.756Z,17680,sample,0000000000000000,0,0.000,2,4,2,4,"persistent_DLL"
2026-09-15T02:04:55.261Z,17680,sample,0000000000000000,0,0.000,2,4,2,4,"persistent_DLL"
2026-09-15T02:04:55.751Z,17680,sample,0000000000000000,0,0.000,2,4,2,4,"persistent_DLL"
2026-09-15T02:04:56.255Z,17680,sample,0000000000000000,0,0.000,2,4,2,4,"persistent_DLL"
2026-09-15T02:04:56.756Z,17680,sample,0000000000000000,0,0.000,2,4,2,4,"persistent_DLL"
2026-09-15T02:04:57.256Z,17680,sample,0000000000000000,0,0.000,2,4,2,4,"persistent_DLL"
2026-09-15T02:04:57.753Z,17680,sample,0000000000000000,0,0.000,2,4,2,4,"persistent_DLL"
2026-09-15T02:04:58.260Z,17680,sample,0000000000000000,0,0.000,2,4,2,4,"persistent_DLL"
2026-09-15T02:04:58.760Z,17680,sample,0000000000000000,0,0.000,2,4,2,4,"persistent_DLL"
2026-09-15T02:04:59.260Z,17680,sample,0000000000000000,0,0.000,2,4,2,4,"persistent_DLL"
2026-09-15T02:04:59.761Z,17680,sample,0000000000000000,0,0.000,2,4,2,4,"persistent_DLL"
2026-09-15T02:05:00.249Z,17680,sample,0000000000000000,0,0.000,2,4,2,4,"persistent_DLL"
2026-09-15T02:05:00.755Z,17680,sample,0000000000000000,0,0.000,2,4,2,4,"persistent_DLL"
2026-09-15T02:05:01.261Z,17680,sample,0000000000000000,0,0.000,2,4,2,4,"persistent_DLL"
2026-09-15T02:05:01.751Z,17680,sample,0000000000000000,0,0.000,2,4,2,4,"persistent_DLL"
2026-09-15T02:05:02.258Z,17680,sample,0000000000000000,0,0.000,2,4,2,4,"persistent_DLL"
2026-09-15T02:05:02.753Z,17680,sample,0000000000000000,0,0.000,2,4,2,4,"persistent_DLL"
2026-09-15T02:05:03.256Z,17680,sample,0000000000000000,0,0.000,2,4,2,4,"persistent_DLL"
2026-09-15T02:05:03.757Z,17680,sample,0000000000000000,0,0.000,2,4,2,4,"persistent_DLL"
2026-09-15T02:05:04.260Z,17680,sample,0000000000000000,0,0.000,2,4,2,4,"persistent_DLL"
2026-09-15T02:05:04.753Z,17680,sample,0000000000000000,0,0.000,2,4,2,4,"persistent_DLL"
2026-09-15T02:05:05.260Z,17680,sample,0000000000000000,0,0.000,2,4,2,4,"persistent_DLL"
2026-09-15T02:05:05.753Z,17680,sample,0000000000000000,0,0.000,2,4,2,4,"persistent_DLL"
2026-09-15T02:05:06.253Z,17680,sample,0000000000000000,0,0.000,2,4,2,4,"persistent_DLL"
2026-09-15T02:05:06.757Z,17680,sample,0000000000000000,0,0.000,2,4,2,4,"persistent_DLL"
2026-09-15T02:05:07.248Z,17680,sample,0000000000000000,0,0.000,2,4,2,4,"persistent_DLL"
2026-09-15T02:05:07.753Z,17680,sample,0000000000000000,0,0.000,2,4,2,4,"persistent_DLL"
2026-09-15T02:05:08.257Z,17680,sample,0000000000000000,0,0.000,2,4,2,4,"persistent_DLL"
2026-09-15T02:05:08.749Z,17680,sample,0000000000000000,0,0.000,2,4,2,4,"persistent_DLL"
2026-09-15T02:05:09.255Z,17680,sample,0000000000000000,0,0.000,2,4,2,4,"persistent_DLL"
2026-09-15T02:05:09.763Z,17680,sample,0000000000000000,0,0.000,2,4,2,4,"persistent_DLL"
2026-09-15T02:05:10.258Z,17680,sample,0000000000000000,0,0.000,2,4,2,4,"persistent_DLL"
2026-09-15T02:05:10.748Z,17680,sample,0000000000000000,0,0.000,2,4,2,4,"persistent_DLL"
2026-09-15T02:05:11.252Z,17680,sample,0000000000000000,0,0.000,2,4,2,4,"persistent_DLL"
2026-09-15T02:05:11.759Z,17680,sample,0000000000000000,0,0.000,2,4,2,4,"persistent_DLL"
2026-09-15T02:05:12.248Z,17680,sample,0000000000000000,0,0.000,2,4,2,4,"persistent_DLL"
2026-09-15T02:05:12.751Z,17680,sample,0000000000000000,0,0.000,2,4,2,4,"persistent_DLL"
2026-09-15T02:05:13.251Z,17680,sample,0000000000000000,0,0.000,2,4,2,4,"persistent_DLL"
2026-09-15T02:05:13.749Z,17680,sample,0000000000000000,0,0.000,2,4,2,4,"persistent_DLL"
2026-09-15T02:05:14.254Z,17680,sample,0000000000000000,0,0.000,2,4,2,4,"persistent_DLL"
2026-09-15T02:05:14.758Z,17680,sample,0000000000000000,0,0.000,2,4,2,4,"persistent_DLL"
2026-09-15T02:05:15.249Z,17680,sample,0000000000000000,0,0.000,2,4,2,4,"persistent_DLL"
2026-09-15T02:05:15.754Z,17680,sample,0000000000000000,0,0.000,2,4,2,4,"persistent_DLL"
2026-09-15T02:05:16.262Z,17680,sample,0000000000000000,0,0.000,2,4,2,4,"persistent_DLL"
2026-09-15T02:05:16.755Z,17680,sample,0000000000000000,0,0.000,2,4,2,4,"persistent_DLL"
2026-09-15T02:05:17.261Z,17680,sample,0000000000000000,0,0.000,2,4,2,4,"persistent_DLL"
2026-09-15T02:05:17.748Z,17680,sample,0000000000000000,0,0.000,2,4,2,4,"persistent_DLL"
2026-09-15T02:05:18.253Z,17680,sample,0000000000000000,0,0.000,2,4,2,4,"persistent_DLL"
2026-09-15T02:05:18.760Z,17680,sample,0000000000000000,0,0.000,2,4,2,4,"persistent_DLL"
2026-09-15T02:05:19.253Z,17680,sample,0000000000000000,0,0.000,2,4,2,4,"persistent_DLL"
2026-09-15T02:05:19.759Z,17680,sample,0000000000000000,0,0.000,2,4,2,4,"persistent_DLL"
2026-09-15T02:05:20.248Z,17680,sample,0000000000000000,0,0.000,2,4,2,4,"persistent_DLL"
2026-09-15T02:05:20.756Z,17680,sample,0000000000000000,0,0.000,2,4,2,4,"persistent_DLL"
2026-09-15T02:05:21.261Z,17680,sample,0000000000000000,0,0.000,2,4,2,4,"persistent_DLL"
2026-09-15T02:05:21.752Z,17680,sample,0000000000000000,0,0.000,2,4,2,4,"persistent_DLL"
2026-09-15T02:05:22.256Z,17680,sample,0000000000000000,0,0.000,2,4,2,4,"persistent_DLL"
2026-09-15T02:05:22.757Z,17680,sample,0000000000000000,0,0.000,2,4,2,4,"persistent_DLL"
2026-09-15T02:05:23.247Z,17680,sample,0000000000000000,0,0.000,2,4,2,4,"persistent_DLL"
2026-09-15T02:05:23.751Z,17680,sample,0000000000000000,0,0.000,2,4,2,4,"persistent_DLL"
2026-09-15T02:05:24.259Z,17680,sample,0000000000000000,0,0.000,2,4,2,4,"persistent_DLL"
2026-09-15T02:05:24.748Z,17680,sample,0000000000000000,0,0.000,2,4,2,4,"persistent_DLL"
2026-09-15T02:05:25.250Z,17680,sample,0000000000000000,0,0.000,2,4,2,4,"persistent_DLL"
2026-09-15T02:05:25.759Z,17680,sample,0000000000000000,0,0.000,2,4,2,4,"persistent_DLL"
2026-09-15T02:05:26.252Z,17680,sample,0000000000000000,0,0.000,2,4,2,4,"persistent_DLL"
2026-09-15T02:05:26.758Z,17680,sample,0000000000000000,0,0.000,2,4,2,4,"persistent_DLL"
2026-09-15T02:05:27.259Z,17680,sample,0000000000000000,0,0.000,2,4,2,4,"persistent_DLL"
2026-09-15T02:05:27.751Z,17680,sample,0000000000000000,0,0.000,2,4,2,4,"persistent_DLL"
2026-09-15T02:05:28.247Z,17680,sample,0000000000000000,0,0.000,2,4,2,4,"persistent_DLL"
2026-09-15T02:05:28.754Z,17680,sample,0000000000000000,0,0.000,2,4,2,4,"persistent_DLL"
2026-09-15T02:05:29.248Z,17680,sample,0000000000000000,0,0.000,2,4,2,4,"persistent_DLL"
2026-09-15T02:05:29.749Z,17680,sample,0000000000000000,0,0.000,2,4,2,4,"persistent_DLL"
2026-09-15T02:05:30.251Z,17680,sample,0000000000000000,0,0.000,2,4,2,4,"persistent_DLL"
2026-09-15T02:05:30.755Z,17680,sample,0000000000000000,0,0.000,2,4,2,4,"persistent_DLL"
2026-09-15T02:05:31.247Z,17680,sample,0000000000000000,0,0.000,2,4,2,4,"persistent_DLL"
2026-09-15T02:05:31.757Z,17680,sample,0000000000000000,0,0.000,2,4,2,4,"persistent_DLL"
2026-09-15T02:05:32.261Z,17680,sample,0000000000000000,0,0.000,2,4,2,4,"persistent_DLL"
2026-09-15T02:05:32.748Z,17680,sample,0000000000000000,0,0.000,2,4,2,4,"persistent_DLL"
2026-09-15T02:05:33.250Z,17680,sample,0000000000000000,0,0.000,2,4,2,4,"persistent_DLL"
2026-09-15T02:05:33.751Z,17680,sample,0000000000000000,0,0.000,2,4,2,4,"persistent_DLL"
2026-09-15T02:05:34.258Z,17680,sample,0000000000000000,0,0.000,2,4,2,4,"persistent_DLL"
2026-09-15T02:05:34.750Z,17680,sample,0000000000000000,0,0.000,2,4,2,4,"persistent_DLL"
2026-09-15T02:05:35.256Z,17680,sample,0000000000000000,0,0.000,2,4,2,4,"persistent_DLL"
2026-09-15T02:05:35.757Z,17680,sample,0000000000000000,0,0.000,2,4,2,4,"persistent_DLL"
2026-09-15T02:05:36.259Z,17680,sample,0000000000000000,0,0.000,2,4,2,4,"persistent_DLL"
2026-09-15T02:05:36.750Z,17680,sample,0000000000000000,0,0.000,2,4,2,4,"persistent_DLL"
2026-09-15T02:05:37.259Z,17680,sample,0000000000000000,0,0.000,2,4,2,4,"persistent_DLL"
2026-09-15T02:05:37.753Z,17680,sample,0000000000000000,0,0.000,2,4,2,4,"persistent_DLL"
2026-09-15T02:05:38.251Z,17680,sample,0000000000000000,0,0.000,2,4,2,4,"persistent_DLL"
2026-09-15T02:05:38.754Z,17680,sample,0000000000000000,0,0.000,2,4,2,4,"persistent_DLL"
2026-09-15T02:05:39.260Z,17680,sample,0000000000000000,0,0.000,2,4,2,4,"persistent_DLL"
2026-09-15T02:05:39.752Z,17680,sample,0000000000000000,0,0.000,2,4,2,4,"persistent_DLL"
2026-09-15T02:05:40.258Z,17680,sample,0000000000000000,0,0.000,2,4,2,4,"persistent_DLL"
2026-09-15T02:05:40.760Z,17680,sample,0000000000000000,0,0.000,2,4,2,4,"persistent_DLL"
2026-09-15T02:05:41.261Z,17680,sample,0000000000000000,0,0.000,2,4,2,4,"persistent_DLL"
2026-09-15T02:05:41.753Z,17680,sample,0000000000000000,0,0.000,2,4,2,4,"persistent_DLL"
2026-09-15T02:05:42.262Z,17680,sample,0000000000000000,0,0.000,2,4,2,4,"persistent_DLL"
2026-09-15T02:05:42.754Z,17680,sample,0000000000000000,0,0.000,2,4,2,4,"persistent_DLL"
2026-09-15T02:05:43.257Z,17680,sample,0000000000000000,0,0.000,2,4,2,4,"persistent_DLL"
2026-09-15T02:05:43.747Z,17680,sample,0000000000000000,0,0.000,2,4,2,4,"persistent_DLL"
2026-09-15T02:05:44.252Z,17680,sample,0000000000000000,0,0.000,2,4,2,4,"persistent_DLL"
2026-09-15T02:05:44.757Z,17680,sample,0000000000000000,0,0.000,2,4,2,4,"persistent_DLL"
2026-09-15T02:05:45.246Z,17680,sample,0000000000000000,0,0.000,2,4,2,4,"persistent_DLL"
2026-09-15T02:05:45.751Z,17680,sample,0000000000000000,0,0.000,2,4,2,4,"persistent_DLL"
2026-09-15T02:05:46.251Z,17680,sample,0000000000000000,0,0.000,2,4,2,4,"persistent_DLL"
2026-09-15T02:05:46.758Z,17680,sample,0000000000000000,0,0.000,2,4,2,4,"persistent_DLL"
2026-09-15T02:05:47.261Z,17680,sample,0000000000000000,0,0.000,2,4,2,4,"persistent_DLL"
2026-09-15T02:05:47.748Z,17680,sample,0000000000000000,0,0.000,2,4,2,4,"persistent_DLL"
2026-09-15T02:05:48.262Z,17680,sample,0000000000000000,0,0.000,2,4,2,4,"persistent_DLL"
2026-09-15T02:05:48.767Z,17680,sample,0000000000000000,0,0.000,2,4,2,4,"persistent_DLL"
2026-09-15T02:05:49.273Z,17680,sample,0000000000000000,0,0.000,2,4,2,4,"persistent_DLL"
2026-09-15T02:05:49.777Z,17680,sample,0000000000000000,0,0.000,2,4,2,4,"persistent_DLL"
2026-09-15T02:05:50.266Z,17680,sample,0000000000000000,0,0.000,2,4,2,4,"persistent_DLL"
2026-09-15T02:05:50.775Z,17680,sample,0000000000000000,0,0.000,2,4,2,4,"persistent_DLL"
2026-09-15T02:05:51.276Z,17680,sample,0000000000000000,0,0.000,2,4,2,4,"persistent_DLL"
2026-09-15T02:05:51.766Z,17680,sample,0000000000000000,0,0.000,2,4,2,4,"persistent_DLL"
2026-09-15T02:05:52.271Z,17680,sample,0000000000000000,0,0.000,2,4,2,4,"persistent_DLL"
2026-09-15T02:05:52.774Z,17680,sample,0000000000000000,0,0.000,2,4,2,4,"persistent_DLL"
2026-09-15T02:05:53.276Z,17680,sample,0000000000000000,0,0.000,2,4,2,4,"persistent_DLL"
2026-09-15T02:05:53.766Z,17680,sample,0000000000000000,0,0.000,2,4,2,4,"persistent_DLL"
2026-09-15T02:05:54.266Z,17680,sample,0000000000000000,0,0.000,2,4,2,4,"persistent_DLL"
2026-09-15T02:05:54.770Z,17680,sample,0000000000000000,0,0.000,2,4,2,4,"persistent_DLL"
2026-09-15T02:05:55.277Z,17680,sample,0000000000000000,0,0.000,2,4,2,4,"persistent_DLL"
2026-09-15T02:05:55.781Z,17680,sample,0000000000000000,0,0.000,2,4,2,4,"persistent_DLL"
2026-09-15T02:05:56.289Z,17680,sample,0000000000000000,0,0.000,2,4,2,4,"persistent_DLL"
2026-09-15T02:05:56.779Z,17680,sample,0000000000000000,0,0.000,2,4,2,4,"persistent_DLL"
2026-09-15T02:05:57.286Z,17680,sample,0000000000000000,0,0.000,2,4,2,4,"persistent_DLL"
2026-09-15T02:05:57.791Z,17680,sample,0000000000000000,0,0.000,2,4,2,4,"persistent_DLL"
2026-09-15T02:05:58.280Z,17680,sample,0000000000000000,0,0.000,2,4,2,4,"persistent_DLL"
2026-09-15T02:05:58.786Z,17680,sample,0000000000000000,0,0.000,2,4,2,4,"persistent_DLL"
2026-09-15T02:05:59.291Z,17680,sample,0000000000000000,0,0.000,2,4,2,4,"persistent_DLL"
2026-09-15T02:05:59.779Z,17680,sample,0000000000000000,0,0.000,2,4,2,4,"persistent_DLL"
2026-09-15T02:06:00.287Z,17680,sample,0000000000000000,0,0.000,2,4,2,4,"persistent_DLL"
2026-09-15T02:06:00.792Z,17680,sample,0000000000000000,0,0.000,2,4,2,4,"persistent_DLL"
2026-09-15T02:06:01.283Z,17680,sample,0000000000000000,0,0.000,2,4,2,4,"persistent_DLL"
2026-09-15T02:06:01.788Z,17680,sample,0000000000000000,0,0.000,2,4,2,4,"persistent_DLL"
2026-09-15T02:06:02.293Z,17680,sample,0000000000000000,0,0.000,2,4,2,4,"persistent_DLL"
2026-09-15T02:06:02.799Z,17680,sample,0000000000000000,0,0.000,2,4,2,4,"persistent_DLL"
2026-09-15T02:06:03.293Z,17680,sample,0000000000000000,0,0.000,2,4,2,4,"persistent_DLL"
2026-09-15T02:06:03.797Z,17680,sample,0000000000000000,0,0.000,2,4,2,4,"persistent_DLL"
2026-09-15T02:06:04.302Z,17680,sample,0000000000000000,0,0.000,2,4,2,4,"persistent_DLL"
2026-09-15T02:06:04.799Z,17680,sample,0000000000000000,0,0.000,2,4,2,4,"persistent_DLL"
2026-09-15T02:06:05.305Z,17680,sample,0000000000000000,0,0.000,2,4,2,4,"persistent_DLL"
2026-09-15T02:06:05.796Z,17680,sample,0000000000000000,0,0.000,2,4,2,4,"persistent_DLL"
2026-09-15T02:06:06.301Z,17680,sample,0000000000000000,0,0.000,2,4,2,4,"persistent_DLL"
2026-09-15T02:06:06.794Z,17680,sample,0000000000000000,0,0.000,2,4,2,4,"persistent_DLL"
2026-09-15T02:06:07.299Z,17680,sample,0000000000000000,0,0.000,2,4,2,4,"persistent_DLL"
2026-09-15T02:06:07.807Z,17680,sample,0000000000000000,0,0.000,2,4,2,4,"persistent_DLL"
2026-09-15T02:06:08.300Z,17680,sample,0000000000000000,0,0.000,2,4,2,4,"persistent_DLL"
2026-09-15T02:06:08.804Z,17680,sample,0000000000000000,0,0.000,2,4,2,4,"persistent_DLL"
2026-09-15T02:06:09.297Z,17680,sample,0000000000000000,0,0.000,2,4,2,4,"persistent_DLL"
2026-09-15T02:06:09.801Z,17680,sample,0000000000000000,0,0.000,2,4,2,4,"persistent_DLL"
2026-09-15T02:06:10.305Z,17680,sample,0000000000000000,0,0.000,2,4,2,4,"persistent_DLL"
2026-09-15T02:06:10.795Z,17680,sample,0000000000000000,0,0.000,2,4,2,4,"persistent_DLL"
2026-09-15T02:06:11.306Z,17680,sample,0000000000000000,0,0.000,2,4,2,4,"persistent_DLL"
2026-09-15T02:06:11.798Z,17680,sample,0000000000000000,0,0.000,2,4,2,4,"persistent_DLL"
2026-09-15T02:06:12.307Z,17680,sample,0000000000000000,0,0.000,2,4,2,4,"persistent_DLL"
2026-09-15T02:06:12.817Z,17680,sample,0000000000000000,0,0.000,2,4,2,4,"persistent_DLL"
2026-09-15T02:06:13.322Z,17680,sample,0000000000000000,0,0.000,2,4,2,4,"persistent_DLL"
2026-09-15T02:06:13.811Z,17680,sample,0000000000000000,0,0.000,2,4,2,4,"persistent_DLL"
2026-09-15T02:06:14.313Z,17680,sample,0000000000000000,0,0.000,2,4,2,4,"persistent_DLL"
2026-09-15T02:06:14.816Z,17680,sample,0000000000000000,0,0.000,2,4,2,4,"persistent_DLL"
2026-09-15T02:06:15.321Z,17680,sample,0000000000000000,0,0.000,2,4,2,4,"persistent_DLL"
2026-09-15T02:06:15.812Z,17680,sample,0000000000000000,0,0.000,2,4,2,4,"persistent_DLL"
2026-09-15T02:06:16.321Z,17680,sample,0000000000000000,0,0.000,2,4,2,4,"persistent_DLL"
2026-09-15T02:06:16.811Z,17680,sample,0000000000000000,0,0.000,2,4,2,4,"persistent_DLL"
2026-09-15T02:06:17.317Z,17680,sample,0000000000000000,0,0.000,2,4,2,4,"persistent_DLL"
2026-09-15T02:06:17.822Z,17680,sample,0000000000000000,0,0.000,2,4,2,4,"persistent_DLL"
2026-09-15T02:06:18.313Z,17680,sample,0000000000000000,0,0.000,2,4,2,4,"persistent_DLL"
2026-09-15T02:06:18.818Z,17680,sample,0000000000000000,0,0.000,2,4,2,4,"persistent_DLL"
2026-09-15T02:06:19.321Z,17680,sample,0000000000000000,0,0.000,2,4,2,4,"persistent_DLL"
2026-09-15T02:06:19.809Z,17680,sample,0000000000000000,0,0.000,2,4,2,4,"persistent_DLL"
2026-09-15T02:06:20.318Z,17680,sample,0000000000000000,0,0.000,2,4,2,4,"persistent_DLL"
2026-09-15T02:06:20.821Z,17680,sample,0000000000000000,0,0.000,2,4,2,4,"persistent_DLL"
2026-09-15T02:06:21.323Z,17680,sample,0000000000000000,0,0.000,2,4,2,4,"persistent_DLL"
2026-09-15T02:06:21.828Z,17680,sample,0000000000000000,0,0.000,2,4,2,4,"persistent_DLL"
2026-09-15T02:06:22.330Z,17680,sample,0000000000000000,0,0.000,2,4,2,4,"persistent_DLL"
2026-09-15T02:06:22.836Z,17680,sample,0000000000000000,0,0.000,2,4,2,4,"persistent_DLL"
2026-09-15T02:06:23.326Z,17680,sample,0000000000000000,0,0.000,2,4,2,4,"persistent_DLL"
2026-09-15T02:06:23.831Z,17680,sample,0000000000000000,0,0.000,2,4,2,4,"persistent_DLL"
2026-09-15T02:06:24.332Z,17680,sample,0000000000000000,0,0.000,2,4,2,4,"persistent_DLL"
2026-09-15T02:06:24.837Z,17680,sample,0000000000000000,0,0.000,2,4,2,4,"persistent_DLL"
2026-09-15T02:06:25.327Z,17680,sample,0000000000000000,0,0.000,2,4,2,4,"persistent_DLL"
2026-09-15T02:06:25.830Z,17680,sample,0000000000000000,0,0.000,2,4,2,4,"persistent_DLL"
2026-09-15T02:06:26.331Z,17680,sample,0000000000000000,0,0.000,2,4,2,4,"persistent_DLL"
2026-09-15T02:06:26.833Z,17680,sample,0000000000000000,0,0.000,2,4,2,4,"persistent_DLL"
2026-09-15T02:06:27.337Z,17680,sample,0000000000000000,0,0.000,2,4,2,4,"persistent_DLL"
2026-09-15T02:06:27.823Z,17680,sample,0000000000000000,0,0.000,2,4,2,4,"persistent_DLL"
2026-09-15T02:06:28.325Z,17680,sample,0000000000000000,0,0.000,2,4,2,4,"persistent_DLL"
2026-09-15T02:06:28.830Z,17680,sample,0000000000000000,0,0.000,2,4,2,4,"persistent_DLL"
2026-09-15T02:06:29.331Z,17680,sample,0000000000000000,0,0.000,2,4,2,4,"persistent_DLL"
2026-09-15T02:06:29.834Z,17680,sample,0000000000000000,0,0.000,2,4,2,4,"persistent_DLL"
2026-09-15T02:06:30.323Z,17680,sample,0000000000000000,0,0.000,2,4,2,4,"persistent_DLL"
2026-09-15T02:06:30.827Z,17680,sample,0000000000000000,0,0.000,2,4,2,4,"persistent_DLL"
2026-09-15T02:06:31.336Z,17680,sample,0000000000000000,0,0.000,2,4,2,4,"persistent_DLL"
2026-09-15T02:06:31.827Z,17680,sample,0000000000000000,0,0.000,2,4,2,4,"persistent_DLL"
2026-09-15T02:06:32.330Z,17680,sample,0000000000000000,0,0.000,2,4,2,4,"persistent_DLL"
2026-09-15T02:06:32.823Z,17680,sample,0000000000000000,0,0.000,2,4,2,4,"persistent_DLL"
2026-09-15T02:06:33.326Z,17680,sample,0000000000000000,0,0.000,2,4,2,4,"persistent_DLL"
2026-09-15T02:06:33.828Z,17680,sample,0000000000000000,0,0.000,2,4,2,4,"persistent_DLL"
2026-09-15T02:06:34.332Z,17680,sample,0000000000000000,0,0.000,2,4,2,4,"persistent_DLL"
2026-09-15T02:06:34.834Z,17680,sample,0000000000000000,0,0.000,2,4,2,4,"persistent_DLL"
2026-09-15T02:06:35.324Z,17680,sample,0000000000000000,0,0.000,2,4,2,4,"persistent_DLL"
2026-09-15T02:06:35.827Z,17680,sample,0000000000000000,0,0.000,2,4,2,4,"persistent_DLL"
2026-09-15T02:06:36.332Z,17680,sample,0000000000000000,0,0.000,2,4,2,4,"persistent_DLL"
2026-09-15T02:06:36.834Z,17680,sample,0000000000000000,0,0.000,2,4,2,4,"persistent_DLL"
2026-09-15T02:06:37.326Z,17680,sample,0000000000000000,0,0.000,2,4,2,4,"persistent_DLL"
2026-09-15T02:06:37.829Z,17680,sample,0000000000000000,0,0.000,2,4,2,4,"persistent_DLL"
2026-09-15T02:06:38.334Z,17680,sample,0000000000000000,0,0.000,2,4,2,4,"persistent_DLL"
2026-09-15T02:06:38.837Z,17680,sample,0000000000000000,0,0.000,2,4,2,4,"persistent_DLL"
2026-09-15T02:06:39.326Z,17680,sample,0000000000000000,0,0.000,2,4,2,4,"persistent_DLL"
2026-09-15T02:06:39.828Z,17680,sample,0000000000000000,0,0.000,2,4,2,4,"persistent_DLL"
2026-09-15T02:06:40.334Z,17680,sample,0000000000000000,0,0.000,2,4,2,4,"persistent_DLL"
2026-09-15T02:06:40.822Z,17680,sample,0000000000000000,0,0.000,2,4,2,4,"persistent_DLL"
2026-09-15T02:06:41.329Z,17680,sample,0000000000000000,0,0.000,2,4,2,4,"persistent_DLL"
2026-09-15T02:06:41.832Z,17680,sample,0000000000000000,0,0.000,2,4,2,4,"persistent_DLL"
2026-09-15T02:06:42.325Z,17680,sample,0000000000000000,0,0.000,2,4,2,4,"persistent_DLL"
2026-09-15T02:06:42.829Z,17680,sample,0000000000000000,0,0.000,2,4,2,4,"persistent_DLL"
2026-09-15T02:06:43.333Z,17680,sample,0000000000000000,0,0.000,2,4,2,4,"persistent_DLL"
2026-09-15T02:06:43.833Z,17680,sample,0000000000000000,0,0.000,2,4,2,4,"persistent_DLL"
2026-09-15T02:06:44.327Z,17680,sample,0000000000000000,0,0.000,2,4,2,4,"persistent_DLL"
2026-09-15T02:06:44.830Z,17680,sample,0000000000000000,0,0.000,2,4,2,4,"persistent_DLL"
2026-09-15T02:06:45.333Z,17680,sample,0000000000000000,0,0.000,2,4,2,4,"persistent_DLL"
2026-09-15T02:06:45.837Z,17680,sample,0000000000000000,0,0.000,2,4,2,4,"persistent_DLL"
2026-09-15T02:06:46.329Z,17680,sample,0000000000000000,0,0.000,2,4,2,4,"persistent_DLL"
2026-09-15T02:06:46.822Z,17680,sample,0000000000000000,0,0.000,2,4,2,4,"persistent_DLL"
2026-09-15T02:06:47.327Z,17680,sample,0000000000000000,0,0.000,2,4,2,4,"persistent_DLL"
2026-09-15T02:06:47.831Z,17680,sample,0000000000000000,0,0.000,2,4,2,4,"persistent_DLL"
2026-09-15T02:06:48.334Z,17680,sample,0000000000000000,0,0.000,2,4,2,4,"persistent_DLL"
2026-09-15T02:06:48.823Z,17680,sample,0000000000000000,0,0.000,2,4,2,4,"persistent_DLL"
2026-09-15T02:06:49.328Z,17680,sample,0000000000000000,0,0.000,2,4,2,4,"persistent_DLL"
2026-09-15T02:06:49.832Z,17680,sample,0000000000000000,0,0.000,2,4,2,4,"persistent_DLL"
2026-09-15T02:06:50.337Z,17680,sample,0000000000000000,0,0.000,2,4,2,4,"persistent_DLL"
2026-09-15T02:06:50.826Z,17680,sample,0000000000000000,0,0.000,2,4,2,4,"persistent_DLL"
2026-09-15T02:06:51.328Z,17680,sample,0000000000000000,0,0.000,2,4,2,4,"persistent_DLL"
2026-09-15T02:06:51.834Z,17680,sample,0000000000000000,0,0.000,2,4,2,4,"persistent_DLL"
2026-09-15T02:06:52.335Z,17680,sample,0000000000000000,0,0.000,2,4,2,4,"persistent_DLL"
2026-09-15T02:06:52.825Z,17680,sample,0000000000000000,0,0.000,2,4,2,4,"persistent_DLL"
2026-09-15T02:06:53.328Z,17680,sample,0000000000000000,0,0.000,2,4,2,4,"persistent_DLL"
2026-09-15T02:06:53.835Z,17680,sample,0000000000000000,0,0.000,2,4,2,4,"persistent_DLL"
2026-09-15T02:06:54.326Z,17680,sample,0000000000000000,0,0.000,2,4,2,4,"persistent_DLL"
2026-09-15T02:06:54.832Z,17680,sample,0000000000000000,0,0.000,2,4,2,4,"persistent_DLL"
2026-09-15T02:06:55.323Z,17680,sample,0000000000000000,0,0.000,2,4,2,4,"persistent_DLL"
2026-09-15T02:06:55.827Z,17680,sample,0000000000000000,0,0.000,2,4,2,4,"persistent_DLL"
2026-09-15T02:06:56.328Z,17680,sample,0000000000000000,0,0.000,2,4,2,4,"persistent_DLL"
2026-09-15T02:06:56.831Z,17680,sample,0000000000000000,0,0.000,2,4,2,4,"persistent_DLL"
2026-09-15T02:06:57.335Z,17680,sample,0000000000000000,0,0.000,2,4,2,4,"persistent_DLL"
2026-09-15T02:06:57.825Z,17680,sample,0000000000000000,0,0.000,2,4,2,4,"persistent_DLL"
2026-09-15T02:06:58.331Z,17680,sample,0000000000000000,0,0.000,2,4,2,4,"persistent_DLL"
2026-09-15T02:06:58.823Z,17680,sample,0000000000000000,0,0.000,2,4,2,4,"persistent_DLL"
2026-09-15T02:06:59.330Z,17680,sample,0000000000000000,0,0.000,2,4,2,4,"persistent_DLL"
2026-09-15T02:06:59.829Z,17680,sample,0000000000000000,0,0.000,2,4,2,4,"persistent_DLL"
2026-09-15T02:07:00.328Z,17680,sample,0000000000000000,0,0.000,2,4,2,4,"persistent_DLL"
2026-09-15T02:07:00.836Z,17680,sample,0000000000000000,0,0.000,2,4,2,4,"persistent_DLL"
2026-09-15T02:07:01.328Z,17680,sample,0000000000000000,0,0.000,2,4,2,4,"persistent_DLL"
2026-09-15T02:07:01.836Z,17680,sample,0000000000000000,0,0.000,2,4,2,4,"persistent_DLL"
2026-09-15T02:07:02.332Z,17680,sample,0000000000000000,0,0.000,2,4,2,4,"persistent_DLL"
2026-09-15T02:07:02.833Z,17680,sample,0000000000000000,0,0.000,2,4,2,4,"persistent_DLL"
2026-09-15T02:07:03.322Z,17680,sample,0000000000000000,0,0.000,2,4,2,4,"persistent_DLL"
2026-09-15T02:07:03.829Z,17680,sample,0000000000000000,0,0.000,2,4,2,4,"persistent_DLL"
2026-09-15T02:07:04.329Z,17680,sample_end,0000000000000000,0,0.000,2,4,2,4,"persistent_DLL"
