utc,pid,event,handle,result,elapsed_ms,contexts,contexts_bytes,system,system_bytes,detail
2026-09-14T17:36:35.283Z,52716,manager_exports,0000000000000000,1,0.000,405,4,405,4,open;close;enum;owner;default
2026-09-14T17:36:35.292Z,52716,manager_open,0000000000000002,1,0.037,405,4,405,4,hidden;lastError=0
2026-09-14T17:36:35.302Z,52716,enumerated_context,0000000000000B00,0,0.000,405,4,405,4,owner=0000000000000000;isWindow=0;ownerPid=0;get=0;device=0;options=0x0;name=
2026-09-14T17:36:35.311Z,52716,enumerated_context,0000000000000ACA,0,0.000,405,4,405,4,owner=00000000004913DC;isWindow=0;ownerPid=0;get=1;device=0;options=0x8015;name=issue121-50160-66
2026-09-14T17:36:35.320Z,52716,enumerated_context,0000000000000AC9,0,0.000,405,4,405,4,owner=00000000004913DC;isWindow=0;ownerPid=0;get=1;device=0;options=0x8015;name=issue121-50160-65
2026-09-14T17:36:35.330Z,52716,enumerated_context,0000000000000AC8,0,0.000,405,4,405,4,owner=00000000004913DC;isWindow=0;ownerPid=0;get=1;device=0;options=0x8015;name=issue121-50160-64
2026-09-14T17:36:35.339Z,52716,enumerated_context,0000000000000AC7,0,0.000,405,4,405,4,owner=00000000004913DC;isWindow=0;ownerPid=0;get=1;device=0;options=0x8015;name=issue121-50160-63
2026-09-14T17:36:35.348Z,52716,enumerated_context,0000000000000AC6,0,0.000,405,4,405,4,owner=00000000004913DC;isWindow=0;ownerPid=0;get=1;device=0;options=0x8015;name=issue121-50160-62
2026-09-14T17:36:35.355Z,52716,enumerated_context,0000000000000AC5,0,0.000,405,4,405,4,owner=00000000004913DC;isWindow=0;ownerPid=0;get=1;device=0;options=0x8015;name=issue121-50160-61
2026-09-14T17:36:35.365Z,52716,enumerated_context,0000000000000AC4,0,0.000,405,4,405,4,owner=00000000004913DC;isWindow=0;ownerPid=0;get=1;device=0;options=0x8015;name=issue121-50160-60
2026-09-14T17:36:35.373Z,52716,enumerated_context,0000000000000AC3,0,0.000,405,4,405,4,owner=00000000004913DC;isWindow=0;ownerPid=0;get=1;device=0;options=0x8015;name=issue121-50160-59
2026-09-14T17:36:35.382Z,52716,enumerated_context,0000000000000AC2,0,0.000,405,4,405,4,owner=00000000004913DC;isWindow=0;ownerPid=0;get=1;device=0;options=0x8015;name=issue121-50160-58
2026-09-14T17:36:35.390Z,52716,enumerated_context,0000000000000AC1,0,0.000,405,4,405,4,owner=00000000004913DC;isWindow=0;ownerPid=0;get=1;device=0;options=0x8015;name=issue121-50160-57
2026-09-14T17:36:35.399Z,52716,enumerated_context,0000000000000AC0,0,0.000,405,4,405,4,owner=00000000004913DC;isWindow=0;ownerPid=0;get=1;device=0;options=0x8015;name=issue121-50160-56
2026-09-14T17:36:35.408Z,52716,enumerated_context,0000000000000ABF,0,0.000,405,4,405,4,owner=00000000004913DC;isWindow=0;ownerPid=0;get=1;device=0;options=0x8015;name=issue121-50160-55
2026-09-14T17:36:35.418Z,52716,enumerated_context,0000000000000ABE,0,0.000,405,4,405,4,owner=00000000004913DC;isWindow=0;ownerPid=0;get=1;device=0;options=0x8015;name=issue121-50160-54
2026-09-14T17:36:35.428Z,52716,enumerated_context,0000000000000ABD,0,0.000,405,4,405,4,owner=00000000004913DC;isWindow=0;ownerPid=0;get=1;device=0;options=0x8015;name=issue121-50160-53
2026-09-14T17:36:35.437Z,52716,enumerated_context,0000000000000ABC,0,0.000,405,4,405,4,owner=00000000004913DC;isWindow=0;ownerPid=0;get=1;device=0;options=0x8015;name=issue121-50160-52
2026-09-14T17:36:35.446Z,52716,enumerated_context,0000000000000ABB,0,0.000,405,4,405,4,owner=00000000004913DC;isWindow=0;ownerPid=0;get=1;device=0;options=0x8015;name=issue121-50160-51
2026-09-14T17:36:35.454Z,52716,enumerated_context,0000000000000ABA,0,0.000,405,4,405,4,owner=00000000004913DC;isWindow=0;ownerPid=0;get=1;device=0;options=0x8015;name=issue121-50160-50
2026-09-14T17:36:35.464Z,52716,enumerated_context,0000000000000AB9,0,0.000,405,4,405,4,owner=00000000004913DC;isWindow=0;ownerPid=0;get=1;device=0;options=0x8015;name=issue121-50160-49
2026-09-14T17:36:35.472Z,52716,enumerated_context,0000000000000AB8,0,0.000,405,4,405,4,owner=00000000004913DC;isWindow=0;ownerPid=0;get=1;device=0;options=0x8015;name=issue121-50160-48
2026-09-14T17:36:35.482Z,52716,enumerated_context,0000000000000AB7,0,0.000,405,4,405,4,owner=00000000004913DC;isWindow=0;ownerPid=0;get=1;device=0;options=0x8015;name=issue121-50160-47
2026-09-14T17:36:35.491Z,52716,enumerated_context,0000000000000AB6,0,0.000,405,4,405,4,owner=00000000004913DC;isWindow=0;ownerPid=0;get=1;device=0;options=0x8015;name=issue121-50160-46
2026-09-14T17:36:35.498Z,52716,enumerated_context,0000000000000AB5,0,0.000,405,4,405,4,owner=00000000004913DC;isWindow=0;ownerPid=0;get=1;device=0;options=0x8015;name=issue121-50160-45
2026-09-14T17:36:35.505Z,52716,enumerated_context,0000000000000AB4,0,0.000,405,4,405,4,owner=00000000004913DC;isWindow=0;ownerPid=0;get=1;device=0;options=0x8015;name=issue121-50160-44
2026-09-14T17:36:35.513Z,52716,enumerated_context,0000000000000AB3,0,0.000,405,4,405,4,owner=00000000004913DC;isWindow=0;ownerPid=0;get=1;device=0;options=0x8015;name=issue121-50160-43
2026-09-14T17:36:35.518Z,52716,enumerated_context,0000000000000AB2,0,0.000,405,4,405,4,owner=00000000004913DC;isWindow=0;ownerPid=0;get=1;device=0;options=0x8015;name=issue121-50160-42
2026-09-14T17:36:35.528Z,52716,enumerated_context,0000000000000AB1,0,0.000,405,4,405,4,owner=00000000004913DC;isWindow=0;ownerPid=0;get=1;device=0;options=0x8015;name=issue121-50160-41
2026-09-14T17:36:35.535Z,52716,enumerated_context,0000000000000AB0,0,0.000,405,4,405,4,owner=00000000004913DC;isWindow=0;ownerPid=0;get=1;device=0;options=0x8015;name=issue121-50160-40
2026-09-14T17:36:35.543Z,52716,enumerated_context,0000000000000AAF,0,0.000,405,4,405,4,owner=00000000004913DC;isWindow=0;ownerPid=0;get=1;device=0;options=0x8015;name=issue121-50160-39
2026-09-14T17:36:35.552Z,52716,enumerated_context,0000000000000AAE,0,0.000,405,4,405,4,owner=00000000004913DC;isWindow=0;ownerPid=0;get=1;device=0;options=0x8015;name=issue121-50160-38
2026-09-14T17:36:35.560Z,52716,enumerated_context,0000000000000AAD,0,0.000,405,4,405,4,owner=00000000004913DC;isWindow=0;ownerPid=0;get=1;device=0;options=0x8015;name=issue121-50160-37
2026-09-14T17:36:35.569Z,52716,enumerated_context,0000000000000AAC,0,0.000,405,4,405,4,owner=00000000004913DC;isWindow=0;ownerPid=0;get=1;device=0;options=0x8015;name=issue121-50160-36
2026-09-14T17:36:35.578Z,52716,enumerated_context,0000000000000AAB,0,0.000,405,4,405,4,owner=00000000004913DC;isWindow=0;ownerPid=0;get=1;device=0;options=0x8015;name=issue121-50160-35
2026-09-14T17:36:35.587Z,52716,enumerated_context,0000000000000AAA,0,0.000,405,4,405,4,owner=00000000004913DC;isWindow=0;ownerPid=0;get=1;device=0;options=0x8015;name=issue121-50160-34
2026-09-14T17:36:35.596Z,52716,enumerated_context,0000000000000AA9,0,0.000,405,4,405,4,owner=00000000004913DC;isWindow=0;ownerPid=0;get=1;device=0;options=0x8015;name=issue121-50160-33
2026-09-14T17:36:35.603Z,52716,enumerated_context,0000000000000AA8,0,0.000,405,4,405,4,owner=00000000004913DC;isWindow=0;ownerPid=0;get=1;device=0;options=0x8015;name=issue121-50160-32
2026-09-14T17:36:35.612Z,52716,enumerated_context,0000000000000AA7,0,0.000,405,4,405,4,owner=00000000004913DC;isWindow=0;ownerPid=0;get=1;device=0;options=0x8015;name=issue121-50160-31
2026-09-14T17:36:35.620Z,52716,enumerated_context,0000000000000AA6,0,0.000,405,4,405,4,owner=00000000004913DC;isWindow=0;ownerPid=0;get=1;device=0;options=0x8015;name=issue121-50160-30
2026-09-14T17:36:35.629Z,52716,enumerated_context,0000000000000AA5,0,0.000,405,4,405,4,owner=00000000004913DC;isWindow=0;ownerPid=0;get=1;device=0;options=0x8015;name=issue121-50160-29
2026-09-14T17:36:35.637Z,52716,enumerated_context,0000000000000AA4,0,0.000,405,4,405,4,owner=00000000004913DC;isWindow=0;ownerPid=0;get=1;device=0;options=0x8015;name=issue121-50160-28
2026-09-14T17:36:35.645Z,52716,enumerated_context,0000000000000AA3,0,0.000,405,4,405,4,owner=00000000004913DC;isWindow=0;ownerPid=0;get=1;device=0;options=0x8015;name=issue121-50160-27
2026-09-14T17:36:35.655Z,52716,enumerated_context,0000000000000AA2,0,0.000,405,4,405,4,owner=00000000004913DC;isWindow=0;ownerPid=0;get=1;device=0;options=0x8015;name=issue121-50160-26
2026-09-14T17:36:35.664Z,52716,enumerated_context,0000000000000AA1,0,0.000,405,4,405,4,owner=00000000004913DC;isWindow=0;ownerPid=0;get=1;device=0;options=0x8015;name=issue121-50160-25
2026-09-14T17:36:35.671Z,52716,enumerated_context,0000000000000AA0,0,0.000,405,4,405,4,owner=00000000004913DC;isWindow=0;ownerPid=0;get=1;device=0;options=0x8015;name=issue121-50160-24
2026-09-14T17:36:35.679Z,52716,enumerated_context,0000000000000A9F,0,0.000,405,4,405,4,owner=00000000004913DC;isWindow=0;ownerPid=0;get=1;device=0;options=0x8015;name=issue121-50160-23
2026-09-14T17:36:35.686Z,52716,enumerated_context,0000000000000A9E,0,0.000,405,4,405,4,owner=00000000004913DC;isWindow=0;ownerPid=0;get=1;device=0;options=0x8015;name=issue121-50160-22
2026-09-14T17:36:35.694Z,52716,enumerated_context,0000000000000A9D,0,0.000,405,4,405,4,owner=00000000004913DC;isWindow=0;ownerPid=0;get=1;device=0;options=0x8015;name=issue121-50160-21
2026-09-14T17:36:35.701Z,52716,enumerated_context,0000000000000A9C,0,0.000,405,4,405,4,owner=00000000004913DC;isWindow=0;ownerPid=0;get=1;device=0;options=0x8015;name=issue121-50160-20
2026-09-14T17:36:35.707Z,52716,enumerated_context,0000000000000A9B,0,0.000,405,4,405,4,owner=00000000004913DC;isWindow=0;ownerPid=0;get=1;device=0;options=0x8015;name=issue121-50160-19
2026-09-14T17:36:35.715Z,52716,enumerated_context,0000000000000A9A,0,0.000,405,4,405,4,owner=00000000004913DC;isWindow=0;ownerPid=0;get=1;device=0;options=0x8015;name=issue121-50160-18
2026-09-14T17:36:35.723Z,52716,enumerated_context,0000000000000A99,0,0.000,405,4,405,4,owner=00000000004913DC;isWindow=0;ownerPid=0;get=1;device=0;options=0x8015;name=issue121-50160-17
2026-09-14T17:36:35.732Z,52716,enumerated_context,0000000000000A98,0,0.000,405,4,405,4,owner=00000000004913DC;isWindow=0;ownerPid=0;get=1;device=0;options=0x8015;name=issue121-50160-16
2026-09-14T17:36:35.739Z,52716,enumerated_context,0000000000000A97,0,0.000,405,4,405,4,owner=00000000004913DC;isWindow=0;ownerPid=0;get=1;device=0;options=0x8015;name=issue121-50160-15
2026-09-14T17:36:35.747Z,52716,enumerated_context,0000000000000A96,0,0.000,405,4,405,4,owner=00000000004913DC;isWindow=0;ownerPid=0;get=1;device=0;options=0x8015;name=issue121-50160-14
2026-09-14T17:36:35.756Z,52716,enumerated_context,0000000000000A95,0,0.000,405,4,405,4,owner=00000000004913DC;isWindow=0;ownerPid=0;get=1;device=0;options=0x8015;name=issue121-50160-13
2026-09-14T17:36:35.764Z,52716,enumerated_context,0000000000000A94,0,0.000,405,4,405,4,owner=00000000004913DC;isWindow=0;ownerPid=0;get=1;device=0;options=0x8015;name=issue121-50160-12
2026-09-14T17:36:35.772Z,52716,enumerated_context,0000000000000A93,0,0.000,405,4,405,4,owner=00000000004913DC;isWindow=0;ownerPid=0;get=1;device=0;options=0x8015;name=issue121-50160-11
2026-09-14T17:36:35.780Z,52716,enumerated_context,0000000000000A92,0,0.000,405,4,405,4,owner=00000000004913DC;isWindow=0;ownerPid=0;get=1;device=0;options=0x8015;name=issue121-50160-10
2026-09-14T17:36:35.788Z,52716,enumerated_context,0000000000000A91,0,0.000,405,4,405,4,owner=00000000004913DC;isWindow=0;ownerPid=0;get=1;device=0;options=0x8015;name=issue121-50160-9
2026-09-14T17:36:35.797Z,52716,enumerated_context,0000000000000A90,0,0.000,405,4,405,4,owner=00000000004913DC;isWindow=0;ownerPid=0;get=1;device=0;options=0x8015;name=issue121-50160-8
2026-09-14T17:36:35.805Z,52716,enumerated_context,0000000000000A8F,0,0.000,405,4,405,4,owner=00000000004913DC;isWindow=0;ownerPid=0;get=1;device=0;options=0x8015;name=issue121-50160-7
2026-09-14T17:36:35.814Z,52716,enumerated_context,0000000000000A8E,0,0.000,405,4,405,4,owner=00000000004913DC;isWindow=0;ownerPid=0;get=1;device=0;options=0x8015;name=issue121-50160-6
2026-09-14T17:36:35.822Z,52716,enumerated_context,0000000000000A8D,0,0.000,405,4,405,4,owner=00000000004913DC;isWindow=0;ownerPid=0;get=1;device=0;options=0x8015;name=issue121-50160-5
2026-09-14T17:36:35.830Z,52716,enumerated_context,0000000000000A8C,0,0.000,405,4,405,4,owner=00000000004913DC;isWindow=0;ownerPid=0;get=1;device=0;options=0x8015;name=issue121-50160-4
2026-09-14T17:36:35.838Z,52716,enumerated_context,0000000000000A8B,0,0.000,405,4,405,4,owner=00000000004913DC;isWindow=0;ownerPid=0;get=1;device=0;options=0x8015;name=issue121-50160-3
2026-09-14T17:36:35.847Z,52716,enumerated_context,0000000000000A8A,0,0.000,405,4,405,4,owner=00000000004913DC;isWindow=0;ownerPid=0;get=1;device=0;options=0x8015;name=issue121-50160-2
2026-09-14T17:36:35.855Z,52716,enumerated_context,0000000000000A89,0,0.000,405,4,405,4,owner=00000000004913DC;isWindow=0;ownerPid=0;get=1;device=0;options=0x8015;name=issue121-50160-1
2026-09-14T17:36:35.864Z,52716,enumerated_context,0000000000000A88,0,0.000,405,4,405,4,owner=00000000004913DC;isWindow=0;ownerPid=0;get=1;device=0;options=0x8015;name=issue121-50160-0
2026-09-14T17:36:35.872Z,52716,enumerated_context,0000000000000A87,0,0.000,405,4,405,4,owner=00000000004813DC;isWindow=0;ownerPid=0;get=1;device=0;options=0x8015;name=issue121-44524-66
2026-09-14T17:36:35.882Z,52716,enumerated_context,0000000000000A86,0,0.000,405,4,405,4,owner=00000000004813DC;isWindow=0;ownerPid=0;get=1;device=0;options=0x8015;name=issue121-44524-65
2026-09-14T17:36:35.890Z,52716,enumerated_context,0000000000000A85,0,0.000,405,4,405,4,owner=00000000004813DC;isWindow=0;ownerPid=0;get=1;device=0;options=0x8015;name=issue121-44524-64
2026-09-14T17:36:35.899Z,52716,enumerated_context,0000000000000A84,0,0.000,405,4,405,4,owner=00000000004813DC;isWindow=0;ownerPid=0;get=1;device=0;options=0x8015;name=issue121-44524-63
2026-09-14T17:36:35.908Z,52716,enumerated_context,0000000000000A83,0,0.000,405,4,405,4,owner=00000000004813DC;isWindow=0;ownerPid=0;get=1;device=0;options=0x8015;name=issue121-44524-62
2026-09-14T17:36:35.917Z,52716,enumerated_context,0000000000000A82,0,0.000,405,4,405,4,owner=00000000004813DC;isWindow=0;ownerPid=0;get=1;device=0;options=0x8015;name=issue121-44524-61
2026-09-14T17:36:35.926Z,52716,enumerated_context,0000000000000A81,0,0.000,405,4,405,4,owner=00000000004813DC;isWindow=0;ownerPid=0;get=1;device=0;options=0x8015;name=issue121-44524-60
2026-09-14T17:36:35.934Z,52716,enumerated_context,0000000000000A80,0,0.000,405,4,405,4,owner=00000000004813DC;isWindow=0;ownerPid=0;get=1;device=0;options=0x8015;name=issue121-44524-59
2026-09-14T17:36:35.944Z,52716,enumerated_context,0000000000000A7F,0,0.000,405,4,405,4,owner=00000000004813DC;isWindow=0;ownerPid=0;get=1;device=0;options=0x8015;name=issue121-44524-58
2026-09-14T17:36:35.953Z,52716,enumerated_context,0000000000000A7E,0,0.000,405,4,405,4,owner=00000000004813DC;isWindow=0;ownerPid=0;get=1;device=0;options=0x8015;name=issue121-44524-57
2026-09-14T17:36:35.960Z,52716,enumerated_context,0000000000000A7D,0,0.000,405,4,405,4,owner=00000000004813DC;isWindow=0;ownerPid=0;get=1;device=0;options=0x8015;name=issue121-44524-56
2026-09-14T17:36:35.968Z,52716,enumerated_context,0000000000000A7C,0,0.000,405,4,405,4,owner=00000000004813DC;isWindow=0;ownerPid=0;get=1;device=0;options=0x8015;name=issue121-44524-55
2026-09-14T17:36:35.975Z,52716,enumerated_context,0000000000000A7B,0,0.000,405,4,405,4,owner=00000000004813DC;isWindow=0;ownerPid=0;get=1;device=0;options=0x8015;name=issue121-44524-54
2026-09-14T17:36:35.982Z,52716,enumerated_context,0000000000000A7A,0,0.000,405,4,405,4,owner=00000000004813DC;isWindow=0;ownerPid=0;get=1;device=0;options=0x8015;name=issue121-44524-53
2026-09-14T17:36:35.989Z,52716,enumerated_context,0000000000000A79,0,0.000,405,4,405,4,owner=00000000004813DC;isWindow=0;ownerPid=0;get=1;device=0;options=0x8015;name=issue121-44524-52
2026-09-14T17:36:35.996Z,52716,enumerated_context,0000000000000A78,0,0.000,405,4,405,4,owner=00000000004813DC;isWindow=0;ownerPid=0;get=1;device=0;options=0x8015;name=issue121-44524-51
2026-09-14T17:36:36.002Z,52716,enumerated_context,0000000000000A77,0,0.000,405,4,405,4,owner=00000000004813DC;isWindow=0;ownerPid=0;get=1;device=0;options=0x8015;name=issue121-44524-50
2026-09-14T17:36:36.008Z,52716,enumerated_context,0000000000000A76,0,0.000,405,4,405,4,owner=00000000004813DC;isWindow=0;ownerPid=0;get=1;device=0;options=0x8015;name=issue121-44524-49
2026-09-14T17:36:36.019Z,52716,enumerated_context,0000000000000A75,0,0.000,405,4,405,4,owner=00000000004813DC;isWindow=0;ownerPid=0;get=1;device=0;options=0x8015;name=issue121-44524-48
2026-09-14T17:36:36.029Z,52716,enumerated_context,0000000000000A74,0,0.000,405,4,405,4,owner=00000000004813DC;isWindow=0;ownerPid=0;get=1;device=0;options=0x8015;name=issue121-44524-47
2026-09-14T17:36:36.039Z,52716,enumerated_context,0000000000000A73,0,0.000,405,4,405,4,owner=00000000004813DC;isWindow=0;ownerPid=0;get=1;device=0;options=0x8015;name=issue121-44524-46
2026-09-14T17:36:36.049Z,52716,enumerated_context,0000000000000A72,0,0.000,405,4,405,4,owner=00000000004813DC;isWindow=0;ownerPid=0;get=1;device=0;options=0x8015;name=issue121-44524-45
2026-09-14T17:36:36.059Z,52716,enumerated_context,0000000000000A71,0,0.000,405,4,405,4,owner=00000000004813DC;isWindow=0;ownerPid=0;get=1;device=0;options=0x8015;name=issue121-44524-44
2026-09-14T17:36:36.071Z,52716,enumerated_context,0000000000000A70,0,0.000,405,4,405,4,owner=00000000004813DC;isWindow=0;ownerPid=0;get=1;device=0;options=0x8015;name=issue121-44524-43
2026-09-14T17:36:36.080Z,52716,enumerated_context,0000000000000A6F,0,0.000,405,4,405,4,owner=00000000004813DC;isWindow=0;ownerPid=0;get=1;device=0;options=0x8015;name=issue121-44524-42
2026-09-14T17:36:36.090Z,52716,enumerated_context,0000000000000A6E,0,0.000,405,4,405,4,owner=00000000004813DC;isWindow=0;ownerPid=0;get=1;device=0;options=0x8015;name=issue121-44524-41
2026-09-14T17:36:36.098Z,52716,enumerated_context,0000000000000A6D,0,0.000,405,4,405,4,owner=00000000004813DC;isWindow=0;ownerPid=0;get=1;device=0;options=0x8015;name=issue121-44524-40
2026-09-14T17:36:36.105Z,52716,enumerated_context,0000000000000A6C,0,0.000,405,4,405,4,owner=00000000004813DC;isWindow=0;ownerPid=0;get=1;device=0;options=0x8015;name=issue121-44524-39
2026-09-14T17:36:36.115Z,52716,enumerated_context,0000000000000A6B,0,0.000,405,4,405,4,owner=00000000004813DC;isWindow=0;ownerPid=0;get=1;device=0;options=0x8015;name=issue121-44524-38
2026-09-14T17:36:36.123Z,52716,enumerated_context,0000000000000A6A,0,0.000,405,4,405,4,owner=00000000004813DC;isWindow=0;ownerPid=0;get=1;device=0;options=0x8015;name=issue121-44524-37
2026-09-14T17:36:36.132Z,52716,enumerated_context,0000000000000A69,0,0.000,405,4,405,4,owner=00000000004813DC;isWindow=0;ownerPid=0;get=1;device=0;options=0x8015;name=issue121-44524-36
2026-09-14T17:36:36.141Z,52716,enumerated_context,0000000000000A68,0,0.000,405,4,405,4,owner=00000000004813DC;isWindow=0;ownerPid=0;get=1;device=0;options=0x8015;name=issue121-44524-35
2026-09-14T17:36:36.148Z,52716,enumerated_context,0000000000000A67,0,0.000,405,4,405,4,owner=00000000004813DC;isWindow=0;ownerPid=0;get=1;device=0;options=0x8015;name=issue121-44524-34
2026-09-14T17:36:36.158Z,52716,enumerated_context,0000000000000A66,0,0.000,405,4,405,4,owner=00000000004813DC;isWindow=0;ownerPid=0;get=1;device=0;options=0x8015;name=issue121-44524-33
2026-09-14T17:36:36.164Z,52716,enumerated_context,0000000000000A65,0,0.000,405,4,405,4,owner=00000000004813DC;isWindow=0;ownerPid=0;get=1;device=0;options=0x8015;name=issue121-44524-32
2026-09-14T17:36:36.170Z,52716,enumerated_context,0000000000000A64,0,0.000,405,4,405,4,owner=00000000004813DC;isWindow=0;ownerPid=0;get=1;device=0;options=0x8015;name=issue121-44524-31
2026-09-14T17:36:36.179Z,52716,enumerated_context,0000000000000A63,0,0.000,405,4,405,4,owner=00000000004813DC;isWindow=0;ownerPid=0;get=1;device=0;options=0x8015;name=issue121-44524-30
2026-09-14T17:36:36.187Z,52716,enumerated_context,0000000000000A62,0,0.000,405,4,405,4,owner=00000000004813DC;isWindow=0;ownerPid=0;get=1;device=0;options=0x8015;name=issue121-44524-29
2026-09-14T17:36:36.196Z,52716,enumerated_context,0000000000000A61,0,0.000,405,4,405,4,owner=00000000004813DC;isWindow=0;ownerPid=0;get=1;device=0;options=0x8015;name=issue121-44524-28
2026-09-14T17:36:36.204Z,52716,enumerated_context,0000000000000A60,0,0.000,405,4,405,4,owner=00000000004813DC;isWindow=0;ownerPid=0;get=1;device=0;options=0x8015;name=issue121-44524-27
2026-09-14T17:36:36.210Z,52716,enumerated_context,0000000000000A5F,0,0.000,405,4,405,4,owner=00000000004813DC;isWindow=0;ownerPid=0;get=1;device=0;options=0x8015;name=issue121-44524-26
2026-09-14T17:36:36.218Z,52716,enumerated_context,0000000000000A5E,0,0.000,405,4,405,4,owner=00000000004813DC;isWindow=0;ownerPid=0;get=1;device=0;options=0x8015;name=issue121-44524-25
2026-09-14T17:36:36.227Z,52716,enumerated_context,0000000000000A5D,0,0.000,405,4,405,4,owner=00000000004813DC;isWindow=0;ownerPid=0;get=1;device=0;options=0x8015;name=issue121-44524-24
2026-09-14T17:36:36.234Z,52716,enumerated_context,0000000000000A5C,0,0.000,405,4,405,4,owner=00000000004813DC;isWindow=0;ownerPid=0;get=1;device=0;options=0x8015;name=issue121-44524-23
2026-09-14T17:36:36.242Z,52716,enumerated_context,0000000000000A5B,0,0.000,405,4,405,4,owner=00000000004813DC;isWindow=0;ownerPid=0;get=1;device=0;options=0x8015;name=issue121-44524-22
2026-09-14T17:36:36.251Z,52716,enumerated_context,0000000000000A5A,0,0.000,405,4,405,4,owner=00000000004813DC;isWindow=0;ownerPid=0;get=1;device=0;options=0x8015;name=issue121-44524-21
2026-09-14T17:36:36.258Z,52716,enumerated_context,0000000000000A59,0,0.000,405,4,405,4,owner=00000000004813DC;isWindow=0;ownerPid=0;get=1;device=0;options=0x8015;name=issue121-44524-20
2026-09-14T17:36:36.267Z,52716,enumerated_context,0000000000000A58,0,0.000,405,4,405,4,owner=00000000004813DC;isWindow=0;ownerPid=0;get=1;device=0;options=0x8015;name=issue121-44524-19
2026-09-14T17:36:36.276Z,52716,enumerated_context,0000000000000A57,0,0.000,405,4,405,4,owner=00000000004813DC;isWindow=0;ownerPid=0;get=1;device=0;options=0x8015;name=issue121-44524-18
2026-09-14T17:36:36.285Z,52716,enumerated_context,0000000000000A56,0,0.000,405,4,405,4,owner=00000000004813DC;isWindow=0;ownerPid=0;get=1;device=0;options=0x8015;name=issue121-44524-17
2026-09-14T17:36:36.294Z,52716,enumerated_context,0000000000000A55,0,0.000,405,4,405,4,owner=00000000004813DC;isWindow=0;ownerPid=0;get=1;device=0;options=0x8015;name=issue121-44524-16
2026-09-14T17:36:36.302Z,52716,enumerated_context,0000000000000A54,0,0.000,405,4,405,4,owner=00000000004813DC;isWindow=0;ownerPid=0;get=1;device=0;options=0x8015;name=issue121-44524-15
2026-09-14T17:36:36.311Z,52716,enumerated_context,0000000000000A53,0,0.000,405,4,405,4,owner=00000000004813DC;isWindow=0;ownerPid=0;get=1;device=0;options=0x8015;name=issue121-44524-14
2026-09-14T17:36:36.319Z,52716,enumerated_context,0000000000000A52,0,0.000,405,4,405,4,owner=00000000004813DC;isWindow=0;ownerPid=0;get=1;device=0;options=0x8015;name=issue121-44524-13
2026-09-14T17:36:36.327Z,52716,enumerated_context,0000000000000A51,0,0.000,405,4,405,4,owner=00000000004813DC;isWindow=0;ownerPid=0;get=1;device=0;options=0x8015;name=issue121-44524-12
2026-09-14T17:36:36.336Z,52716,enumerated_context,0000000000000A50,0,0.000,405,4,405,4,owner=00000000004813DC;isWindow=0;ownerPid=0;get=1;device=0;options=0x8015;name=issue121-44524-11
2026-09-14T17:36:36.345Z,52716,enumerated_context,0000000000000A4F,0,0.000,405,4,405,4,owner=00000000004813DC;isWindow=0;ownerPid=0;get=1;device=0;options=0x8015;name=issue121-44524-10
2026-09-14T17:36:36.353Z,52716,enumerated_context,0000000000000A4E,0,0.000,405,4,405,4,owner=00000000004813DC;isWindow=0;ownerPid=0;get=1;device=0;options=0x8015;name=issue121-44524-9
2026-09-14T17:36:36.362Z,52716,enumerated_context,0000000000000A4D,0,0.000,405,4,405,4,owner=00000000004813DC;isWindow=0;ownerPid=0;get=1;device=0;options=0x8015;name=issue121-44524-8
2026-09-14T17:36:36.369Z,52716,enumerated_context,0000000000000A4C,0,0.000,405,4,405,4,owner=00000000004813DC;isWindow=0;ownerPid=0;get=1;device=0;options=0x8015;name=issue121-44524-7
2026-09-14T17:36:36.378Z,52716,enumerated_context,0000000000000A4B,0,0.000,405,4,405,4,owner=00000000004813DC;isWindow=0;ownerPid=0;get=1;device=0;options=0x8015;name=issue121-44524-6
2026-09-14T17:36:36.386Z,52716,enumerated_context,0000000000000A4A,0,0.000,405,4,405,4,owner=00000000004813DC;isWindow=0;ownerPid=0;get=1;device=0;options=0x8015;name=issue121-44524-5
2026-09-14T17:36:36.393Z,52716,enumerated_context,0000000000000A49,0,0.000,405,4,405,4,owner=00000000004813DC;isWindow=0;ownerPid=0;get=1;device=0;options=0x8015;name=issue121-44524-4
2026-09-14T17:36:36.402Z,52716,enumerated_context,0000000000000A48,0,0.000,405,4,405,4,owner=00000000004813DC;isWindow=0;ownerPid=0;get=1;device=0;options=0x8015;name=issue121-44524-3
2026-09-14T17:36:36.410Z,52716,enumerated_context,0000000000000A47,0,0.000,405,4,405,4,owner=00000000004813DC;isWindow=0;ownerPid=0;get=1;device=0;options=0x8015;name=issue121-44524-2
2026-09-14T17:36:36.419Z,52716,enumerated_context,0000000000000A46,0,0.000,405,4,405,4,owner=00000000004813DC;isWindow=0;ownerPid=0;get=1;device=0;options=0x8015;name=issue121-44524-1
2026-09-14T17:36:36.427Z,52716,enumerated_context,0000000000000A45,0,0.000,405,4,405,4,owner=00000000004813DC;isWindow=0;ownerPid=0;get=1;device=0;options=0x8015;name=issue121-44524-0
2026-09-14T17:36:36.435Z,52716,enumerated_context,0000000000000A44,0,0.000,405,4,405,4,owner=00000000004713DC;isWindow=0;ownerPid=0;get=1;device=0;options=0x8015;name=issue121-33960-66
2026-09-14T17:36:36.443Z,52716,enumerated_context,0000000000000A43,0,0.000,405,4,405,4,owner=00000000004713DC;isWindow=0;ownerPid=0;get=1;device=0;options=0x8015;name=issue121-33960-65
2026-09-14T17:36:36.452Z,52716,enumerated_context,0000000000000A42,0,0.000,405,4,405,4,owner=00000000004713DC;isWindow=0;ownerPid=0;get=1;device=0;options=0x8015;name=issue121-33960-64
2026-09-14T17:36:36.459Z,52716,enumerated_context,0000000000000A41,0,0.000,405,4,405,4,owner=00000000004713DC;isWindow=0;ownerPid=0;get=1;device=0;options=0x8015;name=issue121-33960-63
2026-09-14T17:36:36.467Z,52716,enumerated_context,0000000000000A40,0,0.000,405,4,405,4,owner=00000000004713DC;isWindow=0;ownerPid=0;get=1;device=0;options=0x8015;name=issue121-33960-62
2026-09-14T17:36:36.475Z,52716,enumerated_context,0000000000000A3F,0,0.000,405,4,405,4,owner=00000000004713DC;isWindow=0;ownerPid=0;get=1;device=0;options=0x8015;name=issue121-33960-61
2026-09-14T17:36:36.484Z,52716,enumerated_context,0000000000000A3E,0,0.000,405,4,405,4,owner=00000000004713DC;isWindow=0;ownerPid=0;get=1;device=0;options=0x8015;name=issue121-33960-60
2026-09-14T17:36:36.492Z,52716,enumerated_context,0000000000000A3D,0,0.000,405,4,405,4,owner=00000000004713DC;isWindow=0;ownerPid=0;get=1;device=0;options=0x8015;name=issue121-33960-59
2026-09-14T17:36:36.500Z,52716,enumerated_context,0000000000000A3C,0,0.000,405,4,405,4,owner=00000000004713DC;isWindow=0;ownerPid=0;get=1;device=0;options=0x8015;name=issue121-33960-58
2026-09-14T17:36:36.508Z,52716,enumerated_context,0000000000000A3B,0,0.000,405,4,405,4,owner=00000000004713DC;isWindow=0;ownerPid=0;get=1;device=0;options=0x8015;name=issue121-33960-57
2026-09-14T17:36:36.516Z,52716,enumerated_context,0000000000000A3A,0,0.000,405,4,405,4,owner=00000000004713DC;isWindow=0;ownerPid=0;get=1;device=0;options=0x8015;name=issue121-33960-56
2026-09-14T17:36:36.524Z,52716,enumerated_context,0000000000000A39,0,0.000,405,4,405,4,owner=00000000004713DC;isWindow=0;ownerPid=0;get=1;device=0;options=0x8015;name=issue121-33960-55
2026-09-14T17:36:36.532Z,52716,enumerated_context,0000000000000A38,0,0.000,405,4,405,4,owner=00000000004713DC;isWindow=0;ownerPid=0;get=1;device=0;options=0x8015;name=issue121-33960-54
2026-09-14T17:36:36.540Z,52716,enumerated_context,0000000000000A37,0,0.000,405,4,405,4,owner=00000000004713DC;isWindow=0;ownerPid=0;get=1;device=0;options=0x8015;name=issue121-33960-53
2026-09-14T17:36:36.549Z,52716,enumerated_context,0000000000000A36,0,0.000,405,4,405,4,owner=00000000004713DC;isWindow=0;ownerPid=0;get=1;device=0;options=0x8015;name=issue121-33960-52
2026-09-14T17:36:36.556Z,52716,enumerated_context,0000000000000A35,0,0.000,405,4,405,4,owner=00000000004713DC;isWindow=0;ownerPid=0;get=1;device=0;options=0x8015;name=issue121-33960-51
2026-09-14T17:36:36.565Z,52716,enumerated_context,0000000000000A34,0,0.000,405,4,405,4,owner=00000000004713DC;isWindow=0;ownerPid=0;get=1;device=0;options=0x8015;name=issue121-33960-50
2026-09-14T17:36:36.574Z,52716,enumerated_context,0000000000000A33,0,0.000,405,4,405,4,owner=00000000004713DC;isWindow=0;ownerPid=0;get=1;device=0;options=0x8015;name=issue121-33960-49
2026-09-14T17:36:36.582Z,52716,enumerated_context,0000000000000A32,0,0.000,405,4,405,4,owner=00000000004713DC;isWindow=0;ownerPid=0;get=1;device=0;options=0x8015;name=issue121-33960-48
2026-09-14T17:36:36.590Z,52716,enumerated_context,0000000000000A31,0,0.000,405,4,405,4,owner=00000000004713DC;isWindow=0;ownerPid=0;get=1;device=0;options=0x8015;name=issue121-33960-47
2026-09-14T17:36:36.598Z,52716,enumerated_context,0000000000000A30,0,0.000,405,4,405,4,owner=00000000004713DC;isWindow=0;ownerPid=0;get=1;device=0;options=0x8015;name=issue121-33960-46
2026-09-14T17:36:36.606Z,52716,enumerated_context,0000000000000A2F,0,0.000,405,4,405,4,owner=00000000004713DC;isWindow=0;ownerPid=0;get=1;device=0;options=0x8015;name=issue121-33960-45
2026-09-14T17:36:36.613Z,52716,enumerated_context,0000000000000A2E,0,0.000,405,4,405,4,owner=00000000004713DC;isWindow=0;ownerPid=0;get=1;device=0;options=0x8015;name=issue121-33960-44
2026-09-14T17:36:36.621Z,52716,enumerated_context,0000000000000A2D,0,0.000,405,4,405,4,owner=00000000004713DC;isWindow=0;ownerPid=0;get=1;device=0;options=0x8015;name=issue121-33960-43
2026-09-14T17:36:36.630Z,52716,enumerated_context,0000000000000A2C,0,0.000,405,4,405,4,owner=00000000004713DC;isWindow=0;ownerPid=0;get=1;device=0;options=0x8015;name=issue121-33960-42
2026-09-14T17:36:36.638Z,52716,enumerated_context,0000000000000A2B,0,0.000,405,4,405,4,owner=00000000004713DC;isWindow=0;ownerPid=0;get=1;device=0;options=0x8015;name=issue121-33960-41
2026-09-14T17:36:36.645Z,52716,enumerated_context,0000000000000A2A,0,0.000,405,4,405,4,owner=00000000004713DC;isWindow=0;ownerPid=0;get=1;device=0;options=0x8015;name=issue121-33960-40
2026-09-14T17:36:36.654Z,52716,enumerated_context,0000000000000A29,0,0.000,405,4,405,4,owner=00000000004713DC;isWindow=0;ownerPid=0;get=1;device=0;options=0x8015;name=issue121-33960-39
2026-09-14T17:36:36.662Z,52716,enumerated_context,0000000000000A28,0,0.000,405,4,405,4,owner=00000000004713DC;isWindow=0;ownerPid=0;get=1;device=0;options=0x8015;name=issue121-33960-38
2026-09-14T17:36:36.671Z,52716,enumerated_context,0000000000000A27,0,0.000,405,4,405,4,owner=00000000004713DC;isWindow=0;ownerPid=0;get=1;device=0;options=0x8015;name=issue121-33960-37
2026-09-14T17:36:36.678Z,52716,enumerated_context,0000000000000A26,0,0.000,405,4,405,4,owner=00000000004713DC;isWindow=0;ownerPid=0;get=1;device=0;options=0x8015;name=issue121-33960-36
2026-09-14T17:36:36.687Z,52716,enumerated_context,0000000000000A25,0,0.000,405,4,405,4,owner=00000000004713DC;isWindow=0;ownerPid=0;get=1;device=0;options=0x8015;name=issue121-33960-35
2026-09-14T17:36:36.695Z,52716,enumerated_context,0000000000000A24,0,0.000,405,4,405,4,owner=00000000004713DC;isWindow=0;ownerPid=0;get=1;device=0;options=0x8015;name=issue121-33960-34
2026-09-14T17:36:36.703Z,52716,enumerated_context,0000000000000A23,0,0.000,405,4,405,4,owner=00000000004713DC;isWindow=0;ownerPid=0;get=1;device=0;options=0x8015;name=issue121-33960-33
2026-09-14T17:36:36.710Z,52716,enumerated_context,0000000000000A22,0,0.000,405,4,405,4,owner=00000000004713DC;isWindow=0;ownerPid=0;get=1;device=0;options=0x8015;name=issue121-33960-32
2026-09-14T17:36:36.719Z,52716,enumerated_context,0000000000000A21,0,0.000,405,4,405,4,owner=00000000004713DC;isWindow=0;ownerPid=0;get=1;device=0;options=0x8015;name=issue121-33960-31
2026-09-14T17:36:36.726Z,52716,enumerated_context,0000000000000A20,0,0.000,405,4,405,4,owner=00000000004713DC;isWindow=0;ownerPid=0;get=1;device=0;options=0x8015;name=issue121-33960-30
2026-09-14T17:36:36.735Z,52716,enumerated_context,0000000000000A1F,0,0.000,405,4,405,4,owner=00000000004713DC;isWindow=0;ownerPid=0;get=1;device=0;options=0x8015;name=issue121-33960-29
2026-09-14T17:36:36.743Z,52716,enumerated_context,0000000000000A1E,0,0.000,405,4,405,4,owner=00000000004713DC;isWindow=0;ownerPid=0;get=1;device=0;options=0x8015;name=issue121-33960-28
2026-09-14T17:36:36.751Z,52716,enumerated_context,0000000000000A1D,0,0.000,405,4,405,4,owner=00000000004713DC;isWindow=0;ownerPid=0;get=1;device=0;options=0x8015;name=issue121-33960-27
2026-09-14T17:36:36.758Z,52716,enumerated_context,0000000000000A1C,0,0.000,405,4,405,4,owner=00000000004713DC;isWindow=0;ownerPid=0;get=1;device=0;options=0x8015;name=issue121-33960-26
2026-09-14T17:36:36.766Z,52716,enumerated_context,0000000000000A1B,0,0.000,405,4,405,4,owner=00000000004713DC;isWindow=0;ownerPid=0;get=1;device=0;options=0x8015;name=issue121-33960-25
2026-09-14T17:36:36.775Z,52716,enumerated_context,0000000000000A1A,0,0.000,405,4,405,4,owner=00000000004713DC;isWindow=0;ownerPid=0;get=1;device=0;options=0x8015;name=issue121-33960-24
2026-09-14T17:36:36.784Z,52716,enumerated_context,0000000000000A19,0,0.000,405,4,405,4,owner=00000000004713DC;isWindow=0;ownerPid=0;get=1;device=0;options=0x8015;name=issue121-33960-23
2026-09-14T17:36:36.791Z,52716,enumerated_context,0000000000000A18,0,0.000,405,4,405,4,owner=00000000004713DC;isWindow=0;ownerPid=0;get=1;device=0;options=0x8015;name=issue121-33960-22
2026-09-14T17:36:36.799Z,52716,enumerated_context,0000000000000A17,0,0.000,405,4,405,4,owner=00000000004713DC;isWindow=0;ownerPid=0;get=1;device=0;options=0x8015;name=issue121-33960-21
2026-09-14T17:36:36.808Z,52716,enumerated_context,0000000000000A16,0,0.000,405,4,405,4,owner=00000000004713DC;isWindow=0;ownerPid=0;get=1;device=0;options=0x8015;name=issue121-33960-20
2026-09-14T17:36:36.815Z,52716,enumerated_context,0000000000000A15,0,0.000,405,4,405,4,owner=00000000004713DC;isWindow=0;ownerPid=0;get=1;device=0;options=0x8015;name=issue121-33960-19
2026-09-14T17:36:36.823Z,52716,enumerated_context,0000000000000A14,0,0.000,405,4,405,4,owner=00000000004713DC;isWindow=0;ownerPid=0;get=1;device=0;options=0x8015;name=issue121-33960-18
2026-09-14T17:36:36.832Z,52716,enumerated_context,0000000000000A13,0,0.000,405,4,405,4,owner=00000000004713DC;isWindow=0;ownerPid=0;get=1;device=0;options=0x8015;name=issue121-33960-17
2026-09-14T17:36:36.840Z,52716,enumerated_context,0000000000000A12,0,0.000,405,4,405,4,owner=00000000004713DC;isWindow=0;ownerPid=0;get=1;device=0;options=0x8015;name=issue121-33960-16
2026-09-14T17:36:36.847Z,52716,enumerated_context,0000000000000A11,0,0.000,405,4,405,4,owner=00000000004713DC;isWindow=0;ownerPid=0;get=1;device=0;options=0x8015;name=issue121-33960-15
2026-09-14T17:36:36.856Z,52716,enumerated_context,0000000000000A10,0,0.000,405,4,405,4,owner=00000000004713DC;isWindow=0;ownerPid=0;get=1;device=0;options=0x8015;name=issue121-33960-14
2026-09-14T17:36:36.863Z,52716,enumerated_context,0000000000000A0F,0,0.000,405,4,405,4,owner=00000000004713DC;isWindow=0;ownerPid=0;get=1;device=0;options=0x8015;name=issue121-33960-13
2026-09-14T17:36:36.872Z,52716,enumerated_context,0000000000000A0E,0,0.000,405,4,405,4,owner=00000000004713DC;isWindow=0;ownerPid=0;get=1;device=0;options=0x8015;name=issue121-33960-12
2026-09-14T17:36:36.881Z,52716,enumerated_context,0000000000000A0D,0,0.000,405,4,405,4,owner=00000000004713DC;isWindow=0;ownerPid=0;get=1;device=0;options=0x8015;name=issue121-33960-11
2026-09-14T17:36:36.890Z,52716,enumerated_context,0000000000000A0C,0,0.000,405,4,405,4,owner=00000000004713DC;isWindow=0;ownerPid=0;get=1;device=0;options=0x8015;name=issue121-33960-10
2026-09-14T17:36:36.897Z,52716,enumerated_context,0000000000000A0B,0,0.000,405,4,405,4,owner=00000000004713DC;isWindow=0;ownerPid=0;get=1;device=0;options=0x8015;name=issue121-33960-9
2026-09-14T17:36:36.905Z,52716,enumerated_context,0000000000000A0A,0,0.000,405,4,405,4,owner=00000000004713DC;isWindow=0;ownerPid=0;get=1;device=0;options=0x8015;name=issue121-33960-8
2026-09-14T17:36:36.913Z,52716,enumerated_context,0000000000000A09,0,0.000,405,4,405,4,owner=00000000004713DC;isWindow=0;ownerPid=0;get=1;device=0;options=0x8015;name=issue121-33960-7
2026-09-14T17:36:36.923Z,52716,enumerated_context,0000000000000A08,0,0.000,405,4,405,4,owner=00000000004713DC;isWindow=0;ownerPid=0;get=1;device=0;options=0x8015;name=issue121-33960-6
2026-09-14T17:36:36.932Z,52716,enumerated_context,0000000000000A07,0,0.000,405,4,405,4,owner=00000000004713DC;isWindow=0;ownerPid=0;get=1;device=0;options=0x8015;name=issue121-33960-5
2026-09-14T17:36:36.940Z,52716,enumerated_context,0000000000000A06,0,0.000,405,4,405,4,owner=00000000004713DC;isWindow=0;ownerPid=0;get=1;device=0;options=0x8015;name=issue121-33960-4
2026-09-14T17:36:36.948Z,52716,enumerated_context,0000000000000A05,0,0.000,405,4,405,4,owner=00000000004713DC;isWindow=0;ownerPid=0;get=1;device=0;options=0x8015;name=issue121-33960-3
2026-09-14T17:36:36.955Z,52716,enumerated_context,0000000000000A04,0,0.000,405,4,405,4,owner=00000000004713DC;isWindow=0;ownerPid=0;get=1;device=0;options=0x8015;name=issue121-33960-2
2026-09-14T17:36:36.965Z,52716,enumerated_context,0000000000000A03,0,0.000,405,4,405,4,owner=00000000004713DC;isWindow=0;ownerPid=0;get=1;device=0;options=0x8015;name=issue121-33960-1
2026-09-14T17:36:36.972Z,52716,enumerated_context,0000000000000A02,0,0.000,405,4,405,4,owner=00000000004713DC;isWindow=0;ownerPid=0;get=1;device=0;options=0x8015;name=issue121-33960-0
2026-09-14T17:36:36.980Z,52716,enumerated_context,0000000000000801,0,0.000,405,4,405,4,owner=0000000000000000;isWindow=0;ownerPid=0;get=1;device=0;options=0x8011;name=
2026-09-14T17:36:36.989Z,52716,enumerated_context,00000000000012CA,0,0.000,405,4,405,4,owner=00000000004913DC;isWindow=0;ownerPid=0;get=1;device=1;options=0x8015;name=issue121-50160-66
2026-09-14T17:36:36.997Z,52716,enumerated_context,00000000000012C9,0,0.000,405,4,405,4,owner=00000000004913DC;isWindow=0;ownerPid=0;get=1;device=1;options=0x8015;name=issue121-50160-65
2026-09-14T17:36:37.005Z,52716,enumerated_context,00000000000012C8,0,0.000,405,4,405,4,owner=00000000004913DC;isWindow=0;ownerPid=0;get=1;device=1;options=0x8015;name=issue121-50160-64
2026-09-14T17:36:37.014Z,52716,enumerated_context,00000000000012C7,0,0.000,405,4,405,4,owner=00000000004913DC;isWindow=0;ownerPid=0;get=1;device=1;options=0x8015;name=issue121-50160-63
2026-09-14T17:36:37.021Z,52716,enumerated_context,00000000000012C6,0,0.000,405,4,405,4,owner=00000000004913DC;isWindow=0;ownerPid=0;get=1;device=1;options=0x8015;name=issue121-50160-62
2026-09-14T17:36:37.029Z,52716,enumerated_context,00000000000012C5,0,0.000,405,4,405,4,owner=00000000004913DC;isWindow=0;ownerPid=0;get=1;device=1;options=0x8015;name=issue121-50160-61
2026-09-14T17:36:37.038Z,52716,enumerated_context,00000000000012C4,0,0.000,405,4,405,4,owner=00000000004913DC;isWindow=0;ownerPid=0;get=1;device=1;options=0x8015;name=issue121-50160-60
2026-09-14T17:36:37.046Z,52716,enumerated_context,00000000000012C3,0,0.000,405,4,405,4,owner=00000000004913DC;isWindow=0;ownerPid=0;get=1;device=1;options=0x8015;name=issue121-50160-59
2026-09-14T17:36:37.054Z,52716,enumerated_context,00000000000012C2,0,0.000,405,4,405,4,owner=00000000004913DC;isWindow=0;ownerPid=0;get=1;device=1;options=0x8015;name=issue121-50160-58
2026-09-14T17:36:37.061Z,52716,enumerated_context,00000000000012C1,0,0.000,405,4,405,4,owner=00000000004913DC;isWindow=0;ownerPid=0;get=1;device=1;options=0x8015;name=issue121-50160-57
2026-09-14T17:36:37.069Z,52716,enumerated_context,00000000000012C0,0,0.000,405,4,405,4,owner=00000000004913DC;isWindow=0;ownerPid=0;get=1;device=1;options=0x8015;name=issue121-50160-56
2026-09-14T17:36:37.077Z,52716,enumerated_context,00000000000012BF,0,0.000,405,4,405,4,owner=00000000004913DC;isWindow=0;ownerPid=0;get=1;device=1;options=0x8015;name=issue121-50160-55
2026-09-14T17:36:37.086Z,52716,enumerated_context,00000000000012BE,0,0.000,405,4,405,4,owner=00000000004913DC;isWindow=0;ownerPid=0;get=1;device=1;options=0x8015;name=issue121-50160-54
2026-09-14T17:36:37.094Z,52716,enumerated_context,00000000000012BD,0,0.000,405,4,405,4,owner=00000000004913DC;isWindow=0;ownerPid=0;get=1;device=1;options=0x8015;name=issue121-50160-53
2026-09-14T17:36:37.102Z,52716,enumerated_context,00000000000012BC,0,0.000,405,4,405,4,owner=00000000004913DC;isWindow=0;ownerPid=0;get=1;device=1;options=0x8015;name=issue121-50160-52
2026-09-14T17:36:37.109Z,52716,enumerated_context,00000000000012BB,0,0.000,405,4,405,4,owner=00000000004913DC;isWindow=0;ownerPid=0;get=1;device=1;options=0x8015;name=issue121-50160-51
2026-09-14T17:36:37.118Z,52716,enumerated_context,00000000000012BA,0,0.000,405,4,405,4,owner=00000000004913DC;isWindow=0;ownerPid=0;get=1;device=1;options=0x8015;name=issue121-50160-50
2026-09-14T17:36:37.125Z,52716,enumerated_context,00000000000012B9,0,0.000,405,4,405,4,owner=00000000004913DC;isWindow=0;ownerPid=0;get=1;device=1;options=0x8015;name=issue121-50160-49
2026-09-14T17:36:37.133Z,52716,enumerated_context,00000000000012B8,0,0.000,405,4,405,4,owner=00000000004913DC;isWindow=0;ownerPid=0;get=1;device=1;options=0x8015;name=issue121-50160-48
2026-09-14T17:36:37.142Z,52716,enumerated_context,00000000000012B7,0,0.000,405,4,405,4,owner=00000000004913DC;isWindow=0;ownerPid=0;get=1;device=1;options=0x8015;name=issue121-50160-47
2026-09-14T17:36:37.148Z,52716,enumerated_context,00000000000012B6,0,0.000,405,4,405,4,owner=00000000004913DC;isWindow=0;ownerPid=0;get=1;device=1;options=0x8015;name=issue121-50160-46
2026-09-14T17:36:37.157Z,52716,enumerated_context,00000000000012B5,0,0.000,405,4,405,4,owner=00000000004913DC;isWindow=0;ownerPid=0;get=1;device=1;options=0x8015;name=issue121-50160-45
2026-09-14T17:36:37.165Z,52716,enumerated_context,00000000000012B4,0,0.000,405,4,405,4,owner=00000000004913DC;isWindow=0;ownerPid=0;get=1;device=1;options=0x8015;name=issue121-50160-44
2026-09-14T17:36:37.172Z,52716,enumerated_context,00000000000012B3,0,0.000,405,4,405,4,owner=00000000004913DC;isWindow=0;ownerPid=0;get=1;device=1;options=0x8015;name=issue121-50160-43
2026-09-14T17:36:37.180Z,52716,enumerated_context,00000000000012B2,0,0.000,405,4,405,4,owner=00000000004913DC;isWindow=0;ownerPid=0;get=1;device=1;options=0x8015;name=issue121-50160-42
2026-09-14T17:36:37.189Z,52716,enumerated_context,00000000000012B1,0,0.000,405,4,405,4,owner=00000000004913DC;isWindow=0;ownerPid=0;get=1;device=1;options=0x8015;name=issue121-50160-41
2026-09-14T17:36:37.196Z,52716,enumerated_context,00000000000012B0,0,0.000,405,4,405,4,owner=00000000004913DC;isWindow=0;ownerPid=0;get=1;device=1;options=0x8015;name=issue121-50160-40
2026-09-14T17:36:37.205Z,52716,enumerated_context,00000000000012AF,0,0.000,405,4,405,4,owner=00000000004913DC;isWindow=0;ownerPid=0;get=1;device=1;options=0x8015;name=issue121-50160-39
2026-09-14T17:36:37.212Z,52716,enumerated_context,00000000000012AE,0,0.000,405,4,405,4,owner=00000000004913DC;isWindow=0;ownerPid=0;get=1;device=1;options=0x8015;name=issue121-50160-38
2026-09-14T17:36:37.219Z,52716,enumerated_context,00000000000012AD,0,0.000,405,4,405,4,owner=00000000004913DC;isWindow=0;ownerPid=0;get=1;device=1;options=0x8015;name=issue121-50160-37
2026-09-14T17:36:37.229Z,52716,enumerated_context,00000000000012AC,0,0.000,405,4,405,4,owner=00000000004913DC;isWindow=0;ownerPid=0;get=1;device=1;options=0x8015;name=issue121-50160-36
2026-09-14T17:36:37.236Z,52716,enumerated_context,00000000000012AB,0,0.000,405,4,405,4,owner=00000000004913DC;isWindow=0;ownerPid=0;get=1;device=1;options=0x8015;name=issue121-50160-35
2026-09-14T17:36:37.245Z,52716,enumerated_context,00000000000012AA,0,0.000,405,4,405,4,owner=00000000004913DC;isWindow=0;ownerPid=0;get=1;device=1;options=0x8015;name=issue121-50160-34
2026-09-14T17:36:37.253Z,52716,enumerated_context,00000000000012A9,0,0.000,405,4,405,4,owner=00000000004913DC;isWindow=0;ownerPid=0;get=1;device=1;options=0x8015;name=issue121-50160-33
2026-09-14T17:36:37.262Z,52716,enumerated_context,00000000000012A8,0,0.000,405,4,405,4,owner=00000000004913DC;isWindow=0;ownerPid=0;get=1;device=1;options=0x8015;name=issue121-50160-32
2026-09-14T17:36:37.269Z,52716,enumerated_context,00000000000012A7,0,0.000,405,4,405,4,owner=00000000004913DC;isWindow=0;ownerPid=0;get=1;device=1;options=0x8015;name=issue121-50160-31
2026-09-14T17:36:37.279Z,52716,enumerated_context,00000000000012A6,0,0.000,405,4,405,4,owner=00000000004913DC;isWindow=0;ownerPid=0;get=1;device=1;options=0x8015;name=issue121-50160-30
2026-09-14T17:36:37.286Z,52716,enumerated_context,00000000000012A5,0,0.000,405,4,405,4,owner=00000000004913DC;isWindow=0;ownerPid=0;get=1;device=1;options=0x8015;name=issue121-50160-29
2026-09-14T17:36:37.295Z,52716,enumerated_context,00000000000012A4,0,0.000,405,4,405,4,owner=00000000004913DC;isWindow=0;ownerPid=0;get=1;device=1;options=0x8015;name=issue121-50160-28
2026-09-14T17:36:37.303Z,52716,enumerated_context,00000000000012A3,0,0.000,405,4,405,4,owner=00000000004913DC;isWindow=0;ownerPid=0;get=1;device=1;options=0x8015;name=issue121-50160-27
2026-09-14T17:36:37.312Z,52716,enumerated_context,00000000000012A2,0,0.000,405,4,405,4,owner=00000000004913DC;isWindow=0;ownerPid=0;get=1;device=1;options=0x8015;name=issue121-50160-26
2026-09-14T17:36:37.319Z,52716,enumerated_context,00000000000012A1,0,0.000,405,4,405,4,owner=00000000004913DC;isWindow=0;ownerPid=0;get=1;device=1;options=0x8015;name=issue121-50160-25
2026-09-14T17:36:37.327Z,52716,enumerated_context,00000000000012A0,0,0.000,405,4,405,4,owner=00000000004913DC;isWindow=0;ownerPid=0;get=1;device=1;options=0x8015;name=issue121-50160-24
2026-09-14T17:36:37.336Z,52716,enumerated_context,000000000000129F,0,0.000,405,4,405,4,owner=00000000004913DC;isWindow=0;ownerPid=0;get=1;device=1;options=0x8015;name=issue121-50160-23
2026-09-14T17:36:37.345Z,52716,enumerated_context,000000000000129E,0,0.000,405,4,405,4,owner=00000000004913DC;isWindow=0;ownerPid=0;get=1;device=1;options=0x8015;name=issue121-50160-22
2026-09-14T17:36:37.353Z,52716,enumerated_context,000000000000129D,0,0.000,405,4,405,4,owner=00000000004913DC;isWindow=0;ownerPid=0;get=1;device=1;options=0x8015;name=issue121-50160-21
2026-09-14T17:36:37.361Z,52716,enumerated_context,000000000000129C,0,0.000,405,4,405,4,owner=00000000004913DC;isWindow=0;ownerPid=0;get=1;device=1;options=0x8015;name=issue121-50160-20
2026-09-14T17:36:37.368Z,52716,enumerated_context,000000000000129B,0,0.000,405,4,405,4,owner=00000000004913DC;isWindow=0;ownerPid=0;get=1;device=1;options=0x8015;name=issue121-50160-19
2026-09-14T17:36:37.378Z,52716,enumerated_context,000000000000129A,0,0.000,405,4,405,4,owner=00000000004913DC;isWindow=0;ownerPid=0;get=1;device=1;options=0x8015;name=issue121-50160-18
2026-09-14T17:36:37.385Z,52716,enumerated_context,0000000000001299,0,0.000,405,4,405,4,owner=00000000004913DC;isWindow=0;ownerPid=0;get=1;device=1;options=0x8015;name=issue121-50160-17
2026-09-14T17:36:37.393Z,52716,enumerated_context,0000000000001298,0,0.000,405,4,405,4,owner=00000000004913DC;isWindow=0;ownerPid=0;get=1;device=1;options=0x8015;name=issue121-50160-16
2026-09-14T17:36:37.402Z,52716,enumerated_context,0000000000001297,0,0.000,405,4,405,4,owner=00000000004913DC;isWindow=0;ownerPid=0;get=1;device=1;options=0x8015;name=issue121-50160-15
2026-09-14T17:36:37.410Z,52716,enumerated_context,0000000000001296,0,0.000,405,4,405,4,owner=00000000004913DC;isWindow=0;ownerPid=0;get=1;device=1;options=0x8015;name=issue121-50160-14
2026-09-14T17:36:37.419Z,52716,enumerated_context,0000000000001295,0,0.000,405,4,405,4,owner=00000000004913DC;isWindow=0;ownerPid=0;get=1;device=1;options=0x8015;name=issue121-50160-13
2026-09-14T17:36:37.426Z,52716,enumerated_context,0000000000001294,0,0.000,405,4,405,4,owner=00000000004913DC;isWindow=0;ownerPid=0;get=1;device=1;options=0x8015;name=issue121-50160-12
2026-09-14T17:36:37.435Z,52716,enumerated_context,0000000000001293,0,0.000,405,4,405,4,owner=00000000004913DC;isWindow=0;ownerPid=0;get=1;device=1;options=0x8015;name=issue121-50160-11
2026-09-14T17:36:37.446Z,52716,enumerated_context,0000000000001292,0,0.000,405,4,405,4,owner=00000000004913DC;isWindow=0;ownerPid=0;get=1;device=1;options=0x8015;name=issue121-50160-10
2026-09-14T17:36:37.453Z,52716,enumerated_context,0000000000001291,0,0.000,405,4,405,4,owner=00000000004913DC;isWindow=0;ownerPid=0;get=1;device=1;options=0x8015;name=issue121-50160-9
2026-09-14T17:36:37.462Z,52716,enumerated_context,0000000000001290,0,0.000,405,4,405,4,owner=00000000004913DC;isWindow=0;ownerPid=0;get=1;device=1;options=0x8015;name=issue121-50160-8
2026-09-14T17:36:37.471Z,52716,enumerated_context,000000000000128F,0,0.000,405,4,405,4,owner=00000000004913DC;isWindow=0;ownerPid=0;get=1;device=1;options=0x8015;name=issue121-50160-7
2026-09-14T17:36:37.478Z,52716,enumerated_context,000000000000128E,0,0.000,405,4,405,4,owner=00000000004913DC;isWindow=0;ownerPid=0;get=1;device=1;options=0x8015;name=issue121-50160-6
2026-09-14T17:36:37.488Z,52716,enumerated_context,000000000000128D,0,0.000,405,4,405,4,owner=00000000004913DC;isWindow=0;ownerPid=0;get=1;device=1;options=0x8015;name=issue121-50160-5
2026-09-14T17:36:37.495Z,52716,enumerated_context,000000000000128C,0,0.000,405,4,405,4,owner=00000000004913DC;isWindow=0;ownerPid=0;get=1;device=1;options=0x8015;name=issue121-50160-4
2026-09-14T17:36:37.503Z,52716,enumerated_context,000000000000128B,0,0.000,405,4,405,4,owner=00000000004913DC;isWindow=0;ownerPid=0;get=1;device=1;options=0x8015;name=issue121-50160-3
2026-09-14T17:36:37.514Z,52716,enumerated_context,000000000000128A,0,0.000,405,4,405,4,owner=00000000004913DC;isWindow=0;ownerPid=0;get=1;device=1;options=0x8015;name=issue121-50160-2
2026-09-14T17:36:37.522Z,52716,enumerated_context,0000000000001289,0,0.000,405,4,405,4,owner=00000000004913DC;isWindow=0;ownerPid=0;get=1;device=1;options=0x8015;name=issue121-50160-1
2026-09-14T17:36:37.532Z,52716,enumerated_context,0000000000001288,0,0.000,405,4,405,4,owner=00000000004913DC;isWindow=0;ownerPid=0;get=1;device=1;options=0x8015;name=issue121-50160-0
2026-09-14T17:36:37.541Z,52716,enumerated_context,0000000000001287,0,0.000,405,4,405,4,owner=00000000004813DC;isWindow=0;ownerPid=0;get=1;device=1;options=0x8015;name=issue121-44524-66
2026-09-14T17:36:37.548Z,52716,enumerated_context,0000000000001286,0,0.000,405,4,405,4,owner=00000000004813DC;isWindow=0;ownerPid=0;get=1;device=1;options=0x8015;name=issue121-44524-65
2026-09-14T17:36:37.558Z,52716,enumerated_context,0000000000001285,0,0.000,405,4,405,4,owner=00000000004813DC;isWindow=0;ownerPid=0;get=1;device=1;options=0x8015;name=issue121-44524-64
2026-09-14T17:36:37.566Z,52716,enumerated_context,0000000000001284,0,0.000,405,4,405,4,owner=00000000004813DC;isWindow=0;ownerPid=0;get=1;device=1;options=0x8015;name=issue121-44524-63
2026-09-14T17:36:37.575Z,52716,enumerated_context,0000000000001283,0,0.000,405,4,405,4,owner=00000000004813DC;isWindow=0;ownerPid=0;get=1;device=1;options=0x8015;name=issue121-44524-62
2026-09-14T17:36:37.583Z,52716,enumerated_context,0000000000001282,0,0.000,405,4,405,4,owner=00000000004813DC;isWindow=0;ownerPid=0;get=1;device=1;options=0x8015;name=issue121-44524-61
2026-09-14T17:36:37.591Z,52716,enumerated_context,0000000000001281,0,0.000,405,4,405,4,owner=00000000004813DC;isWindow=0;ownerPid=0;get=1;device=1;options=0x8015;name=issue121-44524-60
2026-09-14T17:36:37.599Z,52716,enumerated_context,0000000000001280,0,0.000,405,4,405,4,owner=00000000004813DC;isWindow=0;ownerPid=0;get=1;device=1;options=0x8015;name=issue121-44524-59
2026-09-14T17:36:37.608Z,52716,enumerated_context,000000000000127F,0,0.000,405,4,405,4,owner=00000000004813DC;isWindow=0;ownerPid=0;get=1;device=1;options=0x8015;name=issue121-44524-58
2026-09-14T17:36:37.617Z,52716,enumerated_context,000000000000127E,0,0.000,405,4,405,4,owner=00000000004813DC;isWindow=0;ownerPid=0;get=1;device=1;options=0x8015;name=issue121-44524-57
2026-09-14T17:36:37.625Z,52716,enumerated_context,000000000000127D,0,0.000,405,4,405,4,owner=00000000004813DC;isWindow=0;ownerPid=0;get=1;device=1;options=0x8015;name=issue121-44524-56
2026-09-14T17:36:37.633Z,52716,enumerated_context,000000000000127C,0,0.000,405,4,405,4,owner=00000000004813DC;isWindow=0;ownerPid=0;get=1;device=1;options=0x8015;name=issue121-44524-55
2026-09-14T17:36:37.642Z,52716,enumerated_context,000000000000127B,0,0.000,405,4,405,4,owner=00000000004813DC;isWindow=0;ownerPid=0;get=1;device=1;options=0x8015;name=issue121-44524-54
2026-09-14T17:36:37.650Z,52716,enumerated_context,000000000000127A,0,0.000,405,4,405,4,owner=00000000004813DC;isWindow=0;ownerPid=0;get=1;device=1;options=0x8015;name=issue121-44524-53
2026-09-14T17:36:37.659Z,52716,enumerated_context,0000000000001279,0,0.000,405,4,405,4,owner=00000000004813DC;isWindow=0;ownerPid=0;get=1;device=1;options=0x8015;name=issue121-44524-52
2026-09-14T17:36:37.668Z,52716,enumerated_context,0000000000001278,0,0.000,405,4,405,4,owner=00000000004813DC;isWindow=0;ownerPid=0;get=1;device=1;options=0x8015;name=issue121-44524-51
2026-09-14T17:36:37.676Z,52716,enumerated_context,0000000000001277,0,0.000,405,4,405,4,owner=00000000004813DC;isWindow=0;ownerPid=0;get=1;device=1;options=0x8015;name=issue121-44524-50
2026-09-14T17:36:37.684Z,52716,enumerated_context,0000000000001276,0,0.000,405,4,405,4,owner=00000000004813DC;isWindow=0;ownerPid=0;get=1;device=1;options=0x8015;name=issue121-44524-49
2026-09-14T17:36:37.693Z,52716,enumerated_context,0000000000001275,0,0.000,405,4,405,4,owner=00000000004813DC;isWindow=0;ownerPid=0;get=1;device=1;options=0x8015;name=issue121-44524-48
2026-09-14T17:36:37.701Z,52716,enumerated_context,0000000000001274,0,0.000,405,4,405,4,owner=00000000004813DC;isWindow=0;ownerPid=0;get=1;device=1;options=0x8015;name=issue121-44524-47
2026-09-14T17:36:37.709Z,52716,enumerated_context,0000000000001273,0,0.000,405,4,405,4,owner=00000000004813DC;isWindow=0;ownerPid=0;get=1;device=1;options=0x8015;name=issue121-44524-46
2026-09-14T17:36:37.718Z,52716,enumerated_context,0000000000001272,0,0.000,405,4,405,4,owner=00000000004813DC;isWindow=0;ownerPid=0;get=1;device=1;options=0x8015;name=issue121-44524-45
2026-09-14T17:36:37.726Z,52716,enumerated_context,0000000000001271,0,0.000,405,4,405,4,owner=00000000004813DC;isWindow=0;ownerPid=0;get=1;device=1;options=0x8015;name=issue121-44524-44
2026-09-14T17:36:37.734Z,52716,enumerated_context,0000000000001270,0,0.000,405,4,405,4,owner=00000000004813DC;isWindow=0;ownerPid=0;get=1;device=1;options=0x8015;name=issue121-44524-43
2026-09-14T17:36:37.743Z,52716,enumerated_context,000000000000126F,0,0.000,405,4,405,4,owner=00000000004813DC;isWindow=0;ownerPid=0;get=1;device=1;options=0x8015;name=issue121-44524-42
2026-09-14T17:36:37.750Z,52716,enumerated_context,000000000000126E,0,0.000,405,4,405,4,owner=00000000004813DC;isWindow=0;ownerPid=0;get=1;device=1;options=0x8015;name=issue121-44524-41
2026-09-14T17:36:37.760Z,52716,enumerated_context,000000000000126D,0,0.000,405,4,405,4,owner=00000000004813DC;isWindow=0;ownerPid=0;get=1;device=1;options=0x8015;name=issue121-44524-40
2026-09-14T17:36:37.768Z,52716,enumerated_context,000000000000126C,0,0.000,405,4,405,4,owner=00000000004813DC;isWindow=0;ownerPid=0;get=1;device=1;options=0x8015;name=issue121-44524-39
2026-09-14T17:36:37.777Z,52716,enumerated_context,000000000000126B,0,0.000,405,4,405,4,owner=00000000004813DC;isWindow=0;ownerPid=0;get=1;device=1;options=0x8015;name=issue121-44524-38
2026-09-14T17:36:37.785Z,52716,enumerated_context,000000000000126A,0,0.000,405,4,405,4,owner=00000000004813DC;isWindow=0;ownerPid=0;get=1;device=1;options=0x8015;name=issue121-44524-37
2026-09-14T17:36:37.794Z,52716,enumerated_context,0000000000001269,0,0.000,405,4,405,4,owner=00000000004813DC;isWindow=0;ownerPid=0;get=1;device=1;options=0x8015;name=issue121-44524-36
2026-09-14T17:36:37.801Z,52716,enumerated_context,0000000000001268,0,0.000,405,4,405,4,owner=00000000004813DC;isWindow=0;ownerPid=0;get=1;device=1;options=0x8015;name=issue121-44524-35
2026-09-14T17:36:37.812Z,52716,enumerated_context,0000000000001267,0,0.000,405,4,405,4,owner=00000000004813DC;isWindow=0;ownerPid=0;get=1;device=1;options=0x8015;name=issue121-44524-34
2026-09-14T17:36:37.818Z,52716,enumerated_context,0000000000001266,0,0.000,405,4,405,4,owner=00000000004813DC;isWindow=0;ownerPid=0;get=1;device=1;options=0x8015;name=issue121-44524-33
2026-09-14T17:36:37.828Z,52716,enumerated_context,0000000000001265,0,0.000,405,4,405,4,owner=00000000004813DC;isWindow=0;ownerPid=0;get=1;device=1;options=0x8015;name=issue121-44524-32
2026-09-14T17:36:37.836Z,52716,enumerated_context,0000000000001264,0,0.000,405,4,405,4,owner=00000000004813DC;isWindow=0;ownerPid=0;get=1;device=1;options=0x8015;name=issue121-44524-31
2026-09-14T17:36:37.845Z,52716,enumerated_context,0000000000001263,0,0.000,405,4,405,4,owner=00000000004813DC;isWindow=0;ownerPid=0;get=1;device=1;options=0x8015;name=issue121-44524-30
2026-09-14T17:36:37.853Z,52716,enumerated_context,0000000000001262,0,0.000,405,4,405,4,owner=00000000004813DC;isWindow=0;ownerPid=0;get=1;device=1;options=0x8015;name=issue121-44524-29
2026-09-14T17:36:37.862Z,52716,enumerated_context,0000000000001261,0,0.000,405,4,405,4,owner=00000000004813DC;isWindow=0;ownerPid=0;get=1;device=1;options=0x8015;name=issue121-44524-28
2026-09-14T17:36:37.869Z,52716,enumerated_context,0000000000001260,0,0.000,405,4,405,4,owner=00000000004813DC;isWindow=0;ownerPid=0;get=1;device=1;options=0x8015;name=issue121-44524-27
2026-09-14T17:36:37.880Z,52716,enumerated_context,000000000000125F,0,0.000,405,4,405,4,owner=00000000004813DC;isWindow=0;ownerPid=0;get=1;device=1;options=0x8015;name=issue121-44524-26
2026-09-14T17:36:37.888Z,52716,enumerated_context,000000000000125E,0,0.000,405,4,405,4,owner=00000000004813DC;isWindow=0;ownerPid=0;get=1;device=1;options=0x8015;name=issue121-44524-25
2026-09-14T17:36:37.898Z,52716,enumerated_context,000000000000125D,0,0.000,405,4,405,4,owner=00000000004813DC;isWindow=0;ownerPid=0;get=1;device=1;options=0x8015;name=issue121-44524-24
2026-09-14T17:36:37.907Z,52716,enumerated_context,000000000000125C,0,0.000,405,4,405,4,owner=00000000004813DC;isWindow=0;ownerPid=0;get=1;device=1;options=0x8015;name=issue121-44524-23
2026-09-14T17:36:37.915Z,52716,enumerated_context,000000000000125B,0,0.000,405,4,405,4,owner=00000000004813DC;isWindow=0;ownerPid=0;get=1;device=1;options=0x8015;name=issue121-44524-22
2026-09-14T17:36:37.923Z,52716,enumerated_context,000000000000125A,0,0.000,405,4,405,4,owner=00000000004813DC;isWindow=0;ownerPid=0;get=1;device=1;options=0x8015;name=issue121-44524-21
2026-09-14T17:36:37.932Z,52716,enumerated_context,0000000000001259,0,0.000,405,4,405,4,owner=00000000004813DC;isWindow=0;ownerPid=0;get=1;device=1;options=0x8015;name=issue121-44524-20
2026-09-14T17:36:37.940Z,52716,enumerated_context,0000000000001258,0,0.000,405,4,405,4,owner=00000000004813DC;isWindow=0;ownerPid=0;get=1;device=1;options=0x8015;name=issue121-44524-19
2026-09-14T17:36:37.952Z,52716,enumerated_context,0000000000001257,0,0.000,405,4,405,4,owner=00000000004813DC;isWindow=0;ownerPid=0;get=1;device=1;options=0x8015;name=issue121-44524-18
2026-09-14T17:36:37.958Z,52716,enumerated_context,0000000000001256,0,0.000,405,4,405,4,owner=00000000004813DC;isWindow=0;ownerPid=0;get=1;device=1;options=0x8015;name=issue121-44524-17
2026-09-14T17:36:37.967Z,52716,enumerated_context,0000000000001255,0,0.000,405,4,405,4,owner=00000000004813DC;isWindow=0;ownerPid=0;get=1;device=1;options=0x8015;name=issue121-44524-16
2026-09-14T17:36:37.975Z,52716,enumerated_context,0000000000001254,0,0.000,405,4,405,4,owner=00000000004813DC;isWindow=0;ownerPid=0;get=1;device=1;options=0x8015;name=issue121-44524-15
2026-09-14T17:36:37.984Z,52716,enumerated_context,0000000000001253,0,0.000,405,4,405,4,owner=00000000004813DC;isWindow=0;ownerPid=0;get=1;device=1;options=0x8015;name=issue121-44524-14
2026-09-14T17:36:37.993Z,52716,enumerated_context,0000000000001252,0,0.000,405,4,405,4,owner=00000000004813DC;isWindow=0;ownerPid=0;get=1;device=1;options=0x8015;name=issue121-44524-13
2026-09-14T17:36:38.002Z,52716,enumerated_context,0000000000001251,0,0.000,405,4,405,4,owner=00000000004813DC;isWindow=0;ownerPid=0;get=1;device=1;options=0x8015;name=issue121-44524-12
2026-09-14T17:36:38.010Z,52716,enumerated_context,0000000000001250,0,0.000,405,4,405,4,owner=00000000004813DC;isWindow=0;ownerPid=0;get=1;device=1;options=0x8015;name=issue121-44524-11
2026-09-14T17:36:38.018Z,52716,enumerated_context,000000000000124F,0,0.000,405,4,405,4,owner=00000000004813DC;isWindow=0;ownerPid=0;get=1;device=1;options=0x8015;name=issue121-44524-10
2026-09-14T17:36:38.025Z,52716,enumerated_context,000000000000124E,0,0.000,405,4,405,4,owner=00000000004813DC;isWindow=0;ownerPid=0;get=1;device=1;options=0x8015;name=issue121-44524-9
2026-09-14T17:36:38.034Z,52716,enumerated_context,000000000000124D,0,0.000,405,4,405,4,owner=00000000004813DC;isWindow=0;ownerPid=0;get=1;device=1;options=0x8015;name=issue121-44524-8
2026-09-14T17:36:38.043Z,52716,enumerated_context,000000000000124C,0,0.000,405,4,405,4,owner=00000000004813DC;isWindow=0;ownerPid=0;get=1;device=1;options=0x8015;name=issue121-44524-7
2026-09-14T17:36:38.051Z,52716,enumerated_context,000000000000124B,0,0.000,405,4,405,4,owner=00000000004813DC;isWindow=0;ownerPid=0;get=1;device=1;options=0x8015;name=issue121-44524-6
2026-09-14T17:36:38.060Z,52716,enumerated_context,000000000000124A,0,0.000,405,4,405,4,owner=00000000004813DC;isWindow=0;ownerPid=0;get=1;device=1;options=0x8015;name=issue121-44524-5
2026-09-14T17:36:38.067Z,52716,enumerated_context,0000000000001249,0,0.000,405,4,405,4,owner=00000000004813DC;isWindow=0;ownerPid=0;get=1;device=1;options=0x8015;name=issue121-44524-4
2026-09-14T17:36:38.076Z,52716,enumerated_context,0000000000001248,0,0.000,405,4,405,4,owner=00000000004813DC;isWindow=0;ownerPid=0;get=1;device=1;options=0x8015;name=issue121-44524-3
2026-09-14T17:36:38.085Z,52716,enumerated_context,0000000000001247,0,0.000,405,4,405,4,owner=00000000004813DC;isWindow=0;ownerPid=0;get=1;device=1;options=0x8015;name=issue121-44524-2
2026-09-14T17:36:38.095Z,52716,enumerated_context,0000000000001246,0,0.000,405,4,405,4,owner=00000000004813DC;isWindow=0;ownerPid=0;get=1;device=1;options=0x8015;name=issue121-44524-1
2026-09-14T17:36:38.102Z,52716,enumerated_context,0000000000001245,0,0.000,405,4,405,4,owner=00000000004813DC;isWindow=0;ownerPid=0;get=1;device=1;options=0x8015;name=issue121-44524-0
2026-09-14T17:36:38.111Z,52716,enumerated_context,0000000000001244,0,0.000,405,4,405,4,owner=00000000004713DC;isWindow=0;ownerPid=0;get=1;device=1;options=0x8015;name=issue121-33960-66
2026-09-14T17:36:38.121Z,52716,enumerated_context,0000000000001243,0,0.000,405,4,405,4,owner=00000000004713DC;isWindow=0;ownerPid=0;get=1;device=1;options=0x8015;name=issue121-33960-65
2026-09-14T17:36:38.129Z,52716,enumerated_context,0000000000001242,0,0.000,405,4,405,4,owner=00000000004713DC;isWindow=0;ownerPid=0;get=1;device=1;options=0x8015;name=issue121-33960-64
2026-09-14T17:36:38.137Z,52716,enumerated_context,0000000000001241,0,0.000,405,4,405,4,owner=00000000004713DC;isWindow=0;ownerPid=0;get=1;device=1;options=0x8015;name=issue121-33960-63
2026-09-14T17:36:38.146Z,52716,enumerated_context,0000000000001240,0,0.000,405,4,405,4,owner=00000000004713DC;isWindow=0;ownerPid=0;get=1;device=1;options=0x8015;name=issue121-33960-62
2026-09-14T17:36:38.154Z,52716,enumerated_context,000000000000123F,0,0.000,405,4,405,4,owner=00000000004713DC;isWindow=0;ownerPid=0;get=1;device=1;options=0x8015;name=issue121-33960-61
2026-09-14T17:36:38.163Z,52716,enumerated_context,000000000000123E,0,0.000,405,4,405,4,owner=00000000004713DC;isWindow=0;ownerPid=0;get=1;device=1;options=0x8015;name=issue121-33960-60
2026-09-14T17:36:38.170Z,52716,enumerated_context,000000000000123D,0,0.000,405,4,405,4,owner=00000000004713DC;isWindow=0;ownerPid=0;get=1;device=1;options=0x8015;name=issue121-33960-59
2026-09-14T17:36:38.179Z,52716,enumerated_context,000000000000123C,0,0.000,405,4,405,4,owner=00000000004713DC;isWindow=0;ownerPid=0;get=1;device=1;options=0x8015;name=issue121-33960-58
2026-09-14T17:36:38.188Z,52716,enumerated_context,000000000000123B,0,0.000,405,4,405,4,owner=00000000004713DC;isWindow=0;ownerPid=0;get=1;device=1;options=0x8015;name=issue121-33960-57
2026-09-14T17:36:38.196Z,52716,enumerated_context,000000000000123A,0,0.000,405,4,405,4,owner=00000000004713DC;isWindow=0;ownerPid=0;get=1;device=1;options=0x8015;name=issue121-33960-56
2026-09-14T17:36:38.205Z,52716,enumerated_context,0000000000001239,0,0.000,405,4,405,4,owner=00000000004713DC;isWindow=0;ownerPid=0;get=1;device=1;options=0x8015;name=issue121-33960-55
2026-09-14T17:36:38.214Z,52716,enumerated_context,0000000000001238,0,0.000,405,4,405,4,owner=00000000004713DC;isWindow=0;ownerPid=0;get=1;device=1;options=0x8015;name=issue121-33960-54
2026-09-14T17:36:38.221Z,52716,enumerated_context,0000000000001237,0,0.000,405,4,405,4,owner=00000000004713DC;isWindow=0;ownerPid=0;get=1;device=1;options=0x8015;name=issue121-33960-53
2026-09-14T17:36:38.231Z,52716,enumerated_context,0000000000001236,0,0.000,405,4,405,4,owner=00000000004713DC;isWindow=0;ownerPid=0;get=1;device=1;options=0x8015;name=issue121-33960-52
2026-09-14T17:36:38.238Z,52716,enumerated_context,0000000000001235,0,0.000,405,4,405,4,owner=00000000004713DC;isWindow=0;ownerPid=0;get=1;device=1;options=0x8015;name=issue121-33960-51
2026-09-14T17:36:38.246Z,52716,enumerated_context,0000000000001234,0,0.000,405,4,405,4,owner=00000000004713DC;isWindow=0;ownerPid=0;get=1;device=1;options=0x8015;name=issue121-33960-50
2026-09-14T17:36:38.255Z,52716,enumerated_context,0000000000001233,0,0.000,405,4,405,4,owner=00000000004713DC;isWindow=0;ownerPid=0;get=1;device=1;options=0x8015;name=issue121-33960-49
2026-09-14T17:36:38.263Z,52716,enumerated_context,0000000000001232,0,0.000,405,4,405,4,owner=00000000004713DC;isWindow=0;ownerPid=0;get=1;device=1;options=0x8015;name=issue121-33960-48
2026-09-14T17:36:38.272Z,52716,enumerated_context,0000000000001231,0,0.000,405,4,405,4,owner=00000000004713DC;isWindow=0;ownerPid=0;get=1;device=1;options=0x8015;name=issue121-33960-47
2026-09-14T17:36:38.279Z,52716,enumerated_context,0000000000001230,0,0.000,405,4,405,4,owner=00000000004713DC;isWindow=0;ownerPid=0;get=1;device=1;options=0x8015;name=issue121-33960-46
2026-09-14T17:36:38.288Z,52716,enumerated_context,000000000000122F,0,0.000,405,4,405,4,owner=00000000004713DC;isWindow=0;ownerPid=0;get=1;device=1;options=0x8015;name=issue121-33960-45
2026-09-14T17:36:38.296Z,52716,enumerated_context,000000000000122E,0,0.000,405,4,405,4,owner=00000000004713DC;isWindow=0;ownerPid=0;get=1;device=1;options=0x8015;name=issue121-33960-44
2026-09-14T17:36:38.304Z,52716,enumerated_context,000000000000122D,0,0.000,405,4,405,4,owner=00000000004713DC;isWindow=0;ownerPid=0;get=1;device=1;options=0x8015;name=issue121-33960-43
2026-09-14T17:36:38.312Z,52716,enumerated_context,000000000000122C,0,0.000,405,4,405,4,owner=00000000004713DC;isWindow=0;ownerPid=0;get=1;device=1;options=0x8015;name=issue121-33960-42
2026-09-14T17:36:38.320Z,52716,enumerated_context,000000000000122B,0,0.000,405,4,405,4,owner=00000000004713DC;isWindow=0;ownerPid=0;get=1;device=1;options=0x8015;name=issue121-33960-41
2026-09-14T17:36:38.329Z,52716,enumerated_context,000000000000122A,0,0.000,405,4,405,4,owner=00000000004713DC;isWindow=0;ownerPid=0;get=1;device=1;options=0x8015;name=issue121-33960-40
2026-09-14T17:36:38.337Z,52716,enumerated_context,0000000000001229,0,0.000,405,4,405,4,owner=00000000004713DC;isWindow=0;ownerPid=0;get=1;device=1;options=0x8015;name=issue121-33960-39
2026-09-14T17:36:38.345Z,52716,enumerated_context,0000000000001228,0,0.000,405,4,405,4,owner=00000000004713DC;isWindow=0;ownerPid=0;get=1;device=1;options=0x8015;name=issue121-33960-38
2026-09-14T17:36:38.353Z,52716,enumerated_context,0000000000001227,0,0.000,405,4,405,4,owner=00000000004713DC;isWindow=0;ownerPid=0;get=1;device=1;options=0x8015;name=issue121-33960-37
2026-09-14T17:36:38.362Z,52716,enumerated_context,0000000000001226,0,0.000,405,4,405,4,owner=00000000004713DC;isWindow=0;ownerPid=0;get=1;device=1;options=0x8015;name=issue121-33960-36
2026-09-14T17:36:38.370Z,52716,enumerated_context,0000000000001225,0,0.000,405,4,405,4,owner=00000000004713DC;isWindow=0;ownerPid=0;get=1;device=1;options=0x8015;name=issue121-33960-35
2026-09-14T17:36:38.378Z,52716,enumerated_context,0000000000001224,0,0.000,405,4,405,4,owner=00000000004713DC;isWindow=0;ownerPid=0;get=1;device=1;options=0x8015;name=issue121-33960-34
2026-09-14T17:36:38.385Z,52716,enumerated_context,0000000000001223,0,0.000,405,4,405,4,owner=00000000004713DC;isWindow=0;ownerPid=0;get=1;device=1;options=0x8015;name=issue121-33960-33
2026-09-14T17:36:38.395Z,52716,enumerated_context,0000000000001222,0,0.000,405,4,405,4,owner=00000000004713DC;isWindow=0;ownerPid=0;get=1;device=1;options=0x8015;name=issue121-33960-32
2026-09-14T17:36:38.404Z,52716,enumerated_context,0000000000001221,0,0.000,405,4,405,4,owner=00000000004713DC;isWindow=0;ownerPid=0;get=1;device=1;options=0x8015;name=issue121-33960-31
2026-09-14T17:36:38.413Z,52716,enumerated_context,0000000000001220,0,0.000,405,4,405,4,owner=00000000004713DC;isWindow=0;ownerPid=0;get=1;device=1;options=0x8015;name=issue121-33960-30
2026-09-14T17:36:38.420Z,52716,enumerated_context,000000000000121F,0,0.000,405,4,405,4,owner=00000000004713DC;isWindow=0;ownerPid=0;get=1;device=1;options=0x8015;name=issue121-33960-29
2026-09-14T17:36:38.428Z,52716,enumerated_context,000000000000121E,0,0.000,405,4,405,4,owner=00000000004713DC;isWindow=0;ownerPid=0;get=1;device=1;options=0x8015;name=issue121-33960-28
2026-09-14T17:36:38.437Z,52716,enumerated_context,000000000000121D,0,0.000,405,4,405,4,owner=00000000004713DC;isWindow=0;ownerPid=0;get=1;device=1;options=0x8015;name=issue121-33960-27
2026-09-14T17:36:38.447Z,52716,enumerated_context,000000000000121C,0,0.000,405,4,405,4,owner=00000000004713DC;isWindow=0;ownerPid=0;get=1;device=1;options=0x8015;name=issue121-33960-26
2026-09-14T17:36:38.456Z,52716,enumerated_context,000000000000121B,0,0.000,405,4,405,4,owner=00000000004713DC;isWindow=0;ownerPid=0;get=1;device=1;options=0x8015;name=issue121-33960-25
2026-09-14T17:36:38.465Z,52716,enumerated_context,000000000000121A,0,0.000,405,4,405,4,owner=00000000004713DC;isWindow=0;ownerPid=0;get=1;device=1;options=0x8015;name=issue121-33960-24
2026-09-14T17:36:38.472Z,52716,enumerated_context,0000000000001219,0,0.000,405,4,405,4,owner=00000000004713DC;isWindow=0;ownerPid=0;get=1;device=1;options=0x8015;name=issue121-33960-23
2026-09-14T17:36:38.480Z,52716,enumerated_context,0000000000001218,0,0.000,405,4,405,4,owner=00000000004713DC;isWindow=0;ownerPid=0;get=1;device=1;options=0x8015;name=issue121-33960-22
2026-09-14T17:36:38.488Z,52716,enumerated_context,0000000000001217,0,0.000,405,4,405,4,owner=00000000004713DC;isWindow=0;ownerPid=0;get=1;device=1;options=0x8015;name=issue121-33960-21
2026-09-14T17:36:38.496Z,52716,enumerated_context,0000000000001216,0,0.000,405,4,405,4,owner=00000000004713DC;isWindow=0;ownerPid=0;get=1;device=1;options=0x8015;name=issue121-33960-20
2026-09-14T17:36:38.505Z,52716,enumerated_context,0000000000001215,0,0.000,405,4,405,4,owner=00000000004713DC;isWindow=0;ownerPid=0;get=1;device=1;options=0x8015;name=issue121-33960-19
2026-09-14T17:36:38.513Z,52716,enumerated_context,0000000000001214,0,0.000,405,4,405,4,owner=00000000004713DC;isWindow=0;ownerPid=0;get=1;device=1;options=0x8015;name=issue121-33960-18
2026-09-14T17:36:38.522Z,52716,enumerated_context,0000000000001213,0,0.000,405,4,405,4,owner=00000000004713DC;isWindow=0;ownerPid=0;get=1;device=1;options=0x8015;name=issue121-33960-17
2026-09-14T17:36:38.530Z,52716,enumerated_context,0000000000001212,0,0.000,405,4,405,4,owner=00000000004713DC;isWindow=0;ownerPid=0;get=1;device=1;options=0x8015;name=issue121-33960-16
2026-09-14T17:36:38.538Z,52716,enumerated_context,0000000000001211,0,0.000,405,4,405,4,owner=00000000004713DC;isWindow=0;ownerPid=0;get=1;device=1;options=0x8015;name=issue121-33960-15
2026-09-14T17:36:38.547Z,52716,enumerated_context,0000000000001210,0,0.000,405,4,405,4,owner=00000000004713DC;isWindow=0;ownerPid=0;get=1;device=1;options=0x8015;name=issue121-33960-14
2026-09-14T17:36:38.555Z,52716,enumerated_context,000000000000120F,0,0.000,405,4,405,4,owner=00000000004713DC;isWindow=0;ownerPid=0;get=1;device=1;options=0x8015;name=issue121-33960-13
2026-09-14T17:36:38.564Z,52716,enumerated_context,000000000000120E,0,0.000,405,4,405,4,owner=00000000004713DC;isWindow=0;ownerPid=0;get=1;device=1;options=0x8015;name=issue121-33960-12
2026-09-14T17:36:38.572Z,52716,enumerated_context,000000000000120D,0,0.000,405,4,405,4,owner=00000000004713DC;isWindow=0;ownerPid=0;get=1;device=1;options=0x8015;name=issue121-33960-11
2026-09-14T17:36:38.582Z,52716,enumerated_context,000000000000120C,0,0.000,405,4,405,4,owner=00000000004713DC;isWindow=0;ownerPid=0;get=1;device=1;options=0x8015;name=issue121-33960-10
2026-09-14T17:36:38.589Z,52716,enumerated_context,000000000000120B,0,0.000,405,4,405,4,owner=00000000004713DC;isWindow=0;ownerPid=0;get=1;device=1;options=0x8015;name=issue121-33960-9
2026-09-14T17:36:38.598Z,52716,enumerated_context,000000000000120A,0,0.000,405,4,405,4,owner=00000000004713DC;isWindow=0;ownerPid=0;get=1;device=1;options=0x8015;name=issue121-33960-8
2026-09-14T17:36:38.607Z,52716,enumerated_context,0000000000001209,0,0.000,405,4,405,4,owner=00000000004713DC;isWindow=0;ownerPid=0;get=1;device=1;options=0x8015;name=issue121-33960-7
2026-09-14T17:36:38.616Z,52716,enumerated_context,0000000000001208,0,0.000,405,4,405,4,owner=00000000004713DC;isWindow=0;ownerPid=0;get=1;device=1;options=0x8015;name=issue121-33960-6
2026-09-14T17:36:38.624Z,52716,enumerated_context,0000000000001207,0,0.000,405,4,405,4,owner=00000000004713DC;isWindow=0;ownerPid=0;get=1;device=1;options=0x8015;name=issue121-33960-5
2026-09-14T17:36:38.632Z,52716,enumerated_context,0000000000001206,0,0.000,405,4,405,4,owner=00000000004713DC;isWindow=0;ownerPid=0;get=1;device=1;options=0x8015;name=issue121-33960-4
2026-09-14T17:36:38.642Z,52716,enumerated_context,0000000000001205,0,0.000,405,4,405,4,owner=00000000004713DC;isWindow=0;ownerPid=0;get=1;device=1;options=0x8015;name=issue121-33960-3
2026-09-14T17:36:38.649Z,52716,enumerated_context,0000000000001204,0,0.000,405,4,405,4,owner=00000000004713DC;isWindow=0;ownerPid=0;get=1;device=1;options=0x8015;name=issue121-33960-2
2026-09-14T17:36:38.658Z,52716,enumerated_context,0000000000001203,0,0.000,405,4,405,4,owner=00000000004713DC;isWindow=0;ownerPid=0;get=1;device=1;options=0x8015;name=issue121-33960-1
2026-09-14T17:36:38.666Z,52716,enumerated_context,0000000000001202,0,0.000,405,4,405,4,owner=00000000004713DC;isWindow=0;ownerPid=0;get=1;device=1;options=0x8015;name=issue121-33960-0
2026-09-14T17:36:38.675Z,52716,enumerated_context,0000000000001001,0,0.000,405,4,405,4,owner=0000000000000000;isWindow=0;ownerPid=0;get=1;device=1;options=0x8011;name=
2026-09-14T17:36:38.682Z,52716,manager_enum,0000000000000002,1,0.000,405,4,405,4,callbacks=405
2026-09-14T17:36:38.690Z,52716,manager_default_digitizer,0000000000000C02,0,0.000,405,4,405,4,read_only
2026-09-14T17:36:38.698Z,52716,manager_default_system,0000000000000C01,0,0.000,405,4,405,4,read_only
2026-09-14T17:36:38.705Z,52716,manager_close,0000000000000002,1,0.000,405,4,405,4,hidden
2026-09-14T17:36:38.825Z,52716,manager_open,0000000000000003,1,0.123,405,4,405,4,visible;lastError=0
2026-09-14T17:36:38.838Z,52716,enumerated_context,0000000000000B00,0,0.000,405,4,405,4,owner=0000000000000000;isWindow=0;ownerPid=0;get=0;device=0;options=0x0;name=
2026-09-14T17:36:38.848Z,52716,enumerated_context,0000000000000ACA,0,0.000,405,4,405,4,owner=00000000004913DC;isWindow=0;ownerPid=0;get=1;device=0;options=0x8015;name=issue121-50160-66
2026-09-14T17:36:38.861Z,52716,enumerated_context,0000000000000AC9,0,0.000,405,4,405,4,owner=00000000004913DC;isWindow=0;ownerPid=0;get=1;device=0;options=0x8015;name=issue121-50160-65
2026-09-14T17:36:38.869Z,52716,enumerated_context,0000000000000AC8,0,0.000,405,4,405,4,owner=00000000004913DC;isWindow=0;ownerPid=0;get=1;device=0;options=0x8015;name=issue121-50160-64
2026-09-14T17:36:38.882Z,52716,enumerated_context,0000000000000AC7,0,0.000,405,4,405,4,owner=00000000004913DC;isWindow=0;ownerPid=0;get=1;device=0;options=0x8015;name=issue121-50160-63
2026-09-14T17:36:38.893Z,52716,enumerated_context,0000000000000AC6,0,0.000,405,4,405,4,owner=00000000004913DC;isWindow=0;ownerPid=0;get=1;device=0;options=0x8015;name=issue121-50160-62
2026-09-14T17:36:38.907Z,52716,enumerated_context,0000000000000AC5,0,0.000,405,4,405,4,owner=00000000004913DC;isWindow=0;ownerPid=0;get=1;device=0;options=0x8015;name=issue121-50160-61
2026-09-14T17:36:38.918Z,52716,enumerated_context,0000000000000AC4,0,0.000,405,4,405,4,owner=00000000004913DC;isWindow=0;ownerPid=0;get=1;device=0;options=0x8015;name=issue121-50160-60
2026-09-14T17:36:38.928Z,52716,enumerated_context,0000000000000AC3,0,0.000,405,4,405,4,owner=00000000004913DC;isWindow=0;ownerPid=0;get=1;device=0;options=0x8015;name=issue121-50160-59
2026-09-14T17:36:38.938Z,52716,enumerated_context,0000000000000AC2,0,0.000,405,4,405,4,owner=00000000004913DC;isWindow=0;ownerPid=0;get=1;device=0;options=0x8015;name=issue121-50160-58
2026-09-14T17:36:38.952Z,52716,enumerated_context,0000000000000AC1,0,0.000,405,4,405,4,owner=00000000004913DC;isWindow=0;ownerPid=0;get=1;device=0;options=0x8015;name=issue121-50160-57
2026-09-14T17:36:38.965Z,52716,enumerated_context,0000000000000AC0,0,0.000,405,4,405,4,owner=00000000004913DC;isWindow=0;ownerPid=0;get=1;device=0;options=0x8015;name=issue121-50160-56
2026-09-14T17:36:38.978Z,52716,enumerated_context,0000000000000ABF,0,0.000,405,4,405,4,owner=00000000004913DC;isWindow=0;ownerPid=0;get=1;device=0;options=0x8015;name=issue121-50160-55
2026-09-14T17:36:38.990Z,52716,enumerated_context,0000000000000ABE,0,0.000,405,4,405,4,owner=00000000004913DC;isWindow=0;ownerPid=0;get=1;device=0;options=0x8015;name=issue121-50160-54
2026-09-14T17:36:39.002Z,52716,enumerated_context,0000000000000ABD,0,0.000,405,4,405,4,owner=00000000004913DC;isWindow=0;ownerPid=0;get=1;device=0;options=0x8015;name=issue121-50160-53
2026-09-14T17:36:39.012Z,52716,enumerated_context,0000000000000ABC,0,0.000,405,4,405,4,owner=00000000004913DC;isWindow=0;ownerPid=0;get=1;device=0;options=0x8015;name=issue121-50160-52
2026-09-14T17:36:39.024Z,52716,enumerated_context,0000000000000ABB,0,0.000,405,4,405,4,owner=00000000004913DC;isWindow=0;ownerPid=0;get=1;device=0;options=0x8015;name=issue121-50160-51
2026-09-14T17:36:39.033Z,52716,enumerated_context,0000000000000ABA,0,0.000,405,4,405,4,owner=00000000004913DC;isWindow=0;ownerPid=0;get=1;device=0;options=0x8015;name=issue121-50160-50
2026-09-14T17:36:39.045Z,52716,enumerated_context,0000000000000AB9,0,0.000,405,4,405,4,owner=00000000004913DC;isWindow=0;ownerPid=0;get=1;device=0;options=0x8015;name=issue121-50160-49
2026-09-14T17:36:39.056Z,52716,enumerated_context,0000000000000AB8,0,0.000,405,4,405,4,owner=00000000004913DC;isWindow=0;ownerPid=0;get=1;device=0;options=0x8015;name=issue121-50160-48
2026-09-14T17:36:39.066Z,52716,enumerated_context,0000000000000AB7,0,0.000,405,4,405,4,owner=00000000004913DC;isWindow=0;ownerPid=0;get=1;device=0;options=0x8015;name=issue121-50160-47
2026-09-14T17:36:39.077Z,52716,enumerated_context,0000000000000AB6,0,0.000,405,4,405,4,owner=00000000004913DC;isWindow=0;ownerPid=0;get=1;device=0;options=0x8015;name=issue121-50160-46
2026-09-14T17:36:39.087Z,52716,enumerated_context,0000000000000AB5,0,0.000,405,4,405,4,owner=00000000004913DC;isWindow=0;ownerPid=0;get=1;device=0;options=0x8015;name=issue121-50160-45
2026-09-14T17:36:39.098Z,52716,enumerated_context,0000000000000AB4,0,0.000,405,4,405,4,owner=00000000004913DC;isWindow=0;ownerPid=0;get=1;device=0;options=0x8015;name=issue121-50160-44
2026-09-14T17:36:39.109Z,52716,enumerated_context,0000000000000AB3,0,0.000,405,4,405,4,owner=00000000004913DC;isWindow=0;ownerPid=0;get=1;device=0;options=0x8015;name=issue121-50160-43
2026-09-14T17:36:39.118Z,52716,enumerated_context,0000000000000AB2,0,0.000,405,4,405,4,owner=00000000004913DC;isWindow=0;ownerPid=0;get=1;device=0;options=0x8015;name=issue121-50160-42
2026-09-14T17:36:39.130Z,52716,enumerated_context,0000000000000AB1,0,0.000,405,4,405,4,owner=00000000004913DC;isWindow=0;ownerPid=0;get=1;device=0;options=0x8015;name=issue121-50160-41
2026-09-14T17:36:39.141Z,52716,enumerated_context,0000000000000AB0,0,0.000,405,4,405,4,owner=00000000004913DC;isWindow=0;ownerPid=0;get=1;device=0;options=0x8015;name=issue121-50160-40
2026-09-14T17:36:39.150Z,52716,enumerated_context,0000000000000AAF,0,0.000,405,4,405,4,owner=00000000004913DC;isWindow=0;ownerPid=0;get=1;device=0;options=0x8015;name=issue121-50160-39
2026-09-14T17:36:39.161Z,52716,enumerated_context,0000000000000AAE,0,0.000,405,4,405,4,owner=00000000004913DC;isWindow=0;ownerPid=0;get=1;device=0;options=0x8015;name=issue121-50160-38
2026-09-14T17:36:39.170Z,52716,enumerated_context,0000000000000AAD,0,0.000,405,4,405,4,owner=00000000004913DC;isWindow=0;ownerPid=0;get=1;device=0;options=0x8015;name=issue121-50160-37
2026-09-14T17:36:39.181Z,52716,enumerated_context,0000000000000AAC,0,0.000,405,4,405,4,owner=00000000004913DC;isWindow=0;ownerPid=0;get=1;device=0;options=0x8015;name=issue121-50160-36
2026-09-14T17:36:39.191Z,52716,enumerated_context,0000000000000AAB,0,0.000,405,4,405,4,owner=00000000004913DC;isWindow=0;ownerPid=0;get=1;device=0;options=0x8015;name=issue121-50160-35
2026-09-14T17:36:39.202Z,52716,enumerated_context,0000000000000AAA,0,0.000,405,4,405,4,owner=00000000004913DC;isWindow=0;ownerPid=0;get=1;device=0;options=0x8015;name=issue121-50160-34
2026-09-14T17:36:39.213Z,52716,enumerated_context,0000000000000AA9,0,0.000,405,4,405,4,owner=00000000004913DC;isWindow=0;ownerPid=0;get=1;device=0;options=0x8015;name=issue121-50160-33
2026-09-14T17:36:39.222Z,52716,enumerated_context,0000000000000AA8,0,0.000,405,4,405,4,owner=00000000004913DC;isWindow=0;ownerPid=0;get=1;device=0;options=0x8015;name=issue121-50160-32
2026-09-14T17:36:39.232Z,52716,enumerated_context,0000000000000AA7,0,0.000,405,4,405,4,owner=00000000004913DC;isWindow=0;ownerPid=0;get=1;device=0;options=0x8015;name=issue121-50160-31
2026-09-14T17:36:39.242Z,52716,enumerated_context,0000000000000AA6,0,0.000,405,4,405,4,owner=00000000004913DC;isWindow=0;ownerPid=0;get=1;device=0;options=0x8015;name=issue121-50160-30
2026-09-14T17:36:39.252Z,52716,enumerated_context,0000000000000AA5,0,0.000,405,4,405,4,owner=00000000004913DC;isWindow=0;ownerPid=0;get=1;device=0;options=0x8015;name=issue121-50160-29
2026-09-14T17:36:39.264Z,52716,enumerated_context,0000000000000AA4,0,0.000,405,4,405,4,owner=00000000004913DC;isWindow=0;ownerPid=0;get=1;device=0;options=0x8015;name=issue121-50160-28
2026-09-14T17:36:39.274Z,52716,enumerated_context,0000000000000AA3,0,0.000,405,4,405,4,owner=00000000004913DC;isWindow=0;ownerPid=0;get=1;device=0;options=0x8015;name=issue121-50160-27
2026-09-14T17:36:39.284Z,52716,enumerated_context,0000000000000AA2,0,0.000,405,4,405,4,owner=00000000004913DC;isWindow=0;ownerPid=0;get=1;device=0;options=0x8015;name=issue121-50160-26
2026-09-14T17:36:39.295Z,52716,enumerated_context,0000000000000AA1,0,0.000,405,4,405,4,owner=00000000004913DC;isWindow=0;ownerPid=0;get=1;device=0;options=0x8015;name=issue121-50160-25
2026-09-14T17:36:39.305Z,52716,enumerated_context,0000000000000AA0,0,0.000,405,4,405,4,owner=00000000004913DC;isWindow=0;ownerPid=0;get=1;device=0;options=0x8015;name=issue121-50160-24
2026-09-14T17:36:39.314Z,52716,enumerated_context,0000000000000A9F,0,0.000,405,4,405,4,owner=00000000004913DC;isWindow=0;ownerPid=0;get=1;device=0;options=0x8015;name=issue121-50160-23
2026-09-14T17:36:39.325Z,52716,enumerated_context,0000000000000A9E,0,0.000,405,4,405,4,owner=00000000004913DC;isWindow=0;ownerPid=0;get=1;device=0;options=0x8015;name=issue121-50160-22
2026-09-14T17:36:39.335Z,52716,enumerated_context,0000000000000A9D,0,0.000,405,4,405,4,owner=00000000004913DC;isWindow=0;ownerPid=0;get=1;device=0;options=0x8015;name=issue121-50160-21
2026-09-14T17:36:39.346Z,52716,enumerated_context,0000000000000A9C,0,0.000,405,4,405,4,owner=00000000004913DC;isWindow=0;ownerPid=0;get=1;device=0;options=0x8015;name=issue121-50160-20
2026-09-14T17:36:39.355Z,52716,enumerated_context,0000000000000A9B,0,0.000,405,4,405,4,owner=00000000004913DC;isWindow=0;ownerPid=0;get=1;device=0;options=0x8015;name=issue121-50160-19
2026-09-14T17:36:39.365Z,52716,enumerated_context,0000000000000A9A,0,0.000,405,4,405,4,owner=00000000004913DC;isWindow=0;ownerPid=0;get=1;device=0;options=0x8015;name=issue121-50160-18
2026-09-14T17:36:39.375Z,52716,enumerated_context,0000000000000A99,0,0.000,405,4,405,4,owner=00000000004913DC;isWindow=0;ownerPid=0;get=1;device=0;options=0x8015;name=issue121-50160-17
2026-09-14T17:36:39.384Z,52716,enumerated_context,0000000000000A98,0,0.000,405,4,405,4,owner=00000000004913DC;isWindow=0;ownerPid=0;get=1;device=0;options=0x8015;name=issue121-50160-16
2026-09-14T17:36:39.393Z,52716,enumerated_context,0000000000000A97,0,0.000,405,4,405,4,owner=00000000004913DC;isWindow=0;ownerPid=0;get=1;device=0;options=0x8015;name=issue121-50160-15
2026-09-14T17:36:39.402Z,52716,enumerated_context,0000000000000A96,0,0.000,405,4,405,4,owner=00000000004913DC;isWindow=0;ownerPid=0;get=1;device=0;options=0x8015;name=issue121-50160-14
2026-09-14T17:36:39.411Z,52716,enumerated_context,0000000000000A95,0,0.000,405,4,405,4,owner=00000000004913DC;isWindow=0;ownerPid=0;get=1;device=0;options=0x8015;name=issue121-50160-13
2026-09-14T17:36:39.422Z,52716,enumerated_context,0000000000000A94,0,0.000,405,4,405,4,owner=00000000004913DC;isWindow=0;ownerPid=0;get=1;device=0;options=0x8015;name=issue121-50160-12
2026-09-14T17:36:39.430Z,52716,enumerated_context,0000000000000A93,0,0.000,405,4,405,4,owner=00000000004913DC;isWindow=0;ownerPid=0;get=1;device=0;options=0x8015;name=issue121-50160-11
2026-09-14T17:36:39.441Z,52716,enumerated_context,0000000000000A92,0,0.000,405,4,405,4,owner=00000000004913DC;isWindow=0;ownerPid=0;get=1;device=0;options=0x8015;name=issue121-50160-10
2026-09-14T17:36:39.450Z,52716,enumerated_context,0000000000000A91,0,0.000,405,4,405,4,owner=00000000004913DC;isWindow=0;ownerPid=0;get=1;device=0;options=0x8015;name=issue121-50160-9
2026-09-14T17:36:39.462Z,52716,enumerated_context,0000000000000A90,0,0.000,405,4,405,4,owner=00000000004913DC;isWindow=0;ownerPid=0;get=1;device=0;options=0x8015;name=issue121-50160-8
2026-09-14T17:36:39.473Z,52716,enumerated_context,0000000000000A8F,0,0.000,405,4,405,4,owner=00000000004913DC;isWindow=0;ownerPid=0;get=1;device=0;options=0x8015;name=issue121-50160-7
2026-09-14T17:36:39.484Z,52716,enumerated_context,0000000000000A8E,0,0.000,405,4,405,4,owner=00000000004913DC;isWindow=0;ownerPid=0;get=1;device=0;options=0x8015;name=issue121-50160-6
2026-09-14T17:36:39.495Z,52716,enumerated_context,0000000000000A8D,0,0.000,405,4,405,4,owner=00000000004913DC;isWindow=0;ownerPid=0;get=1;device=0;options=0x8015;name=issue121-50160-5
2026-09-14T17:36:39.506Z,52716,enumerated_context,0000000000000A8C,0,0.000,405,4,405,4,owner=00000000004913DC;isWindow=0;ownerPid=0;get=1;device=0;options=0x8015;name=issue121-50160-4
2026-09-14T17:36:39.518Z,52716,enumerated_context,0000000000000A8B,0,0.000,405,4,405,4,owner=00000000004913DC;isWindow=0;ownerPid=0;get=1;device=0;options=0x8015;name=issue121-50160-3
2026-09-14T17:36:39.530Z,52716,enumerated_context,0000000000000A8A,0,0.000,405,4,405,4,owner=00000000004913DC;isWindow=0;ownerPid=0;get=1;device=0;options=0x8015;name=issue121-50160-2
2026-09-14T17:36:39.541Z,52716,enumerated_context,0000000000000A89,0,0.000,405,4,405,4,owner=00000000004913DC;isWindow=0;ownerPid=0;get=1;device=0;options=0x8015;name=issue121-50160-1
2026-09-14T17:36:39.552Z,52716,enumerated_context,0000000000000A88,0,0.000,405,4,405,4,owner=00000000004913DC;isWindow=0;ownerPid=0;get=1;device=0;options=0x8015;name=issue121-50160-0
2026-09-14T17:36:39.563Z,52716,enumerated_context,0000000000000A87,0,0.000,405,4,405,4,owner=00000000004813DC;isWindow=0;ownerPid=0;get=1;device=0;options=0x8015;name=issue121-44524-66
2026-09-14T17:36:39.573Z,52716,enumerated_context,0000000000000A86,0,0.000,405,4,405,4,owner=00000000004813DC;isWindow=0;ownerPid=0;get=1;device=0;options=0x8015;name=issue121-44524-65
2026-09-14T17:36:39.584Z,52716,enumerated_context,0000000000000A85,0,0.000,405,4,405,4,owner=00000000004813DC;isWindow=0;ownerPid=0;get=1;device=0;options=0x8015;name=issue121-44524-64
2026-09-14T17:36:39.595Z,52716,enumerated_context,0000000000000A84,0,0.000,405,4,405,4,owner=00000000004813DC;isWindow=0;ownerPid=0;get=1;device=0;options=0x8015;name=issue121-44524-63
2026-09-14T17:36:39.605Z,52716,enumerated_context,0000000000000A83,0,0.000,405,4,405,4,owner=00000000004813DC;isWindow=0;ownerPid=0;get=1;device=0;options=0x8015;name=issue121-44524-62
2026-09-14T17:36:39.616Z,52716,enumerated_context,0000000000000A82,0,0.000,405,4,405,4,owner=00000000004813DC;isWindow=0;ownerPid=0;get=1;device=0;options=0x8015;name=issue121-44524-61
2026-09-14T17:36:39.625Z,52716,enumerated_context,0000000000000A81,0,0.000,405,4,405,4,owner=00000000004813DC;isWindow=0;ownerPid=0;get=1;device=0;options=0x8015;name=issue121-44524-60
2026-09-14T17:36:39.635Z,52716,enumerated_context,0000000000000A80,0,0.000,405,4,405,4,owner=00000000004813DC;isWindow=0;ownerPid=0;get=1;device=0;options=0x8015;name=issue121-44524-59
2026-09-14T17:36:39.647Z,52716,enumerated_context,0000000000000A7F,0,0.000,405,4,405,4,owner=00000000004813DC;isWindow=0;ownerPid=0;get=1;device=0;options=0x8015;name=issue121-44524-58
2026-09-14T17:36:39.659Z,52716,enumerated_context,0000000000000A7E,0,0.000,405,4,405,4,owner=00000000004813DC;isWindow=0;ownerPid=0;get=1;device=0;options=0x8015;name=issue121-44524-57
2026-09-14T17:36:39.668Z,52716,enumerated_context,0000000000000A7D,0,0.000,405,4,405,4,owner=00000000004813DC;isWindow=0;ownerPid=0;get=1;device=0;options=0x8015;name=issue121-44524-56
2026-09-14T17:36:39.679Z,52716,enumerated_context,0000000000000A7C,0,0.000,405,4,405,4,owner=00000000004813DC;isWindow=0;ownerPid=0;get=1;device=0;options=0x8015;name=issue121-44524-55
2026-09-14T17:36:39.690Z,52716,enumerated_context,0000000000000A7B,0,0.000,405,4,405,4,owner=00000000004813DC;isWindow=0;ownerPid=0;get=1;device=0;options=0x8015;name=issue121-44524-54
2026-09-14T17:36:39.702Z,52716,enumerated_context,0000000000000A7A,0,0.000,405,4,405,4,owner=00000000004813DC;isWindow=0;ownerPid=0;get=1;device=0;options=0x8015;name=issue121-44524-53
2026-09-14T17:36:39.712Z,52716,enumerated_context,0000000000000A79,0,0.000,405,4,405,4,owner=00000000004813DC;isWindow=0;ownerPid=0;get=1;device=0;options=0x8015;name=issue121-44524-52
2026-09-14T17:36:39.725Z,52716,enumerated_context,0000000000000A78,0,0.000,405,4,405,4,owner=00000000004813DC;isWindow=0;ownerPid=0;get=1;device=0;options=0x8015;name=issue121-44524-51
2026-09-14T17:36:39.734Z,52716,enumerated_context,0000000000000A77,0,0.000,405,4,405,4,owner=00000000004813DC;isWindow=0;ownerPid=0;get=1;device=0;options=0x8015;name=issue121-44524-50
2026-09-14T17:36:39.745Z,52716,enumerated_context,0000000000000A76,0,0.000,405,4,405,4,owner=00000000004813DC;isWindow=0;ownerPid=0;get=1;device=0;options=0x8015;name=issue121-44524-49
2026-09-14T17:36:39.758Z,52716,enumerated_context,0000000000000A75,0,0.000,405,4,405,4,owner=00000000004813DC;isWindow=0;ownerPid=0;get=1;device=0;options=0x8015;name=issue121-44524-48
2026-09-14T17:36:39.765Z,52716,enumerated_context,0000000000000A74,0,0.000,405,4,405,4,owner=00000000004813DC;isWindow=0;ownerPid=0;get=1;device=0;options=0x8015;name=issue121-44524-47
2026-09-14T17:36:39.776Z,52716,enumerated_context,0000000000000A73,0,0.000,405,4,405,4,owner=00000000004813DC;isWindow=0;ownerPid=0;get=1;device=0;options=0x8015;name=issue121-44524-46
2026-09-14T17:36:39.785Z,52716,enumerated_context,0000000000000A72,0,0.000,405,4,405,4,owner=00000000004813DC;isWindow=0;ownerPid=0;get=1;device=0;options=0x8015;name=issue121-44524-45
2026-09-14T17:36:39.798Z,52716,enumerated_context,0000000000000A71,0,0.000,405,4,405,4,owner=00000000004813DC;isWindow=0;ownerPid=0;get=1;device=0;options=0x8015;name=issue121-44524-44
2026-09-14T17:36:39.808Z,52716,enumerated_context,0000000000000A70,0,0.000,405,4,405,4,owner=00000000004813DC;isWindow=0;ownerPid=0;get=1;device=0;options=0x8015;name=issue121-44524-43
2026-09-14T17:36:39.817Z,52716,enumerated_context,0000000000000A6F,0,0.000,405,4,405,4,owner=00000000004813DC;isWindow=0;ownerPid=0;get=1;device=0;options=0x8015;name=issue121-44524-42
2026-09-14T17:36:39.828Z,52716,enumerated_context,0000000000000A6E,0,0.000,405,4,405,4,owner=00000000004813DC;isWindow=0;ownerPid=0;get=1;device=0;options=0x8015;name=issue121-44524-41
2026-09-14T17:36:39.837Z,52716,enumerated_context,0000000000000A6D,0,0.000,405,4,405,4,owner=00000000004813DC;isWindow=0;ownerPid=0;get=1;device=0;options=0x8015;name=issue121-44524-40
2026-09-14T17:36:39.845Z,52716,enumerated_context,0000000000000A6C,0,0.000,405,4,405,4,owner=00000000004813DC;isWindow=0;ownerPid=0;get=1;device=0;options=0x8015;name=issue121-44524-39
2026-09-14T17:36:39.854Z,52716,enumerated_context,0000000000000A6B,0,0.000,405,4,405,4,owner=00000000004813DC;isWindow=0;ownerPid=0;get=1;device=0;options=0x8015;name=issue121-44524-38
2026-09-14T17:36:39.863Z,52716,enumerated_context,0000000000000A6A,0,0.000,405,4,405,4,owner=00000000004813DC;isWindow=0;ownerPid=0;get=1;device=0;options=0x8015;name=issue121-44524-37
2026-09-14T17:36:39.872Z,52716,enumerated_context,0000000000000A69,0,0.000,405,4,405,4,owner=00000000004813DC;isWindow=0;ownerPid=0;get=1;device=0;options=0x8015;name=issue121-44524-36
2026-09-14T17:36:39.882Z,52716,enumerated_context,0000000000000A68,0,0.000,405,4,405,4,owner=00000000004813DC;isWindow=0;ownerPid=0;get=1;device=0;options=0x8015;name=issue121-44524-35
2026-09-14T17:36:39.892Z,52716,enumerated_context,0000000000000A67,0,0.000,405,4,405,4,owner=00000000004813DC;isWindow=0;ownerPid=0;get=1;device=0;options=0x8015;name=issue121-44524-34
2026-09-14T17:36:39.902Z,52716,enumerated_context,0000000000000A66,0,0.000,405,4,405,4,owner=00000000004813DC;isWindow=0;ownerPid=0;get=1;device=0;options=0x8015;name=issue121-44524-33
2026-09-14T17:36:39.913Z,52716,enumerated_context,0000000000000A65,0,0.000,405,4,405,4,owner=00000000004813DC;isWindow=0;ownerPid=0;get=1;device=0;options=0x8015;name=issue121-44524-32
2026-09-14T17:36:39.925Z,52716,enumerated_context,0000000000000A64,0,0.000,405,4,405,4,owner=00000000004813DC;isWindow=0;ownerPid=0;get=1;device=0;options=0x8015;name=issue121-44524-31
2026-09-14T17:36:39.935Z,52716,enumerated_context,0000000000000A63,0,0.000,405,4,405,4,owner=00000000004813DC;isWindow=0;ownerPid=0;get=1;device=0;options=0x8015;name=issue121-44524-30
2026-09-14T17:36:39.948Z,52716,enumerated_context,0000000000000A62,0,0.000,405,4,405,4,owner=00000000004813DC;isWindow=0;ownerPid=0;get=1;device=0;options=0x8015;name=issue121-44524-29
2026-09-14T17:36:39.960Z,52716,enumerated_context,0000000000000A61,0,0.000,405,4,405,4,owner=00000000004813DC;isWindow=0;ownerPid=0;get=1;device=0;options=0x8015;name=issue121-44524-28
2026-09-14T17:36:39.972Z,52716,enumerated_context,0000000000000A60,0,0.000,405,4,405,4,owner=00000000004813DC;isWindow=0;ownerPid=0;get=1;device=0;options=0x8015;name=issue121-44524-27
2026-09-14T17:36:39.986Z,52716,enumerated_context,0000000000000A5F,0,0.000,405,4,405,4,owner=00000000004813DC;isWindow=0;ownerPid=0;get=1;device=0;options=0x8015;name=issue121-44524-26
2026-09-14T17:36:39.997Z,52716,enumerated_context,0000000000000A5E,0,0.000,405,4,405,4,owner=00000000004813DC;isWindow=0;ownerPid=0;get=1;device=0;options=0x8015;name=issue121-44524-25
2026-09-14T17:36:40.006Z,52716,enumerated_context,0000000000000A5D,0,0.000,405,4,405,4,owner=00000000004813DC;isWindow=0;ownerPid=0;get=1;device=0;options=0x8015;name=issue121-44524-24
2026-09-14T17:36:40.018Z,52716,enumerated_context,0000000000000A5C,0,0.000,405,4,405,4,owner=00000000004813DC;isWindow=0;ownerPid=0;get=1;device=0;options=0x8015;name=issue121-44524-23
2026-09-14T17:36:40.028Z,52716,enumerated_context,0000000000000A5B,0,0.000,405,4,405,4,owner=00000000004813DC;isWindow=0;ownerPid=0;get=1;device=0;options=0x8015;name=issue121-44524-22
2026-09-14T17:36:40.037Z,52716,enumerated_context,0000000000000A5A,0,0.000,405,4,405,4,owner=00000000004813DC;isWindow=0;ownerPid=0;get=1;device=0;options=0x8015;name=issue121-44524-21
2026-09-14T17:36:40.046Z,52716,enumerated_context,0000000000000A59,0,0.000,405,4,405,4,owner=00000000004813DC;isWindow=0;ownerPid=0;get=1;device=0;options=0x8015;name=issue121-44524-20
2026-09-14T17:36:40.054Z,52716,enumerated_context,0000000000000A58,0,0.000,405,4,405,4,owner=00000000004813DC;isWindow=0;ownerPid=0;get=1;device=0;options=0x8015;name=issue121-44524-19
2026-09-14T17:36:40.063Z,52716,enumerated_context,0000000000000A57,0,0.000,405,4,405,4,owner=00000000004813DC;isWindow=0;ownerPid=0;get=1;device=0;options=0x8015;name=issue121-44524-18
2026-09-14T17:36:40.072Z,52716,enumerated_context,0000000000000A56,0,0.000,405,4,405,4,owner=00000000004813DC;isWindow=0;ownerPid=0;get=1;device=0;options=0x8015;name=issue121-44524-17
2026-09-14T17:36:40.081Z,52716,enumerated_context,0000000000000A55,0,0.000,405,4,405,4,owner=00000000004813DC;isWindow=0;ownerPid=0;get=1;device=0;options=0x8015;name=issue121-44524-16
2026-09-14T17:36:40.091Z,52716,enumerated_context,0000000000000A54,0,0.000,405,4,405,4,owner=00000000004813DC;isWindow=0;ownerPid=0;get=1;device=0;options=0x8015;name=issue121-44524-15
2026-09-14T17:36:40.098Z,52716,enumerated_context,0000000000000A53,0,0.000,405,4,405,4,owner=00000000004813DC;isWindow=0;ownerPid=0;get=1;device=0;options=0x8015;name=issue121-44524-14
2026-09-14T17:36:40.108Z,52716,enumerated_context,0000000000000A52,0,0.000,405,4,405,4,owner=00000000004813DC;isWindow=0;ownerPid=0;get=1;device=0;options=0x8015;name=issue121-44524-13
2026-09-14T17:36:40.115Z,52716,enumerated_context,0000000000000A51,0,0.000,405,4,405,4,owner=00000000004813DC;isWindow=0;ownerPid=0;get=1;device=0;options=0x8015;name=issue121-44524-12
2026-09-14T17:36:40.124Z,52716,enumerated_context,0000000000000A50,0,0.000,405,4,405,4,owner=00000000004813DC;isWindow=0;ownerPid=0;get=1;device=0;options=0x8015;name=issue121-44524-11
2026-09-14T17:36:40.132Z,52716,enumerated_context,0000000000000A4F,0,0.000,405,4,405,4,owner=00000000004813DC;isWindow=0;ownerPid=0;get=1;device=0;options=0x8015;name=issue121-44524-10
2026-09-14T17:36:40.142Z,52716,enumerated_context,0000000000000A4E,0,0.000,405,4,405,4,owner=00000000004813DC;isWindow=0;ownerPid=0;get=1;device=0;options=0x8015;name=issue121-44524-9
2026-09-14T17:36:40.149Z,52716,enumerated_context,0000000000000A4D,0,0.000,405,4,405,4,owner=00000000004813DC;isWindow=0;ownerPid=0;get=1;device=0;options=0x8015;name=issue121-44524-8
2026-09-14T17:36:40.158Z,52716,enumerated_context,0000000000000A4C,0,0.000,405,4,405,4,owner=00000000004813DC;isWindow=0;ownerPid=0;get=1;device=0;options=0x8015;name=issue121-44524-7
2026-09-14T17:36:40.167Z,52716,enumerated_context,0000000000000A4B,0,0.000,405,4,405,4,owner=00000000004813DC;isWindow=0;ownerPid=0;get=1;device=0;options=0x8015;name=issue121-44524-6
2026-09-14T17:36:40.176Z,52716,enumerated_context,0000000000000A4A,0,0.000,405,4,405,4,owner=00000000004813DC;isWindow=0;ownerPid=0;get=1;device=0;options=0x8015;name=issue121-44524-5
2026-09-14T17:36:40.189Z,52716,enumerated_context,0000000000000A49,0,0.000,405,4,405,4,owner=00000000004813DC;isWindow=0;ownerPid=0;get=1;device=0;options=0x8015;name=issue121-44524-4
2026-09-14T17:36:40.198Z,52716,enumerated_context,0000000000000A48,0,0.000,405,4,405,4,owner=00000000004813DC;isWindow=0;ownerPid=0;get=1;device=0;options=0x8015;name=issue121-44524-3
2026-09-14T17:36:40.207Z,52716,enumerated_context,0000000000000A47,0,0.000,405,4,405,4,owner=00000000004813DC;isWindow=0;ownerPid=0;get=1;device=0;options=0x8015;name=issue121-44524-2
2026-09-14T17:36:40.217Z,52716,enumerated_context,0000000000000A46,0,0.000,405,4,405,4,owner=00000000004813DC;isWindow=0;ownerPid=0;get=1;device=0;options=0x8015;name=issue121-44524-1
2026-09-14T17:36:40.225Z,52716,enumerated_context,0000000000000A45,0,0.000,405,4,405,4,owner=00000000004813DC;isWindow=0;ownerPid=0;get=1;device=0;options=0x8015;name=issue121-44524-0
2026-09-14T17:36:40.233Z,52716,enumerated_context,0000000000000A44,0,0.000,405,4,405,4,owner=00000000004713DC;isWindow=0;ownerPid=0;get=1;device=0;options=0x8015;name=issue121-33960-66
2026-09-14T17:36:40.243Z,52716,enumerated_context,0000000000000A43,0,0.000,405,4,405,4,owner=00000000004713DC;isWindow=0;ownerPid=0;get=1;device=0;options=0x8015;name=issue121-33960-65
2026-09-14T17:36:40.252Z,52716,enumerated_context,0000000000000A42,0,0.000,405,4,405,4,owner=00000000004713DC;isWindow=0;ownerPid=0;get=1;device=0;options=0x8015;name=issue121-33960-64
2026-09-14T17:36:40.263Z,52716,enumerated_context,0000000000000A41,0,0.000,405,4,405,4,owner=00000000004713DC;isWindow=0;ownerPid=0;get=1;device=0;options=0x8015;name=issue121-33960-63
2026-09-14T17:36:40.272Z,52716,enumerated_context,0000000000000A40,0,0.000,405,4,405,4,owner=00000000004713DC;isWindow=0;ownerPid=0;get=1;device=0;options=0x8015;name=issue121-33960-62
2026-09-14T17:36:40.282Z,52716,enumerated_context,0000000000000A3F,0,0.000,405,4,405,4,owner=00000000004713DC;isWindow=0;ownerPid=0;get=1;device=0;options=0x8015;name=issue121-33960-61
2026-09-14T17:36:40.292Z,52716,enumerated_context,0000000000000A3E,0,0.000,405,4,405,4,owner=00000000004713DC;isWindow=0;ownerPid=0;get=1;device=0;options=0x8015;name=issue121-33960-60
2026-09-14T17:36:40.301Z,52716,enumerated_context,0000000000000A3D,0,0.000,405,4,405,4,owner=00000000004713DC;isWindow=0;ownerPid=0;get=1;device=0;options=0x8015;name=issue121-33960-59
2026-09-14T17:36:40.312Z,52716,enumerated_context,0000000000000A3C,0,0.000,405,4,405,4,owner=00000000004713DC;isWindow=0;ownerPid=0;get=1;device=0;options=0x8015;name=issue121-33960-58
2026-09-14T17:36:40.320Z,52716,enumerated_context,0000000000000A3B,0,0.000,405,4,405,4,owner=00000000004713DC;isWindow=0;ownerPid=0;get=1;device=0;options=0x8015;name=issue121-33960-57
2026-09-14T17:36:40.331Z,52716,enumerated_context,0000000000000A3A,0,0.000,405,4,405,4,owner=00000000004713DC;isWindow=0;ownerPid=0;get=1;device=0;options=0x8015;name=issue121-33960-56
2026-09-14T17:36:40.339Z,52716,enumerated_context,0000000000000A39,0,0.000,405,4,405,4,owner=00000000004713DC;isWindow=0;ownerPid=0;get=1;device=0;options=0x8015;name=issue121-33960-55
2026-09-14T17:36:40.349Z,52716,enumerated_context,0000000000000A38,0,0.000,405,4,405,4,owner=00000000004713DC;isWindow=0;ownerPid=0;get=1;device=0;options=0x8015;name=issue121-33960-54
2026-09-14T17:36:40.358Z,52716,enumerated_context,0000000000000A37,0,0.000,405,4,405,4,owner=00000000004713DC;isWindow=0;ownerPid=0;get=1;device=0;options=0x8015;name=issue121-33960-53
2026-09-14T17:36:40.368Z,52716,enumerated_context,0000000000000A36,0,0.000,405,4,405,4,owner=00000000004713DC;isWindow=0;ownerPid=0;get=1;device=0;options=0x8015;name=issue121-33960-52
2026-09-14T17:36:40.377Z,52716,enumerated_context,0000000000000A35,0,0.000,405,4,405,4,owner=00000000004713DC;isWindow=0;ownerPid=0;get=1;device=0;options=0x8015;name=issue121-33960-51
2026-09-14T17:36:40.386Z,52716,enumerated_context,0000000000000A34,0,0.000,405,4,405,4,owner=00000000004713DC;isWindow=0;ownerPid=0;get=1;device=0;options=0x8015;name=issue121-33960-50
2026-09-14T17:36:40.397Z,52716,enumerated_context,0000000000000A33,0,0.000,405,4,405,4,owner=00000000004713DC;isWindow=0;ownerPid=0;get=1;device=0;options=0x8015;name=issue121-33960-49
2026-09-14T17:36:40.405Z,52716,enumerated_context,0000000000000A32,0,0.000,405,4,405,4,owner=00000000004713DC;isWindow=0;ownerPid=0;get=1;device=0;options=0x8015;name=issue121-33960-48
2026-09-14T17:36:40.415Z,52716,enumerated_context,0000000000000A31,0,0.000,405,4,405,4,owner=00000000004713DC;isWindow=0;ownerPid=0;get=1;device=0;options=0x8015;name=issue121-33960-47
2026-09-14T17:36:40.425Z,52716,enumerated_context,0000000000000A30,0,0.000,405,4,405,4,owner=00000000004713DC;isWindow=0;ownerPid=0;get=1;device=0;options=0x8015;name=issue121-33960-46
2026-09-14T17:36:40.435Z,52716,enumerated_context,0000000000000A2F,0,0.000,405,4,405,4,owner=00000000004713DC;isWindow=0;ownerPid=0;get=1;device=0;options=0x8015;name=issue121-33960-45
2026-09-14T17:36:40.446Z,52716,enumerated_context,0000000000000A2E,0,0.000,405,4,405,4,owner=00000000004713DC;isWindow=0;ownerPid=0;get=1;device=0;options=0x8015;name=issue121-33960-44
2026-09-14T17:36:40.455Z,52716,enumerated_context,0000000000000A2D,0,0.000,405,4,405,4,owner=00000000004713DC;isWindow=0;ownerPid=0;get=1;device=0;options=0x8015;name=issue121-33960-43
2026-09-14T17:36:40.465Z,52716,enumerated_context,0000000000000A2C,0,0.000,405,4,405,4,owner=00000000004713DC;isWindow=0;ownerPid=0;get=1;device=0;options=0x8015;name=issue121-33960-42
2026-09-14T17:36:40.479Z,52716,enumerated_context,0000000000000A2B,0,0.000,405,4,405,4,owner=00000000004713DC;isWindow=0;ownerPid=0;get=1;device=0;options=0x8015;name=issue121-33960-41
2026-09-14T17:36:40.489Z,52716,enumerated_context,0000000000000A2A,0,0.000,405,4,405,4,owner=00000000004713DC;isWindow=0;ownerPid=0;get=1;device=0;options=0x8015;name=issue121-33960-40
2026-09-14T17:36:40.500Z,52716,enumerated_context,0000000000000A29,0,0.000,405,4,405,4,owner=00000000004713DC;isWindow=0;ownerPid=0;get=1;device=0;options=0x8015;name=issue121-33960-39
2026-09-14T17:36:40.509Z,52716,enumerated_context,0000000000000A28,0,0.000,405,4,405,4,owner=00000000004713DC;isWindow=0;ownerPid=0;get=1;device=0;options=0x8015;name=issue121-33960-38
2026-09-14T17:36:40.518Z,52716,enumerated_context,0000000000000A27,0,0.000,405,4,405,4,owner=00000000004713DC;isWindow=0;ownerPid=0;get=1;device=0;options=0x8015;name=issue121-33960-37
2026-09-14T17:36:40.529Z,52716,enumerated_context,0000000000000A26,0,0.000,405,4,405,4,owner=00000000004713DC;isWindow=0;ownerPid=0;get=1;device=0;options=0x8015;name=issue121-33960-36
2026-09-14T17:36:40.540Z,52716,enumerated_context,0000000000000A25,0,0.000,405,4,405,4,owner=00000000004713DC;isWindow=0;ownerPid=0;get=1;device=0;options=0x8015;name=issue121-33960-35
2026-09-14T17:36:40.552Z,52716,enumerated_context,0000000000000A24,0,0.000,405,4,405,4,owner=00000000004713DC;isWindow=0;ownerPid=0;get=1;device=0;options=0x8015;name=issue121-33960-34
2026-09-14T17:36:40.562Z,52716,enumerated_context,0000000000000A23,0,0.000,405,4,405,4,owner=00000000004713DC;isWindow=0;ownerPid=0;get=1;device=0;options=0x8015;name=issue121-33960-33
2026-09-14T17:36:40.570Z,52716,enumerated_context,0000000000000A22,0,0.000,405,4,405,4,owner=00000000004713DC;isWindow=0;ownerPid=0;get=1;device=0;options=0x8015;name=issue121-33960-32
2026-09-14T17:36:40.580Z,52716,enumerated_context,0000000000000A21,0,0.000,405,4,405,4,owner=00000000004713DC;isWindow=0;ownerPid=0;get=1;device=0;options=0x8015;name=issue121-33960-31
2026-09-14T17:36:40.588Z,52716,enumerated_context,0000000000000A20,0,0.000,405,4,405,4,owner=00000000004713DC;isWindow=0;ownerPid=0;get=1;device=0;options=0x8015;name=issue121-33960-30
2026-09-14T17:36:40.600Z,52716,enumerated_context,0000000000000A1F,0,0.000,405,4,405,4,owner=00000000004713DC;isWindow=0;ownerPid=0;get=1;device=0;options=0x8015;name=issue121-33960-29
2026-09-14T17:36:40.610Z,52716,enumerated_context,0000000000000A1E,0,0.000,405,4,405,4,owner=00000000004713DC;isWindow=0;ownerPid=0;get=1;device=0;options=0x8015;name=issue121-33960-28
2026-09-14T17:36:40.618Z,52716,enumerated_context,0000000000000A1D,0,0.000,405,4,405,4,owner=00000000004713DC;isWindow=0;ownerPid=0;get=1;device=0;options=0x8015;name=issue121-33960-27
2026-09-14T17:36:40.629Z,52716,enumerated_context,0000000000000A1C,0,0.000,405,4,405,4,owner=00000000004713DC;isWindow=0;ownerPid=0;get=1;device=0;options=0x8015;name=issue121-33960-26
2026-09-14T17:36:40.638Z,52716,enumerated_context,0000000000000A1B,0,0.000,405,4,405,4,owner=00000000004713DC;isWindow=0;ownerPid=0;get=1;device=0;options=0x8015;name=issue121-33960-25
2026-09-14T17:36:40.648Z,52716,enumerated_context,0000000000000A1A,0,0.000,405,4,405,4,owner=00000000004713DC;isWindow=0;ownerPid=0;get=1;device=0;options=0x8015;name=issue121-33960-24
2026-09-14T17:36:40.657Z,52716,enumerated_context,0000000000000A19,0,0.000,405,4,405,4,owner=00000000004713DC;isWindow=0;ownerPid=0;get=1;device=0;options=0x8015;name=issue121-33960-23
2026-09-14T17:36:40.667Z,52716,enumerated_context,0000000000000A18,0,0.000,405,4,405,4,owner=00000000004713DC;isWindow=0;ownerPid=0;get=1;device=0;options=0x8015;name=issue121-33960-22
2026-09-14T17:36:40.677Z,52716,enumerated_context,0000000000000A17,0,0.000,405,4,405,4,owner=00000000004713DC;isWindow=0;ownerPid=0;get=1;device=0;options=0x8015;name=issue121-33960-21
2026-09-14T17:36:40.686Z,52716,enumerated_context,0000000000000A16,0,0.000,405,4,405,4,owner=00000000004713DC;isWindow=0;ownerPid=0;get=1;device=0;options=0x8015;name=issue121-33960-20
2026-09-14T17:36:40.695Z,52716,enumerated_context,0000000000000A15,0,0.000,405,4,405,4,owner=00000000004713DC;isWindow=0;ownerPid=0;get=1;device=0;options=0x8015;name=issue121-33960-19
2026-09-14T17:36:40.705Z,52716,enumerated_context,0000000000000A14,0,0.000,405,4,405,4,owner=00000000004713DC;isWindow=0;ownerPid=0;get=1;device=0;options=0x8015;name=issue121-33960-18
2026-09-14T17:36:40.715Z,52716,enumerated_context,0000000000000A13,0,0.000,405,4,405,4,owner=00000000004713DC;isWindow=0;ownerPid=0;get=1;device=0;options=0x8015;name=issue121-33960-17
2026-09-14T17:36:40.723Z,52716,enumerated_context,0000000000000A12,0,0.000,405,4,405,4,owner=00000000004713DC;isWindow=0;ownerPid=0;get=1;device=0;options=0x8015;name=issue121-33960-16
2026-09-14T17:36:40.732Z,52716,enumerated_context,0000000000000A11,0,0.000,405,4,405,4,owner=00000000004713DC;isWindow=0;ownerPid=0;get=1;device=0;options=0x8015;name=issue121-33960-15
2026-09-14T17:36:40.746Z,52716,enumerated_context,0000000000000A10,0,0.000,405,4,405,4,owner=00000000004713DC;isWindow=0;ownerPid=0;get=1;device=0;options=0x8015;name=issue121-33960-14
2026-09-14T17:36:40.754Z,52716,enumerated_context,0000000000000A0F,0,0.000,405,4,405,4,owner=00000000004713DC;isWindow=0;ownerPid=0;get=1;device=0;options=0x8015;name=issue121-33960-13
2026-09-14T17:36:40.767Z,52716,enumerated_context,0000000000000A0E,0,0.000,405,4,405,4,owner=00000000004713DC;isWindow=0;ownerPid=0;get=1;device=0;options=0x8015;name=issue121-33960-12
2026-09-14T17:36:40.779Z,52716,enumerated_context,0000000000000A0D,0,0.000,405,4,405,4,owner=00000000004713DC;isWindow=0;ownerPid=0;get=1;device=0;options=0x8015;name=issue121-33960-11
2026-09-14T17:36:40.790Z,52716,enumerated_context,0000000000000A0C,0,0.000,405,4,405,4,owner=00000000004713DC;isWindow=0;ownerPid=0;get=1;device=0;options=0x8015;name=issue121-33960-10
2026-09-14T17:36:40.802Z,52716,enumerated_context,0000000000000A0B,0,0.000,405,4,405,4,owner=00000000004713DC;isWindow=0;ownerPid=0;get=1;device=0;options=0x8015;name=issue121-33960-9
2026-09-14T17:36:40.812Z,52716,enumerated_context,0000000000000A0A,0,0.000,405,4,405,4,owner=00000000004713DC;isWindow=0;ownerPid=0;get=1;device=0;options=0x8015;name=issue121-33960-8
2026-09-14T17:36:40.823Z,52716,enumerated_context,0000000000000A09,0,0.000,405,4,405,4,owner=00000000004713DC;isWindow=0;ownerPid=0;get=1;device=0;options=0x8015;name=issue121-33960-7
2026-09-14T17:36:40.834Z,52716,enumerated_context,0000000000000A08,0,0.000,405,4,405,4,owner=00000000004713DC;isWindow=0;ownerPid=0;get=1;device=0;options=0x8015;name=issue121-33960-6
2026-09-14T17:36:40.845Z,52716,enumerated_context,0000000000000A07,0,0.000,405,4,405,4,owner=00000000004713DC;isWindow=0;ownerPid=0;get=1;device=0;options=0x8015;name=issue121-33960-5
2026-09-14T17:36:40.855Z,52716,enumerated_context,0000000000000A06,0,0.000,405,4,405,4,owner=00000000004713DC;isWindow=0;ownerPid=0;get=1;device=0;options=0x8015;name=issue121-33960-4
2026-09-14T17:36:40.868Z,52716,enumerated_context,0000000000000A05,0,0.000,405,4,405,4,owner=00000000004713DC;isWindow=0;ownerPid=0;get=1;device=0;options=0x8015;name=issue121-33960-3
2026-09-14T17:36:40.880Z,52716,enumerated_context,0000000000000A04,0,0.000,405,4,405,4,owner=00000000004713DC;isWindow=0;ownerPid=0;get=1;device=0;options=0x8015;name=issue121-33960-2
2026-09-14T17:36:40.892Z,52716,enumerated_context,0000000000000A03,0,0.000,405,4,405,4,owner=00000000004713DC;isWindow=0;ownerPid=0;get=1;device=0;options=0x8015;name=issue121-33960-1
2026-09-14T17:36:40.903Z,52716,enumerated_context,0000000000000A02,0,0.000,405,4,405,4,owner=00000000004713DC;isWindow=0;ownerPid=0;get=1;device=0;options=0x8015;name=issue121-33960-0
2026-09-14T17:36:40.915Z,52716,enumerated_context,0000000000000801,0,0.000,405,4,405,4,owner=0000000000000000;isWindow=0;ownerPid=0;get=1;device=0;options=0x8011;name=
2026-09-14T17:36:40.927Z,52716,enumerated_context,00000000000012CA,0,0.000,405,4,405,4,owner=00000000004913DC;isWindow=0;ownerPid=0;get=1;device=1;options=0x8015;name=issue121-50160-66
2026-09-14T17:36:40.937Z,52716,enumerated_context,00000000000012C9,0,0.000,405,4,405,4,owner=00000000004913DC;isWindow=0;ownerPid=0;get=1;device=1;options=0x8015;name=issue121-50160-65
2026-09-14T17:36:40.950Z,52716,enumerated_context,00000000000012C8,0,0.000,405,4,405,4,owner=00000000004913DC;isWindow=0;ownerPid=0;get=1;device=1;options=0x8015;name=issue121-50160-64
2026-09-14T17:36:40.962Z,52716,enumerated_context,00000000000012C7,0,0.000,405,4,405,4,owner=00000000004913DC;isWindow=0;ownerPid=0;get=1;device=1;options=0x8015;name=issue121-50160-63
2026-09-14T17:36:40.971Z,52716,enumerated_context,00000000000012C6,0,0.000,405,4,405,4,owner=00000000004913DC;isWindow=0;ownerPid=0;get=1;device=1;options=0x8015;name=issue121-50160-62
2026-09-14T17:36:40.985Z,52716,enumerated_context,00000000000012C5,0,0.000,405,4,405,4,owner=00000000004913DC;isWindow=0;ownerPid=0;get=1;device=1;options=0x8015;name=issue121-50160-61
2026-09-14T17:36:40.995Z,52716,enumerated_context,00000000000012C4,0,0.000,405,4,405,4,owner=00000000004913DC;isWindow=0;ownerPid=0;get=1;device=1;options=0x8015;name=issue121-50160-60
2026-09-14T17:36:41.007Z,52716,enumerated_context,00000000000012C3,0,0.000,405,4,405,4,owner=00000000004913DC;isWindow=0;ownerPid=0;get=1;device=1;options=0x8015;name=issue121-50160-59
2026-09-14T17:36:41.020Z,52716,enumerated_context,00000000000012C2,0,0.000,405,4,405,4,owner=00000000004913DC;isWindow=0;ownerPid=0;get=1;device=1;options=0x8015;name=issue121-50160-58
2026-09-14T17:36:41.032Z,52716,enumerated_context,00000000000012C1,0,0.000,405,4,405,4,owner=00000000004913DC;isWindow=0;ownerPid=0;get=1;device=1;options=0x8015;name=issue121-50160-57
2026-09-14T17:36:41.043Z,52716,enumerated_context,00000000000012C0,0,0.000,405,4,405,4,owner=00000000004913DC;isWindow=0;ownerPid=0;get=1;device=1;options=0x8015;name=issue121-50160-56
2026-09-14T17:36:41.052Z,52716,enumerated_context,00000000000012BF,0,0.000,405,4,405,4,owner=00000000004913DC;isWindow=0;ownerPid=0;get=1;device=1;options=0x8015;name=issue121-50160-55
2026-09-14T17:36:41.063Z,52716,enumerated_context,00000000000012BE,0,0.000,405,4,405,4,owner=00000000004913DC;isWindow=0;ownerPid=0;get=1;device=1;options=0x8015;name=issue121-50160-54
2026-09-14T17:36:41.072Z,52716,enumerated_context,00000000000012BD,0,0.000,405,4,405,4,owner=00000000004913DC;isWindow=0;ownerPid=0;get=1;device=1;options=0x8015;name=issue121-50160-53
2026-09-14T17:36:41.082Z,52716,enumerated_context,00000000000012BC,0,0.000,405,4,405,4,owner=00000000004913DC;isWindow=0;ownerPid=0;get=1;device=1;options=0x8015;name=issue121-50160-52
2026-09-14T17:36:41.093Z,52716,enumerated_context,00000000000012BB,0,0.000,405,4,405,4,owner=00000000004913DC;isWindow=0;ownerPid=0;get=1;device=1;options=0x8015;name=issue121-50160-51
2026-09-14T17:36:41.102Z,52716,enumerated_context,00000000000012BA,0,0.000,405,4,405,4,owner=00000000004913DC;isWindow=0;ownerPid=0;get=1;device=1;options=0x8015;name=issue121-50160-50
2026-09-14T17:36:41.112Z,52716,enumerated_context,00000000000012B9,0,0.000,405,4,405,4,owner=00000000004913DC;isWindow=0;ownerPid=0;get=1;device=1;options=0x8015;name=issue121-50160-49
2026-09-14T17:36:41.122Z,52716,enumerated_context,00000000000012B8,0,0.000,405,4,405,4,owner=00000000004913DC;isWindow=0;ownerPid=0;get=1;device=1;options=0x8015;name=issue121-50160-48
2026-09-14T17:36:41.132Z,52716,enumerated_context,00000000000012B7,0,0.000,405,4,405,4,owner=00000000004913DC;isWindow=0;ownerPid=0;get=1;device=1;options=0x8015;name=issue121-50160-47
2026-09-14T17:36:41.142Z,52716,enumerated_context,00000000000012B6,0,0.000,405,4,405,4,owner=00000000004913DC;isWindow=0;ownerPid=0;get=1;device=1;options=0x8015;name=issue121-50160-46
2026-09-14T17:36:41.151Z,52716,enumerated_context,00000000000012B5,0,0.000,405,4,405,4,owner=00000000004913DC;isWindow=0;ownerPid=0;get=1;device=1;options=0x8015;name=issue121-50160-45
2026-09-14T17:36:41.162Z,52716,enumerated_context,00000000000012B4,0,0.000,405,4,405,4,owner=00000000004913DC;isWindow=0;ownerPid=0;get=1;device=1;options=0x8015;name=issue121-50160-44
2026-09-14T17:36:41.169Z,52716,enumerated_context,00000000000012B3,0,0.000,405,4,405,4,owner=00000000004913DC;isWindow=0;ownerPid=0;get=1;device=1;options=0x8015;name=issue121-50160-43
2026-09-14T17:36:41.180Z,52716,enumerated_context,00000000000012B2,0,0.000,405,4,405,4,owner=00000000004913DC;isWindow=0;ownerPid=0;get=1;device=1;options=0x8015;name=issue121-50160-42
2026-09-14T17:36:41.189Z,52716,enumerated_context,00000000000012B1,0,0.000,405,4,405,4,owner=00000000004913DC;isWindow=0;ownerPid=0;get=1;device=1;options=0x8015;name=issue121-50160-41
2026-09-14T17:36:41.200Z,52716,enumerated_context,00000000000012B0,0,0.000,405,4,405,4,owner=00000000004913DC;isWindow=0;ownerPid=0;get=1;device=1;options=0x8015;name=issue121-50160-40
2026-09-14T17:36:41.209Z,52716,enumerated_context,00000000000012AF,0,0.000,405,4,405,4,owner=00000000004913DC;isWindow=0;ownerPid=0;get=1;device=1;options=0x8015;name=issue121-50160-39
2026-09-14T17:36:41.218Z,52716,enumerated_context,00000000000012AE,0,0.000,405,4,405,4,owner=00000000004913DC;isWindow=0;ownerPid=0;get=1;device=1;options=0x8015;name=issue121-50160-38
2026-09-14T17:36:41.228Z,52716,enumerated_context,00000000000012AD,0,0.000,405,4,405,4,owner=00000000004913DC;isWindow=0;ownerPid=0;get=1;device=1;options=0x8015;name=issue121-50160-37
2026-09-14T17:36:41.239Z,52716,enumerated_context,00000000000012AC,0,0.000,405,4,405,4,owner=00000000004913DC;isWindow=0;ownerPid=0;get=1;device=1;options=0x8015;name=issue121-50160-36
2026-09-14T17:36:41.252Z,52716,enumerated_context,00000000000012AB,0,0.000,405,4,405,4,owner=00000000004913DC;isWindow=0;ownerPid=0;get=1;device=1;options=0x8015;name=issue121-50160-35
2026-09-14T17:36:41.262Z,52716,enumerated_context,00000000000012AA,0,0.000,405,4,405,4,owner=00000000004913DC;isWindow=0;ownerPid=0;get=1;device=1;options=0x8015;name=issue121-50160-34
2026-09-14T17:36:41.270Z,52716,enumerated_context,00000000000012A9,0,0.000,405,4,405,4,owner=00000000004913DC;isWindow=0;ownerPid=0;get=1;device=1;options=0x8015;name=issue121-50160-33
2026-09-14T17:36:41.282Z,52716,enumerated_context,00000000000012A8,0,0.000,405,4,405,4,owner=00000000004913DC;isWindow=0;ownerPid=0;get=1;device=1;options=0x8015;name=issue121-50160-32
2026-09-14T17:36:41.290Z,52716,enumerated_context,00000000000012A7,0,0.000,405,4,405,4,owner=00000000004913DC;isWindow=0;ownerPid=0;get=1;device=1;options=0x8015;name=issue121-50160-31
2026-09-14T17:36:41.301Z,52716,enumerated_context,00000000000012A6,0,0.000,405,4,405,4,owner=00000000004913DC;isWindow=0;ownerPid=0;get=1;device=1;options=0x8015;name=issue121-50160-30
2026-09-14T17:36:41.310Z,52716,enumerated_context,00000000000012A5,0,0.000,405,4,405,4,owner=00000000004913DC;isWindow=0;ownerPid=0;get=1;device=1;options=0x8015;name=issue121-50160-29
2026-09-14T17:36:41.319Z,52716,enumerated_context,00000000000012A4,0,0.000,405,4,405,4,owner=00000000004913DC;isWindow=0;ownerPid=0;get=1;device=1;options=0x8015;name=issue121-50160-28
2026-09-14T17:36:41.330Z,52716,enumerated_context,00000000000012A3,0,0.000,405,4,405,4,owner=00000000004913DC;isWindow=0;ownerPid=0;get=1;device=1;options=0x8015;name=issue121-50160-27
2026-09-14T17:36:41.339Z,52716,enumerated_context,00000000000012A2,0,0.000,405,4,405,4,owner=00000000004913DC;isWindow=0;ownerPid=0;get=1;device=1;options=0x8015;name=issue121-50160-26
2026-09-14T17:36:41.348Z,52716,enumerated_context,00000000000012A1,0,0.000,405,4,405,4,owner=00000000004913DC;isWindow=0;ownerPid=0;get=1;device=1;options=0x8015;name=issue121-50160-25
2026-09-14T17:36:41.358Z,52716,enumerated_context,00000000000012A0,0,0.000,405,4,405,4,owner=00000000004913DC;isWindow=0;ownerPid=0;get=1;device=1;options=0x8015;name=issue121-50160-24
2026-09-14T17:36:41.368Z,52716,enumerated_context,000000000000129F,0,0.000,405,4,405,4,owner=00000000004913DC;isWindow=0;ownerPid=0;get=1;device=1;options=0x8015;name=issue121-50160-23
2026-09-14T17:36:41.378Z,52716,enumerated_context,000000000000129E,0,0.000,405,4,405,4,owner=00000000004913DC;isWindow=0;ownerPid=0;get=1;device=1;options=0x8015;name=issue121-50160-22
2026-09-14T17:36:41.387Z,52716,enumerated_context,000000000000129D,0,0.000,405,4,405,4,owner=00000000004913DC;isWindow=0;ownerPid=0;get=1;device=1;options=0x8015;name=issue121-50160-21
2026-09-14T17:36:41.398Z,52716,enumerated_context,000000000000129C,0,0.000,405,4,405,4,owner=00000000004913DC;isWindow=0;ownerPid=0;get=1;device=1;options=0x8015;name=issue121-50160-20
2026-09-14T17:36:41.407Z,52716,enumerated_context,000000000000129B,0,0.000,405,4,405,4,owner=00000000004913DC;isWindow=0;ownerPid=0;get=1;device=1;options=0x8015;name=issue121-50160-19
2026-09-14T17:36:41.416Z,52716,enumerated_context,000000000000129A,0,0.000,405,4,405,4,owner=00000000004913DC;isWindow=0;ownerPid=0;get=1;device=1;options=0x8015;name=issue121-50160-18
2026-09-14T17:36:41.425Z,52716,enumerated_context,0000000000001299,0,0.000,405,4,405,4,owner=00000000004913DC;isWindow=0;ownerPid=0;get=1;device=1;options=0x8015;name=issue121-50160-17
2026-09-14T17:36:41.435Z,52716,enumerated_context,0000000000001298,0,0.000,405,4,405,4,owner=00000000004913DC;isWindow=0;ownerPid=0;get=1;device=1;options=0x8015;name=issue121-50160-16
2026-09-14T17:36:41.444Z,52716,enumerated_context,0000000000001297,0,0.000,405,4,405,4,owner=00000000004913DC;isWindow=0;ownerPid=0;get=1;device=1;options=0x8015;name=issue121-50160-15
2026-09-14T17:36:41.453Z,52716,enumerated_context,0000000000001296,0,0.000,405,4,405,4,owner=00000000004913DC;isWindow=0;ownerPid=0;get=1;device=1;options=0x8015;name=issue121-50160-14
2026-09-14T17:36:41.465Z,52716,enumerated_context,0000000000001295,0,0.000,405,4,405,4,owner=00000000004913DC;isWindow=0;ownerPid=0;get=1;device=1;options=0x8015;name=issue121-50160-13
2026-09-14T17:36:41.474Z,52716,enumerated_context,0000000000001294,0,0.000,405,4,405,4,owner=00000000004913DC;isWindow=0;ownerPid=0;get=1;device=1;options=0x8015;name=issue121-50160-12
2026-09-14T17:36:41.486Z,52716,enumerated_context,0000000000001293,0,0.000,405,4,405,4,owner=00000000004913DC;isWindow=0;ownerPid=0;get=1;device=1;options=0x8015;name=issue121-50160-11
2026-09-14T17:36:41.498Z,52716,enumerated_context,0000000000001292,0,0.000,405,4,405,4,owner=00000000004913DC;isWindow=0;ownerPid=0;get=1;device=1;options=0x8015;name=issue121-50160-10
2026-09-14T17:36:41.508Z,52716,enumerated_context,0000000000001291,0,0.000,405,4,405,4,owner=00000000004913DC;isWindow=0;ownerPid=0;get=1;device=1;options=0x8015;name=issue121-50160-9
2026-09-14T17:36:41.517Z,52716,enumerated_context,0000000000001290,0,0.000,405,4,405,4,owner=00000000004913DC;isWindow=0;ownerPid=0;get=1;device=1;options=0x8015;name=issue121-50160-8
2026-09-14T17:36:41.528Z,52716,enumerated_context,000000000000128F,0,0.000,405,4,405,4,owner=00000000004913DC;isWindow=0;ownerPid=0;get=1;device=1;options=0x8015;name=issue121-50160-7
2026-09-14T17:36:41.536Z,52716,enumerated_context,000000000000128E,0,0.000,405,4,405,4,owner=00000000004913DC;isWindow=0;ownerPid=0;get=1;device=1;options=0x8015;name=issue121-50160-6
2026-09-14T17:36:41.547Z,52716,enumerated_context,000000000000128D,0,0.000,405,4,405,4,owner=00000000004913DC;isWindow=0;ownerPid=0;get=1;device=1;options=0x8015;name=issue121-50160-5
2026-09-14T17:36:41.556Z,52716,enumerated_context,000000000000128C,0,0.000,405,4,405,4,owner=00000000004913DC;isWindow=0;ownerPid=0;get=1;device=1;options=0x8015;name=issue121-50160-4
2026-09-14T17:36:41.568Z,52716,enumerated_context,000000000000128B,0,0.000,405,4,405,4,owner=00000000004913DC;isWindow=0;ownerPid=0;get=1;device=1;options=0x8015;name=issue121-50160-3
2026-09-14T17:36:41.580Z,52716,enumerated_context,000000000000128A,0,0.000,405,4,405,4,owner=00000000004913DC;isWindow=0;ownerPid=0;get=1;device=1;options=0x8015;name=issue121-50160-2
2026-09-14T17:36:41.591Z,52716,enumerated_context,0000000000001289,0,0.000,405,4,405,4,owner=00000000004913DC;isWindow=0;ownerPid=0;get=1;device=1;options=0x8015;name=issue121-50160-1
2026-09-14T17:36:41.601Z,52716,enumerated_context,0000000000001288,0,0.000,405,4,405,4,owner=00000000004913DC;isWindow=0;ownerPid=0;get=1;device=1;options=0x8015;name=issue121-50160-0
2026-09-14T17:36:41.612Z,52716,enumerated_context,0000000000001287,0,0.000,405,4,405,4,owner=00000000004813DC;isWindow=0;ownerPid=0;get=1;device=1;options=0x8015;name=issue121-44524-66
2026-09-14T17:36:41.621Z,52716,enumerated_context,0000000000001286,0,0.000,405,4,405,4,owner=00000000004813DC;isWindow=0;ownerPid=0;get=1;device=1;options=0x8015;name=issue121-44524-65
2026-09-14T17:36:41.631Z,52716,enumerated_context,0000000000001285,0,0.000,405,4,405,4,owner=00000000004813DC;isWindow=0;ownerPid=0;get=1;device=1;options=0x8015;name=issue121-44524-64
2026-09-14T17:36:41.640Z,52716,enumerated_context,0000000000001284,0,0.000,405,4,405,4,owner=00000000004813DC;isWindow=0;ownerPid=0;get=1;device=1;options=0x8015;name=issue121-44524-63
2026-09-14T17:36:41.651Z,52716,enumerated_context,0000000000001283,0,0.000,405,4,405,4,owner=00000000004813DC;isWindow=0;ownerPid=0;get=1;device=1;options=0x8015;name=issue121-44524-62
2026-09-14T17:36:41.660Z,52716,enumerated_context,0000000000001282,0,0.000,405,4,405,4,owner=00000000004813DC;isWindow=0;ownerPid=0;get=1;device=1;options=0x8015;name=issue121-44524-61
2026-09-14T17:36:41.672Z,52716,enumerated_context,0000000000001281,0,0.000,405,4,405,4,owner=00000000004813DC;isWindow=0;ownerPid=0;get=1;device=1;options=0x8015;name=issue121-44524-60
2026-09-14T17:36:41.682Z,52716,enumerated_context,0000000000001280,0,0.000,405,4,405,4,owner=00000000004813DC;isWindow=0;ownerPid=0;get=1;device=1;options=0x8015;name=issue121-44524-59
2026-09-14T17:36:41.693Z,52716,enumerated_context,000000000000127F,0,0.000,405,4,405,4,owner=00000000004813DC;isWindow=0;ownerPid=0;get=1;device=1;options=0x8015;name=issue121-44524-58
2026-09-14T17:36:41.702Z,52716,enumerated_context,000000000000127E,0,0.000,405,4,405,4,owner=00000000004813DC;isWindow=0;ownerPid=0;get=1;device=1;options=0x8015;name=issue121-44524-57
2026-09-14T17:36:41.713Z,52716,enumerated_context,000000000000127D,0,0.000,405,4,405,4,owner=00000000004813DC;isWindow=0;ownerPid=0;get=1;device=1;options=0x8015;name=issue121-44524-56
2026-09-14T17:36:41.722Z,52716,enumerated_context,000000000000127C,0,0.000,405,4,405,4,owner=00000000004813DC;isWindow=0;ownerPid=0;get=1;device=1;options=0x8015;name=issue121-44524-55
2026-09-14T17:36:41.732Z,52716,enumerated_context,000000000000127B,0,0.000,405,4,405,4,owner=00000000004813DC;isWindow=0;ownerPid=0;get=1;device=1;options=0x8015;name=issue121-44524-54
2026-09-14T17:36:41.741Z,52716,enumerated_context,000000000000127A,0,0.000,405,4,405,4,owner=00000000004813DC;isWindow=0;ownerPid=0;get=1;device=1;options=0x8015;name=issue121-44524-53
2026-09-14T17:36:41.752Z,52716,enumerated_context,0000000000001279,0,0.000,405,4,405,4,owner=00000000004813DC;isWindow=0;ownerPid=0;get=1;device=1;options=0x8015;name=issue121-44524-52
2026-09-14T17:36:41.763Z,52716,enumerated_context,0000000000001278,0,0.000,405,4,405,4,owner=00000000004813DC;isWindow=0;ownerPid=0;get=1;device=1;options=0x8015;name=issue121-44524-51
2026-09-14T17:36:41.775Z,52716,enumerated_context,0000000000001277,0,0.000,405,4,405,4,owner=00000000004813DC;isWindow=0;ownerPid=0;get=1;device=1;options=0x8015;name=issue121-44524-50
2026-09-14T17:36:41.785Z,52716,enumerated_context,0000000000001276,0,0.000,405,4,405,4,owner=00000000004813DC;isWindow=0;ownerPid=0;get=1;device=1;options=0x8015;name=issue121-44524-49
2026-09-14T17:36:41.798Z,52716,enumerated_context,0000000000001275,0,0.000,405,4,405,4,owner=00000000004813DC;isWindow=0;ownerPid=0;get=1;device=1;options=0x8015;name=issue121-44524-48
2026-09-14T17:36:41.808Z,52716,enumerated_context,0000000000001274,0,0.000,405,4,405,4,owner=00000000004813DC;isWindow=0;ownerPid=0;get=1;device=1;options=0x8015;name=issue121-44524-47
2026-09-14T17:36:41.817Z,52716,enumerated_context,0000000000001273,0,0.000,405,4,405,4,owner=00000000004813DC;isWindow=0;ownerPid=0;get=1;device=1;options=0x8015;name=issue121-44524-46
2026-09-14T17:36:41.828Z,52716,enumerated_context,0000000000001272,0,0.000,405,4,405,4,owner=00000000004813DC;isWindow=0;ownerPid=0;get=1;device=1;options=0x8015;name=issue121-44524-45
2026-09-14T17:36:41.838Z,52716,enumerated_context,0000000000001271,0,0.000,405,4,405,4,owner=00000000004813DC;isWindow=0;ownerPid=0;get=1;device=1;options=0x8015;name=issue121-44524-44
2026-09-14T17:36:41.848Z,52716,enumerated_context,0000000000001270,0,0.000,405,4,405,4,owner=00000000004813DC;isWindow=0;ownerPid=0;get=1;device=1;options=0x8015;name=issue121-44524-43
2026-09-14T17:36:41.858Z,52716,enumerated_context,000000000000126F,0,0.000,405,4,405,4,owner=00000000004813DC;isWindow=0;ownerPid=0;get=1;device=1;options=0x8015;name=issue121-44524-42
2026-09-14T17:36:41.868Z,52716,enumerated_context,000000000000126E,0,0.000,405,4,405,4,owner=00000000004813DC;isWindow=0;ownerPid=0;get=1;device=1;options=0x8015;name=issue121-44524-41
2026-09-14T17:36:41.878Z,52716,enumerated_context,000000000000126D,0,0.000,405,4,405,4,owner=00000000004813DC;isWindow=0;ownerPid=0;get=1;device=1;options=0x8015;name=issue121-44524-40
2026-09-14T17:36:41.889Z,52716,enumerated_context,000000000000126C,0,0.000,405,4,405,4,owner=00000000004813DC;isWindow=0;ownerPid=0;get=1;device=1;options=0x8015;name=issue121-44524-39
2026-09-14T17:36:41.899Z,52716,enumerated_context,000000000000126B,0,0.000,405,4,405,4,owner=00000000004813DC;isWindow=0;ownerPid=0;get=1;device=1;options=0x8015;name=issue121-44524-38
2026-09-14T17:36:41.909Z,52716,enumerated_context,000000000000126A,0,0.000,405,4,405,4,owner=00000000004813DC;isWindow=0;ownerPid=0;get=1;device=1;options=0x8015;name=issue121-44524-37
2026-09-14T17:36:41.919Z,52716,enumerated_context,0000000000001269,0,0.000,405,4,405,4,owner=00000000004813DC;isWindow=0;ownerPid=0;get=1;device=1;options=0x8015;name=issue121-44524-36
2026-09-14T17:36:41.930Z,52716,enumerated_context,0000000000001268,0,0.000,405,4,405,4,owner=00000000004813DC;isWindow=0;ownerPid=0;get=1;device=1;options=0x8015;name=issue121-44524-35
2026-09-14T17:36:41.939Z,52716,enumerated_context,0000000000001267,0,0.000,405,4,405,4,owner=00000000004813DC;isWindow=0;ownerPid=0;get=1;device=1;options=0x8015;name=issue121-44524-34
2026-09-14T17:36:41.950Z,52716,enumerated_context,0000000000001266,0,0.000,405,4,405,4,owner=00000000004813DC;isWindow=0;ownerPid=0;get=1;device=1;options=0x8015;name=issue121-44524-33
2026-09-14T17:36:41.962Z,52716,enumerated_context,0000000000001265,0,0.000,405,4,405,4,owner=00000000004813DC;isWindow=0;ownerPid=0;get=1;device=1;options=0x8015;name=issue121-44524-32
2026-09-14T17:36:41.971Z,52716,enumerated_context,0000000000001264,0,0.000,405,4,405,4,owner=00000000004813DC;isWindow=0;ownerPid=0;get=1;device=1;options=0x8015;name=issue121-44524-31
2026-09-14T17:36:41.984Z,52716,enumerated_context,0000000000001263,0,0.000,405,4,405,4,owner=00000000004813DC;isWindow=0;ownerPid=0;get=1;device=1;options=0x8015;name=issue121-44524-30
2026-09-14T17:36:41.997Z,52716,enumerated_context,0000000000001262,0,0.000,405,4,405,4,owner=00000000004813DC;isWindow=0;ownerPid=0;get=1;device=1;options=0x8015;name=issue121-44524-29
2026-09-14T17:36:42.009Z,52716,enumerated_context,0000000000001261,0,0.000,405,4,405,4,owner=00000000004813DC;isWindow=0;ownerPid=0;get=1;device=1;options=0x8015;name=issue121-44524-28
2026-09-14T17:36:42.022Z,52716,enumerated_context,0000000000001260,0,0.000,405,4,405,4,owner=00000000004813DC;isWindow=0;ownerPid=0;get=1;device=1;options=0x8015;name=issue121-44524-27
2026-09-14T17:36:42.034Z,52716,enumerated_context,000000000000125F,0,0.000,405,4,405,4,owner=00000000004813DC;isWindow=0;ownerPid=0;get=1;device=1;options=0x8015;name=issue121-44524-26
2026-09-14T17:36:42.046Z,52716,enumerated_context,000000000000125E,0,0.000,405,4,405,4,owner=00000000004813DC;isWindow=0;ownerPid=0;get=1;device=1;options=0x8015;name=issue121-44524-25
2026-09-14T17:36:42.060Z,52716,enumerated_context,000000000000125D,0,0.000,405,4,405,4,owner=00000000004813DC;isWindow=0;ownerPid=0;get=1;device=1;options=0x8015;name=issue121-44524-24
2026-09-14T17:36:42.071Z,52716,enumerated_context,000000000000125C,0,0.000,405,4,405,4,owner=00000000004813DC;isWindow=0;ownerPid=0;get=1;device=1;options=0x8015;name=issue121-44524-23
2026-09-14T17:36:42.083Z,52716,enumerated_context,000000000000125B,0,0.000,405,4,405,4,owner=00000000004813DC;isWindow=0;ownerPid=0;get=1;device=1;options=0x8015;name=issue121-44524-22
2026-09-14T17:36:42.092Z,52716,enumerated_context,000000000000125A,0,0.000,405,4,405,4,owner=00000000004813DC;isWindow=0;ownerPid=0;get=1;device=1;options=0x8015;name=issue121-44524-21
2026-09-14T17:36:42.105Z,52716,enumerated_context,0000000000001259,0,0.000,405,4,405,4,owner=00000000004813DC;isWindow=0;ownerPid=0;get=1;device=1;options=0x8015;name=issue121-44524-20
2026-09-14T17:36:42.118Z,52716,enumerated_context,0000000000001258,0,0.000,405,4,405,4,owner=00000000004813DC;isWindow=0;ownerPid=0;get=1;device=1;options=0x8015;name=issue121-44524-19
2026-09-14T17:36:42.129Z,52716,enumerated_context,0000000000001257,0,0.000,405,4,405,4,owner=00000000004813DC;isWindow=0;ownerPid=0;get=1;device=1;options=0x8015;name=issue121-44524-18
2026-09-14T17:36:42.142Z,52716,enumerated_context,0000000000001256,0,0.000,405,4,405,4,owner=00000000004813DC;isWindow=0;ownerPid=0;get=1;device=1;options=0x8015;name=issue121-44524-17
2026-09-14T17:36:42.154Z,52716,enumerated_context,0000000000001255,0,0.000,405,4,405,4,owner=00000000004813DC;isWindow=0;ownerPid=0;get=1;device=1;options=0x8015;name=issue121-44524-16
2026-09-14T17:36:42.167Z,52716,enumerated_context,0000000000001254,0,0.000,405,4,405,4,owner=00000000004813DC;isWindow=0;ownerPid=0;get=1;device=1;options=0x8015;name=issue121-44524-15
2026-09-14T17:36:42.178Z,52716,enumerated_context,0000000000001253,0,0.000,405,4,405,4,owner=00000000004813DC;isWindow=0;ownerPid=0;get=1;device=1;options=0x8015;name=issue121-44524-14
2026-09-14T17:36:42.191Z,52716,enumerated_context,0000000000001252,0,0.000,405,4,405,4,owner=00000000004813DC;isWindow=0;ownerPid=0;get=1;device=1;options=0x8015;name=issue121-44524-13
2026-09-14T17:36:42.202Z,52716,enumerated_context,0000000000001251,0,0.000,405,4,405,4,owner=00000000004813DC;isWindow=0;ownerPid=0;get=1;device=1;options=0x8015;name=issue121-44524-12
2026-09-14T17:36:42.213Z,52716,enumerated_context,0000000000001250,0,0.000,405,4,405,4,owner=00000000004813DC;isWindow=0;ownerPid=0;get=1;device=1;options=0x8015;name=issue121-44524-11
2026-09-14T17:36:42.225Z,52716,enumerated_context,000000000000124F,0,0.000,405,4,405,4,owner=00000000004813DC;isWindow=0;ownerPid=0;get=1;device=1;options=0x8015;name=issue121-44524-10
2026-09-14T17:36:42.235Z,52716,enumerated_context,000000000000124E,0,0.000,405,4,405,4,owner=00000000004813DC;isWindow=0;ownerPid=0;get=1;device=1;options=0x8015;name=issue121-44524-9
2026-09-14T17:36:42.248Z,52716,enumerated_context,000000000000124D,0,0.000,405,4,405,4,owner=00000000004813DC;isWindow=0;ownerPid=0;get=1;device=1;options=0x8015;name=issue121-44524-8
2026-09-14T17:36:42.258Z,52716,enumerated_context,000000000000124C,0,0.000,405,4,405,4,owner=00000000004813DC;isWindow=0;ownerPid=0;get=1;device=1;options=0x8015;name=issue121-44524-7
2026-09-14T17:36:42.271Z,52716,enumerated_context,000000000000124B,0,0.000,405,4,405,4,owner=00000000004813DC;isWindow=0;ownerPid=0;get=1;device=1;options=0x8015;name=issue121-44524-6
2026-09-14T17:36:42.284Z,52716,enumerated_context,000000000000124A,0,0.000,405,4,405,4,owner=00000000004813DC;isWindow=0;ownerPid=0;get=1;device=1;options=0x8015;name=issue121-44524-5
2026-09-14T17:36:42.296Z,52716,enumerated_context,0000000000001249,0,0.000,405,4,405,4,owner=00000000004813DC;isWindow=0;ownerPid=0;get=1;device=1;options=0x8015;name=issue121-44524-4
2026-09-14T17:36:42.308Z,52716,enumerated_context,0000000000001248,0,0.000,405,4,405,4,owner=00000000004813DC;isWindow=0;ownerPid=0;get=1;device=1;options=0x8015;name=issue121-44524-3
2026-09-14T17:36:42.322Z,52716,enumerated_context,0000000000001247,0,0.000,405,4,405,4,owner=00000000004813DC;isWindow=0;ownerPid=0;get=1;device=1;options=0x8015;name=issue121-44524-2
2026-09-14T17:36:42.332Z,52716,enumerated_context,0000000000001246,0,0.000,405,4,405,4,owner=00000000004813DC;isWindow=0;ownerPid=0;get=1;device=1;options=0x8015;name=issue121-44524-1
2026-09-14T17:36:42.343Z,52716,enumerated_context,0000000000001245,0,0.000,405,4,405,4,owner=00000000004813DC;isWindow=0;ownerPid=0;get=1;device=1;options=0x8015;name=issue121-44524-0
2026-09-14T17:36:42.352Z,52716,enumerated_context,0000000000001244,0,0.000,405,4,405,4,owner=00000000004713DC;isWindow=0;ownerPid=0;get=1;device=1;options=0x8015;name=issue121-33960-66
2026-09-14T17:36:42.363Z,52716,enumerated_context,0000000000001243,0,0.000,405,4,405,4,owner=00000000004713DC;isWindow=0;ownerPid=0;get=1;device=1;options=0x8015;name=issue121-33960-65
2026-09-14T17:36:42.375Z,52716,enumerated_context,0000000000001242,0,0.000,405,4,405,4,owner=00000000004713DC;isWindow=0;ownerPid=0;get=1;device=1;options=0x8015;name=issue121-33960-64
2026-09-14T17:36:42.384Z,52716,enumerated_context,0000000000001241,0,0.000,405,4,405,4,owner=00000000004713DC;isWindow=0;ownerPid=0;get=1;device=1;options=0x8015;name=issue121-33960-63
2026-09-14T17:36:42.393Z,52716,enumerated_context,0000000000001240,0,0.000,405,4,405,4,owner=00000000004713DC;isWindow=0;ownerPid=0;get=1;device=1;options=0x8015;name=issue121-33960-62
2026-09-14T17:36:42.402Z,52716,enumerated_context,000000000000123F,0,0.000,405,4,405,4,owner=00000000004713DC;isWindow=0;ownerPid=0;get=1;device=1;options=0x8015;name=issue121-33960-61
2026-09-14T17:36:42.411Z,52716,enumerated_context,000000000000123E,0,0.000,405,4,405,4,owner=00000000004713DC;isWindow=0;ownerPid=0;get=1;device=1;options=0x8015;name=issue121-33960-60
2026-09-14T17:36:42.419Z,52716,enumerated_context,000000000000123D,0,0.000,405,4,405,4,owner=00000000004713DC;isWindow=0;ownerPid=0;get=1;device=1;options=0x8015;name=issue121-33960-59
2026-09-14T17:36:42.428Z,52716,enumerated_context,000000000000123C,0,0.000,405,4,405,4,owner=00000000004713DC;isWindow=0;ownerPid=0;get=1;device=1;options=0x8015;name=issue121-33960-58
2026-09-14T17:36:42.437Z,52716,enumerated_context,000000000000123B,0,0.000,405,4,405,4,owner=00000000004713DC;isWindow=0;ownerPid=0;get=1;device=1;options=0x8015;name=issue121-33960-57
2026-09-14T17:36:42.446Z,52716,enumerated_context,000000000000123A,0,0.000,405,4,405,4,owner=00000000004713DC;isWindow=0;ownerPid=0;get=1;device=1;options=0x8015;name=issue121-33960-56
2026-09-14T17:36:42.455Z,52716,enumerated_context,0000000000001239,0,0.000,405,4,405,4,owner=00000000004713DC;isWindow=0;ownerPid=0;get=1;device=1;options=0x8015;name=issue121-33960-55
2026-09-14T17:36:42.465Z,52716,enumerated_context,0000000000001238,0,0.000,405,4,405,4,owner=00000000004713DC;isWindow=0;ownerPid=0;get=1;device=1;options=0x8015;name=issue121-33960-54
2026-09-14T17:36:42.473Z,52716,enumerated_context,0000000000001237,0,0.000,405,4,405,4,owner=00000000004713DC;isWindow=0;ownerPid=0;get=1;device=1;options=0x8015;name=issue121-33960-53
2026-09-14T17:36:42.482Z,52716,enumerated_context,0000000000001236,0,0.000,405,4,405,4,owner=00000000004713DC;isWindow=0;ownerPid=0;get=1;device=1;options=0x8015;name=issue121-33960-52
2026-09-14T17:36:42.491Z,52716,enumerated_context,0000000000001235,0,0.000,405,4,405,4,owner=00000000004713DC;isWindow=0;ownerPid=0;get=1;device=1;options=0x8015;name=issue121-33960-51
2026-09-14T17:36:42.502Z,52716,enumerated_context,0000000000001234,0,0.000,405,4,405,4,owner=00000000004713DC;isWindow=0;ownerPid=0;get=1;device=1;options=0x8015;name=issue121-33960-50
2026-09-14T17:36:42.513Z,52716,enumerated_context,0000000000001233,0,0.000,405,4,405,4,owner=00000000004713DC;isWindow=0;ownerPid=0;get=1;device=1;options=0x8015;name=issue121-33960-49
2026-09-14T17:36:42.527Z,52716,enumerated_context,0000000000001232,0,0.000,405,4,405,4,owner=00000000004713DC;isWindow=0;ownerPid=0;get=1;device=1;options=0x8015;name=issue121-33960-48
2026-09-14T17:36:42.535Z,52716,enumerated_context,0000000000001231,0,0.000,405,4,405,4,owner=00000000004713DC;isWindow=0;ownerPid=0;get=1;device=1;options=0x8015;name=issue121-33960-47
2026-09-14T17:36:42.545Z,52716,enumerated_context,0000000000001230,0,0.000,405,4,405,4,owner=00000000004713DC;isWindow=0;ownerPid=0;get=1;device=1;options=0x8015;name=issue121-33960-46
2026-09-14T17:36:42.553Z,52716,enumerated_context,000000000000122F,0,0.000,405,4,405,4,owner=00000000004713DC;isWindow=0;ownerPid=0;get=1;device=1;options=0x8015;name=issue121-33960-45
2026-09-14T17:36:42.562Z,52716,enumerated_context,000000000000122E,0,0.000,405,4,405,4,owner=00000000004713DC;isWindow=0;ownerPid=0;get=1;device=1;options=0x8015;name=issue121-33960-44
2026-09-14T17:36:42.572Z,52716,enumerated_context,000000000000122D,0,0.000,405,4,405,4,owner=00000000004713DC;isWindow=0;ownerPid=0;get=1;device=1;options=0x8015;name=issue121-33960-43
2026-09-14T17:36:42.580Z,52716,enumerated_context,000000000000122C,0,0.000,405,4,405,4,owner=00000000004713DC;isWindow=0;ownerPid=0;get=1;device=1;options=0x8015;name=issue121-33960-42
2026-09-14T17:36:42.588Z,52716,enumerated_context,000000000000122B,0,0.000,405,4,405,4,owner=00000000004713DC;isWindow=0;ownerPid=0;get=1;device=1;options=0x8015;name=issue121-33960-41
2026-09-14T17:36:42.598Z,52716,enumerated_context,000000000000122A,0,0.000,405,4,405,4,owner=00000000004713DC;isWindow=0;ownerPid=0;get=1;device=1;options=0x8015;name=issue121-33960-40
2026-09-14T17:36:42.609Z,52716,enumerated_context,0000000000001229,0,0.000,405,4,405,4,owner=00000000004713DC;isWindow=0;ownerPid=0;get=1;device=1;options=0x8015;name=issue121-33960-39
2026-09-14T17:36:42.620Z,52716,enumerated_context,0000000000001228,0,0.000,405,4,405,4,owner=00000000004713DC;isWindow=0;ownerPid=0;get=1;device=1;options=0x8015;name=issue121-33960-38
2026-09-14T17:36:42.629Z,52716,enumerated_context,0000000000001227,0,0.000,405,4,405,4,owner=00000000004713DC;isWindow=0;ownerPid=0;get=1;device=1;options=0x8015;name=issue121-33960-37
2026-09-14T17:36:42.638Z,52716,enumerated_context,0000000000001226,0,0.000,405,4,405,4,owner=00000000004713DC;isWindow=0;ownerPid=0;get=1;device=1;options=0x8015;name=issue121-33960-36
2026-09-14T17:36:42.647Z,52716,enumerated_context,0000000000001225,0,0.000,405,4,405,4,owner=00000000004713DC;isWindow=0;ownerPid=0;get=1;device=1;options=0x8015;name=issue121-33960-35
2026-09-14T17:36:42.655Z,52716,enumerated_context,0000000000001224,0,0.000,405,4,405,4,owner=00000000004713DC;isWindow=0;ownerPid=0;get=1;device=1;options=0x8015;name=issue121-33960-34
2026-09-14T17:36:42.665Z,52716,enumerated_context,0000000000001223,0,0.000,405,4,405,4,owner=00000000004713DC;isWindow=0;ownerPid=0;get=1;device=1;options=0x8015;name=issue121-33960-33
2026-09-14T17:36:42.674Z,52716,enumerated_context,0000000000001222,0,0.000,405,4,405,4,owner=00000000004713DC;isWindow=0;ownerPid=0;get=1;device=1;options=0x8015;name=issue121-33960-32
2026-09-14T17:36:42.684Z,52716,enumerated_context,0000000000001221,0,0.000,405,4,405,4,owner=00000000004713DC;isWindow=0;ownerPid=0;get=1;device=1;options=0x8015;name=issue121-33960-31
2026-09-14T17:36:42.692Z,52716,enumerated_context,0000000000001220,0,0.000,405,4,405,4,owner=00000000004713DC;isWindow=0;ownerPid=0;get=1;device=1;options=0x8015;name=issue121-33960-30
2026-09-14T17:36:42.702Z,52716,enumerated_context,000000000000121F,0,0.000,405,4,405,4,owner=00000000004713DC;isWindow=0;ownerPid=0;get=1;device=1;options=0x8015;name=issue121-33960-29
2026-09-14T17:36:42.710Z,52716,enumerated_context,000000000000121E,0,0.000,405,4,405,4,owner=00000000004713DC;isWindow=0;ownerPid=0;get=1;device=1;options=0x8015;name=issue121-33960-28
2026-09-14T17:36:42.718Z,52716,enumerated_context,000000000000121D,0,0.000,405,4,405,4,owner=00000000004713DC;isWindow=0;ownerPid=0;get=1;device=1;options=0x8015;name=issue121-33960-27
2026-09-14T17:36:42.727Z,52716,enumerated_context,000000000000121C,0,0.000,405,4,405,4,owner=00000000004713DC;isWindow=0;ownerPid=0;get=1;device=1;options=0x8015;name=issue121-33960-26
2026-09-14T17:36:42.739Z,52716,enumerated_context,000000000000121B,0,0.000,405,4,405,4,owner=00000000004713DC;isWindow=0;ownerPid=0;get=1;device=1;options=0x8015;name=issue121-33960-25
2026-09-14T17:36:42.751Z,52716,enumerated_context,000000000000121A,0,0.000,405,4,405,4,owner=00000000004713DC;isWindow=0;ownerPid=0;get=1;device=1;options=0x8015;name=issue121-33960-24
2026-09-14T17:36:42.762Z,52716,enumerated_context,0000000000001219,0,0.000,405,4,405,4,owner=00000000004713DC;isWindow=0;ownerPid=0;get=1;device=1;options=0x8015;name=issue121-33960-23
2026-09-14T17:36:42.772Z,52716,enumerated_context,0000000000001218,0,0.000,405,4,405,4,owner=00000000004713DC;isWindow=0;ownerPid=0;get=1;device=1;options=0x8015;name=issue121-33960-22
2026-09-14T17:36:42.783Z,52716,enumerated_context,0000000000001217,0,0.000,405,4,405,4,owner=00000000004713DC;isWindow=0;ownerPid=0;get=1;device=1;options=0x8015;name=issue121-33960-21
2026-09-14T17:36:42.794Z,52716,enumerated_context,0000000000001216,0,0.000,405,4,405,4,owner=00000000004713DC;isWindow=0;ownerPid=0;get=1;device=1;options=0x8015;name=issue121-33960-20
2026-09-14T17:36:42.805Z,52716,enumerated_context,0000000000001215,0,0.000,405,4,405,4,owner=00000000004713DC;isWindow=0;ownerPid=0;get=1;device=1;options=0x8015;name=issue121-33960-19
2026-09-14T17:36:42.815Z,52716,enumerated_context,0000000000001214,0,0.000,405,4,405,4,owner=00000000004713DC;isWindow=0;ownerPid=0;get=1;device=1;options=0x8015;name=issue121-33960-18
2026-09-14T17:36:42.828Z,52716,enumerated_context,0000000000001213,0,0.000,405,4,405,4,owner=00000000004713DC;isWindow=0;ownerPid=0;get=1;device=1;options=0x8015;name=issue121-33960-17
2026-09-14T17:36:42.837Z,52716,enumerated_context,0000000000001212,0,0.000,405,4,405,4,owner=00000000004713DC;isWindow=0;ownerPid=0;get=1;device=1;options=0x8015;name=issue121-33960-16
2026-09-14T17:36:42.849Z,52716,enumerated_context,0000000000001211,0,0.000,405,4,405,4,owner=00000000004713DC;isWindow=0;ownerPid=0;get=1;device=1;options=0x8015;name=issue121-33960-15
2026-09-14T17:36:42.860Z,52716,enumerated_context,0000000000001210,0,0.000,405,4,405,4,owner=00000000004713DC;isWindow=0;ownerPid=0;get=1;device=1;options=0x8015;name=issue121-33960-14
2026-09-14T17:36:42.868Z,52716,enumerated_context,000000000000120F,0,0.000,405,4,405,4,owner=00000000004713DC;isWindow=0;ownerPid=0;get=1;device=1;options=0x8015;name=issue121-33960-13
2026-09-14T17:36:42.878Z,52716,enumerated_context,000000000000120E,0,0.000,405,4,405,4,owner=00000000004713DC;isWindow=0;ownerPid=0;get=1;device=1;options=0x8015;name=issue121-33960-12
2026-09-14T17:36:42.887Z,52716,enumerated_context,000000000000120D,0,0.000,405,4,405,4,owner=00000000004713DC;isWindow=0;ownerPid=0;get=1;device=1;options=0x8015;name=issue121-33960-11
2026-09-14T17:36:42.897Z,52716,enumerated_context,000000000000120C,0,0.000,405,4,405,4,owner=00000000004713DC;isWindow=0;ownerPid=0;get=1;device=1;options=0x8015;name=issue121-33960-10
2026-09-14T17:36:42.905Z,52716,enumerated_context,000000000000120B,0,0.000,405,4,405,4,owner=00000000004713DC;isWindow=0;ownerPid=0;get=1;device=1;options=0x8015;name=issue121-33960-9
2026-09-14T17:36:42.914Z,52716,enumerated_context,000000000000120A,0,0.000,405,4,405,4,owner=00000000004713DC;isWindow=0;ownerPid=0;get=1;device=1;options=0x8015;name=issue121-33960-8
2026-09-14T17:36:42.923Z,52716,enumerated_context,0000000000001209,0,0.000,405,4,405,4,owner=00000000004713DC;isWindow=0;ownerPid=0;get=1;device=1;options=0x8015;name=issue121-33960-7
2026-09-14T17:36:42.934Z,52716,enumerated_context,0000000000001208,0,0.000,405,4,405,4,owner=00000000004713DC;isWindow=0;ownerPid=0;get=1;device=1;options=0x8015;name=issue121-33960-6
2026-09-14T17:36:42.944Z,52716,enumerated_context,0000000000001207,0,0.000,405,4,405,4,owner=00000000004713DC;isWindow=0;ownerPid=0;get=1;device=1;options=0x8015;name=issue121-33960-5
2026-09-14T17:36:42.953Z,52716,enumerated_context,0000000000001206,0,0.000,405,4,405,4,owner=00000000004713DC;isWindow=0;ownerPid=0;get=1;device=1;options=0x8015;name=issue121-33960-4
2026-09-14T17:36:42.962Z,52716,enumerated_context,0000000000001205,0,0.000,405,4,405,4,owner=00000000004713DC;isWindow=0;ownerPid=0;get=1;device=1;options=0x8015;name=issue121-33960-3
2026-09-14T17:36:42.970Z,52716,enumerated_context,0000000000001204,0,0.000,405,4,405,4,owner=00000000004713DC;isWindow=0;ownerPid=0;get=1;device=1;options=0x8015;name=issue121-33960-2
2026-09-14T17:36:42.979Z,52716,enumerated_context,0000000000001203,0,0.000,405,4,405,4,owner=00000000004713DC;isWindow=0;ownerPid=0;get=1;device=1;options=0x8015;name=issue121-33960-1
2026-09-14T17:36:42.988Z,52716,enumerated_context,0000000000001202,0,0.000,405,4,405,4,owner=00000000004713DC;isWindow=0;ownerPid=0;get=1;device=1;options=0x8015;name=issue121-33960-0
2026-09-14T17:36:42.997Z,52716,enumerated_context,0000000000001001,0,0.000,405,4,405,4,owner=0000000000000000;isWindow=0;ownerPid=0;get=1;device=1;options=0x8011;name=
2026-09-14T17:36:43.008Z,52716,manager_enum,0000000000000003,1,0.000,405,4,405,4,callbacks=405
2026-09-14T17:36:43.020Z,52716,manager_default_digitizer,0000000000000C02,0,0.000,405,4,405,4,read_only
2026-09-14T17:36:43.029Z,52716,manager_default_system,0000000000000C01,0,0.000,405,4,405,4,read_only
2026-09-14T17:36:43.037Z,52716,manager_close,0000000000000003,1,0.000,405,4,405,4,visible
2026-09-14T17:36:43.047Z,52716,manager_open,0000000000000000,0,0.009,405,4,405,4,null_hwnd;lastError=0
