"utc","name","pid","service_status","handles","threads","private_bytes","working_set_bytes"
"2026-09-14T17:36:43.6557779Z","Wacom_Tablet","34844","Running","737","71","45813760","92049408"
"2026-09-14T17:36:43.6557779Z","Wacom_TabletUser","55636","Running","309","5","3006464","23318528"
"2026-09-14T17:36:43.6557779Z","WTabletServicePro","40496","Running","204","4","2187264","12652544"
"2026-09-14T17:36:53.7232940Z","Wacom_Tablet","34844","Running","737","71","45813760","92049408"
"2026-09-14T17:36:53.7232940Z","Wacom_TabletUser","55636","Running","309","5","3006464","23318528"
"2026-09-14T17:36:53.7232940Z","WTabletServicePro","40496","Running","204","4","2187264","12652544"
"2026-09-14T17:37:03.7729412Z","Wacom_Tablet","34844","Running","727","69","45748224","92008448"
"2026-09-14T17:37:03.7729412Z","Wacom_TabletUser","55636","Running","307","4","2973696","23302144"
"2026-09-14T17:37:03.7729412Z","WTabletServicePro","40496","Running","204","4","2187264","12656640"
"2026-09-14T17:37:13.8158721Z","Wacom_Tablet","34844","Running","727","69","45748224","92008448"
"2026-09-14T17:37:13.8158721Z","Wacom_TabletUser","55636","Running","307","4","2973696","23302144"
"2026-09-14T17:37:13.8158721Z","WTabletServicePro","40496","Running","204","4","2187264","12656640"
"2026-09-14T17:37:23.8554752Z","Wacom_Tablet","34844","Running","727","70","45776896","92028928"
"2026-09-14T17:37:23.8554752Z","Wacom_TabletUser","55636","Running","307","4","2973696","23302144"
"2026-09-14T17:37:23.8554752Z","WTabletServicePro","40496","Running","204","4","2187264","12656640"
"2026-09-14T17:37:33.9021211Z","Wacom_Tablet","34844","Running","727","70","45817856","92069888"
"2026-09-14T17:37:33.9021211Z","Wacom_TabletUser","55636","Running","307","4","2973696","23302144"
"2026-09-14T17:37:33.9021211Z","WTabletServicePro","40496","Running","204","4","2195456","12668928"
"2026-09-14T17:37:43.9548052Z","Wacom_Tablet","34844","Running","727","70","45817856","92086272"
"2026-09-14T17:37:43.9548052Z","Wacom_TabletUser","55636","Running","307","4","2973696","23302144"
"2026-09-14T17:37:43.9548052Z","WTabletServicePro","40496","Running","204","4","2183168","12656640"
"2026-09-14T17:37:54.0112962Z","Wacom_Tablet","34844","Running","727","70","45817856","92086272"
"2026-09-14T17:37:54.0112962Z","Wacom_TabletUser","55636","Running","307","4","2973696","23302144"
"2026-09-14T17:37:54.0112962Z","WTabletServicePro","40496","Running","204","4","2207744","12668928"
"2026-09-14T17:38:04.0621067Z","Wacom_Tablet","34844","Running","727","70","45817856","92086272"
"2026-09-14T17:38:04.0621067Z","Wacom_TabletUser","55636","Running","307","4","2973696","23302144"
"2026-09-14T17:38:04.0621067Z","WTabletServicePro","40496","Running","204","4","2207744","12681216"
"2026-09-14T17:38:14.1139183Z","Wacom_Tablet","34844","Running","727","70","45817856","92086272"
"2026-09-14T17:38:14.1139183Z","Wacom_TabletUser","55636","Running","307","4","2973696","23302144"
"2026-09-14T17:38:14.1139183Z","WTabletServicePro","40496","Running","202","4","2285568","12709888"
"2026-09-14T17:38:24.1678598Z","Wacom_Tablet","34844","Running","727","70","45817856","92086272"
"2026-09-14T17:38:24.1678598Z","Wacom_TabletUser","55636","Running","307","4","2973696","23302144"
"2026-09-14T17:38:24.1678598Z","WTabletServicePro","40496","Running","202","4","2285568","12709888"
"2026-09-14T17:38:34.2080317Z","Wacom_Tablet","34844","Running","727","70","45817856","92086272"
"2026-09-14T17:38:34.2080317Z","Wacom_TabletUser","55636","Running","307","4","2973696","23302144"
"2026-09-14T17:38:34.2080317Z","WTabletServicePro","40496","Running","202","4","2285568","12718080"
"2026-09-14T17:38:44.2605116Z","Wacom_Tablet","34844","Running","727","72","45883392","92364800"
"2026-09-14T17:38:44.2605116Z","Wacom_TabletUser","55636","Running","307","7","3080192","23539712"
"2026-09-14T17:38:44.2605116Z","WTabletServicePro","40496","Running","202","5","2322432","12869632"
"2026-09-14T17:38:54.3104505Z","Wacom_Tablet","34844","Running","727","72","45883392","92364800"
"2026-09-14T17:38:54.3104505Z","Wacom_TabletUser","55636","Running","307","7","3080192","23539712"
"2026-09-14T17:38:54.3104505Z","WTabletServicePro","40496","Running","202","5","2322432","12869632"
"2026-09-14T17:39:04.3527467Z","Wacom_Tablet","34844","Running","727","72","45883392","92364800"
"2026-09-14T17:39:04.3527467Z","Wacom_TabletUser","55636","Running","307","7","3080192","23539712"
"2026-09-14T17:39:04.3527467Z","WTabletServicePro","40496","Running","202","5","2322432","12869632"
"2026-09-14T17:39:14.4015268Z","Wacom_Tablet","34844","Running","727","72","45883392","92364800"
"2026-09-14T17:39:14.4015268Z","Wacom_TabletUser","55636","Running","307","7","3080192","23539712"
"2026-09-14T17:39:14.4015268Z","WTabletServicePro","40496","Running","204","5","2322432","12869632"
"2026-09-14T17:39:24.4483472Z","Wacom_Tablet","34844","Running","727","72","45883392","92389376"
"2026-09-14T17:39:24.4483472Z","Wacom_TabletUser","55636","Running","307","7","3080192","23539712"
"2026-09-14T17:39:24.4483472Z","WTabletServicePro","40496","Running","204","5","2322432","12869632"
"2026-09-14T17:39:34.4997436Z","Wacom_Tablet","34844","Running","727","72","45883392","92389376"
"2026-09-14T17:39:34.4997436Z","Wacom_TabletUser","55636","Running","307","7","3080192","23539712"
"2026-09-14T17:39:34.4997436Z","WTabletServicePro","40496","Running","204","5","2322432","12869632"
"2026-09-14T17:39:44.5554418Z","Wacom_Tablet","34844","Running","727","72","45883392","92389376"
"2026-09-14T17:39:44.5554418Z","Wacom_TabletUser","55636","Running","307","7","3080192","23539712"
"2026-09-14T17:39:44.5554418Z","WTabletServicePro","40496","Running","204","5","2322432","12869632"
"2026-09-14T17:39:54.5995653Z","Wacom_Tablet","34844","Running","727","72","45883392","92389376"
"2026-09-14T17:39:54.5995653Z","Wacom_TabletUser","55636","Running","307","7","3080192","23539712"
"2026-09-14T17:39:54.5995653Z","WTabletServicePro","40496","Running","204","5","2322432","12869632"
"2026-09-14T17:40:04.6437443Z","Wacom_Tablet","34844","Running","727","72","45883392","92389376"
"2026-09-14T17:40:04.6437443Z","Wacom_TabletUser","55636","Running","307","7","3080192","23539712"
"2026-09-14T17:40:04.6437443Z","WTabletServicePro","40496","Running","204","5","2457600","12992512"
"2026-09-14T17:40:14.6906134Z","Wacom_Tablet","34844","Running","727","72","45883392","92389376"
"2026-09-14T17:40:14.6906134Z","Wacom_TabletUser","55636","Running","307","7","3080192","23539712"
"2026-09-14T17:40:14.6906134Z","WTabletServicePro","40496","Running","204","5","2457600","12992512"
"2026-09-14T17:40:24.7388703Z","Wacom_Tablet","34844","Running","727","69","45793280","92336128"
"2026-09-14T17:40:24.7388703Z","Wacom_TabletUser","55636","Running","307","4","2977792","23478272"
"2026-09-14T17:40:24.7388703Z","WTabletServicePro","40496","Running","202","3","2392064","12955648"
"2026-09-14T17:40:34.7925484Z","Wacom_Tablet","34844","Running","727","69","45793280","92336128"
"2026-09-14T17:40:34.7925484Z","Wacom_TabletUser","55636","Running","307","4","2977792","23478272"
"2026-09-14T17:40:34.7925484Z","WTabletServicePro","40496","Running","202","3","2392064","12955648"
"2026-09-14T17:40:44.8344153Z","Wacom_Tablet","34844","Running","727","69","45793280","92336128"
"2026-09-14T17:40:44.8344153Z","Wacom_TabletUser","55636","Running","307","4","2977792","23478272"
"2026-09-14T17:40:44.8344153Z","WTabletServicePro","40496","Running","202","4","2424832","12972032"
"2026-09-14T17:40:54.8770367Z","Wacom_Tablet","34844","Running","727","69","45793280","92336128"
"2026-09-14T17:40:54.8770367Z","Wacom_TabletUser","55636","Running","307","4","2977792","23478272"
"2026-09-14T17:40:54.8770367Z","WTabletServicePro","40496","Running","202","4","2424832","12972032"
"2026-09-14T17:41:04.9269477Z","Wacom_Tablet","34844","Running","727","69","45793280","92336128"
"2026-09-14T17:41:04.9269477Z","Wacom_TabletUser","55636","Running","307","4","2977792","23478272"
"2026-09-14T17:41:04.9269477Z","WTabletServicePro","40496","Running","202","4","2424832","12972032"
"2026-09-14T17:41:14.9778295Z","Wacom_Tablet","34844","Running","727","69","45793280","92336128"
"2026-09-14T17:41:14.9778295Z","Wacom_TabletUser","55636","Running","307","4","2977792","23478272"
"2026-09-14T17:41:14.9778295Z","WTabletServicePro","40496","Running","204","4","2424832","12972032"
"2026-09-14T17:41:25.0215994Z","Wacom_Tablet","34844","Running","727","69","45793280","92336128"
"2026-09-14T17:41:25.0215994Z","Wacom_TabletUser","55636","Running","307","4","2977792","23478272"
"2026-09-14T17:41:25.0215994Z","WTabletServicePro","40496","Running","204","4","2424832","12972032"
"2026-09-14T17:41:35.0757447Z","Wacom_Tablet","34844","Running","727","69","45793280","92336128"
"2026-09-14T17:41:35.0757447Z","Wacom_TabletUser","55636","Running","307","4","2977792","23478272"
"2026-09-14T17:41:35.0757447Z","WTabletServicePro","40496","Running","204","4","2424832","12972032"
"2026-09-14T17:41:45.1253405Z","Wacom_Tablet","34844","Running","727","69","45793280","92336128"
"2026-09-14T17:41:45.1253405Z","Wacom_TabletUser","55636","Running","307","4","2977792","23478272"
"2026-09-14T17:41:45.1253405Z","WTabletServicePro","40496","Running","204","4","2424832","12980224"
"2026-09-14T17:41:55.1801340Z","Wacom_Tablet","34844","Running","727","69","45793280","92336128"
"2026-09-14T17:41:55.1801340Z","Wacom_TabletUser","55636","Running","307","4","2977792","23478272"
"2026-09-14T17:41:55.1801340Z","WTabletServicePro","40496","Running","204","4","2424832","12980224"
"2026-09-14T17:42:05.2340168Z","Wacom_Tablet","34844","Running","727","69","45793280","92336128"
"2026-09-14T17:42:05.2340168Z","Wacom_TabletUser","55636","Running","307","4","2977792","23478272"
"2026-09-14T17:42:05.2340168Z","WTabletServicePro","40496","Running","204","4","2424832","12980224"
"2026-09-14T17:42:15.2786545Z","Wacom_Tablet","34844","Running","727","69","45793280","92336128"
"2026-09-14T17:42:15.2786545Z","Wacom_TabletUser","55636","Running","307","4","2977792","23478272"
"2026-09-14T17:42:15.2786545Z","WTabletServicePro","40496","Running","204","4","2424832","12980224"
"2026-09-14T17:42:25.3206815Z","Wacom_Tablet","34844","Running","727","69","45793280","92336128"
"2026-09-14T17:42:25.3206815Z","Wacom_TabletUser","55636","Running","307","4","2977792","23478272"
"2026-09-14T17:42:25.3206815Z","WTabletServicePro","40496","Running","204","4","2424832","12980224"
"2026-09-14T17:42:35.3724982Z","Wacom_Tablet","34844","Running","727","69","45793280","92336128"
"2026-09-14T17:42:35.3724982Z","Wacom_TabletUser","55636","Running","307","4","2977792","23478272"
"2026-09-14T17:42:35.3724982Z","WTabletServicePro","40496","Running","202","3","2392064","12959744"
"2026-09-14T17:42:45.4338673Z","Wacom_Tablet","34844","Running","727","69","45793280","92336128"
"2026-09-14T17:42:45.4338673Z","Wacom_TabletUser","55636","Running","307","4","2977792","23478272"
"2026-09-14T17:42:45.4338673Z","WTabletServicePro","40496","Running","202","4","2420736","12976128"
"2026-09-14T17:42:55.4790539Z","Wacom_Tablet","34844","Running","727","69","45793280","92336128"
"2026-09-14T17:42:55.4790539Z","Wacom_TabletUser","55636","Running","307","4","2977792","23478272"
"2026-09-14T17:42:55.4790539Z","WTabletServicePro","40496","Running","202","4","2420736","12976128"
"2026-09-14T17:43:05.5223064Z","Wacom_Tablet","34844","Running","727","69","45793280","92336128"
"2026-09-14T17:43:05.5223064Z","Wacom_TabletUser","55636","Running","307","4","2977792","23478272"
"2026-09-14T17:43:05.5223064Z","WTabletServicePro","40496","Running","202","4","2420736","12976128"
"2026-09-14T17:43:15.5619297Z","Wacom_Tablet","34844","Running","727","69","45793280","92336128"
"2026-09-14T17:43:15.5619297Z","Wacom_TabletUser","55636","Running","307","4","2977792","23478272"
"2026-09-14T17:43:15.5619297Z","WTabletServicePro","40496","Running","204","4","2420736","12976128"
"2026-09-14T17:43:25.6106817Z","Wacom_Tablet","34844","Running","727","69","45793280","92336128"
"2026-09-14T17:43:25.6106817Z","Wacom_TabletUser","55636","Running","307","4","2977792","23478272"
"2026-09-14T17:43:25.6106817Z","WTabletServicePro","40496","Running","204","4","2420736","12976128"
"2026-09-14T17:43:35.6553833Z","Wacom_Tablet","34844","Running","727","69","45793280","92336128"
"2026-09-14T17:43:35.6553833Z","Wacom_TabletUser","55636","Running","307","4","2977792","23478272"
"2026-09-14T17:43:35.6553833Z","WTabletServicePro","40496","Running","204","4","2420736","12976128"
"2026-09-14T17:43:45.7097720Z","Wacom_Tablet","34844","Running","727","72","45879296","92401664"
"2026-09-14T17:43:45.7097720Z","Wacom_TabletUser","55636","Running","307","7","3067904","23539712"
"2026-09-14T17:43:45.7097720Z","WTabletServicePro","40496","Running","204","5","2453504","13000704"
"2026-09-14T17:43:55.7630217Z","Wacom_Tablet","34844","Running","727","72","45879296","92401664"
"2026-09-14T17:43:55.7630217Z","Wacom_TabletUser","55636","Running","307","7","3067904","23539712"
"2026-09-14T17:43:55.7630217Z","WTabletServicePro","40496","Running","204","5","2453504","13000704"
"2026-09-14T17:44:05.8162244Z","Wacom_Tablet","34844","Running","727","72","45879296","92401664"
"2026-09-14T17:44:05.8162244Z","Wacom_TabletUser","55636","Running","307","7","3067904","23539712"
"2026-09-14T17:44:05.8162244Z","WTabletServicePro","40496","Running","204","5","2453504","13000704"
"2026-09-14T17:44:15.8570329Z","Wacom_Tablet","34844","Running","727","72","45879296","92401664"
"2026-09-14T17:44:15.8570329Z","Wacom_TabletUser","55636","Running","307","7","3067904","23543808"
"2026-09-14T17:44:15.8570329Z","WTabletServicePro","40496","Running","206","5","2453504","13000704"
"2026-09-14T17:44:25.8995632Z","Wacom_Tablet","34844","Running","727","72","45879296","92401664"
"2026-09-14T17:44:25.8995632Z","Wacom_TabletUser","55636","Running","307","7","3067904","23543808"
"2026-09-14T17:44:25.8995632Z","WTabletServicePro","40496","Running","206","5","2453504","13000704"
"2026-09-14T17:44:35.9421507Z","Wacom_Tablet","34844","Running","727","72","45879296","92401664"
"2026-09-14T17:44:35.9421507Z","Wacom_TabletUser","55636","Running","307","7","3067904","23543808"
"2026-09-14T17:44:35.9421507Z","WTabletServicePro","40496","Running","206","5","2453504","13000704"
"2026-09-14T17:44:45.9832905Z","Wacom_Tablet","34844","Running","727","72","45879296","92401664"
"2026-09-14T17:44:45.9832905Z","Wacom_TabletUser","55636","Running","307","7","3067904","23543808"
"2026-09-14T17:44:45.9832905Z","WTabletServicePro","40496","Running","206","5","2453504","13000704"
"2026-09-14T17:44:56.0301870Z","Wacom_Tablet","34844","Running","727","69","45793280","92352512"
"2026-09-14T17:44:56.0301870Z","Wacom_TabletUser","55636","Running","307","5","3010560","23511040"
"2026-09-14T17:44:56.0301870Z","WTabletServicePro","40496","Running","202","3","2396160","12967936"
"2026-09-14T17:45:06.0830700Z","Wacom_Tablet","34844","Running","727","69","45793280","92352512"
"2026-09-14T17:45:06.0830700Z","Wacom_TabletUser","55636","Running","307","5","3010560","23511040"
"2026-09-14T17:45:06.0830700Z","WTabletServicePro","40496","Running","202","3","2396160","12967936"
"2026-09-14T17:45:16.1194970Z","Wacom_Tablet","34844","Running","727","69","45793280","92352512"
"2026-09-14T17:45:16.1194970Z","Wacom_TabletUser","55636","Running","307","5","3010560","23511040"
"2026-09-14T17:45:16.1194970Z","WTabletServicePro","40496","Running","202","4","2424832","12984320"
"2026-09-14T17:45:26.1611676Z","Wacom_Tablet","34844","Running","727","69","45793280","92352512"
"2026-09-14T17:45:26.1611676Z","Wacom_TabletUser","55636","Running","307","5","3010560","23511040"
"2026-09-14T17:45:26.1611676Z","WTabletServicePro","40496","Running","202","4","2424832","12984320"
"2026-09-14T17:45:36.2104857Z","Wacom_Tablet","34844","Running","727","69","45793280","92352512"
"2026-09-14T17:45:36.2104857Z","Wacom_TabletUser","55636","Running","307","5","3010560","23511040"
"2026-09-14T17:45:36.2104857Z","WTabletServicePro","40496","Running","202","4","2424832","12984320"
"2026-09-14T17:45:46.2650404Z","Wacom_Tablet","34844","Running","727","69","45793280","92352512"
"2026-09-14T17:45:46.2650404Z","Wacom_TabletUser","55636","Running","307","5","3010560","23511040"
"2026-09-14T17:45:46.2650404Z","WTabletServicePro","40496","Running","204","4","2424832","12984320"
"2026-09-14T17:45:56.3190238Z","Wacom_Tablet","34844","Running","729","71","45850624","92385280"
"2026-09-14T17:45:56.3190238Z","Wacom_TabletUser","55636","Running","307","4","2977792","23494656"
"2026-09-14T17:45:56.3190238Z","WTabletServicePro","40496","Running","204","4","2424832","12984320"
"2026-09-14T17:46:06.3652619Z","Wacom_Tablet","34844","Running","729","71","45850624","92385280"
"2026-09-14T17:46:06.3652619Z","Wacom_TabletUser","55636","Running","307","4","2977792","23494656"
"2026-09-14T17:46:06.3652619Z","WTabletServicePro","40496","Running","204","4","2424832","12984320"
"2026-09-14T17:46:16.4186104Z","Wacom_Tablet","34844","Running","729","71","45850624","92385280"
"2026-09-14T17:46:16.4186104Z","Wacom_TabletUser","55636","Running","307","4","2977792","23494656"
"2026-09-14T17:46:16.4186104Z","WTabletServicePro","40496","Running","204","4","2424832","12984320"
"2026-09-14T17:46:26.4705153Z","Wacom_Tablet","34844","Running","729","71","45850624","92385280"
"2026-09-14T17:46:26.4705153Z","Wacom_TabletUser","55636","Running","307","4","2977792","23494656"
"2026-09-14T17:46:26.4705153Z","WTabletServicePro","40496","Running","204","4","2424832","12984320"
"2026-09-14T17:46:36.5200294Z","Wacom_Tablet","34844","Running","729","71","45850624","92385280"
"2026-09-14T17:46:36.5200294Z","Wacom_TabletUser","55636","Running","307","4","2977792","23494656"
"2026-09-14T17:46:36.5200294Z","WTabletServicePro","40496","Running","204","4","2424832","12984320"
"2026-09-14T17:46:46.5604076Z","Wacom_Tablet","34844","Running","729","71","45850624","92385280"
"2026-09-14T17:46:46.5604076Z","Wacom_TabletUser","55636","Running","307","4","2977792","23494656"
"2026-09-14T17:46:46.5604076Z","WTabletServicePro","40496","Running","204","4","2424832","12984320"
"2026-09-14T17:46:56.6172729Z","Wacom_Tablet","34844","Running","729","71","45850624","92385280"
"2026-09-14T17:46:56.6172729Z","Wacom_TabletUser","55636","Running","307","4","2977792","23494656"
"2026-09-14T17:46:56.6172729Z","WTabletServicePro","40496","Running","204","4","2424832","12984320"
"2026-09-14T17:47:06.6602872Z","Wacom_Tablet","34844","Running","727","69","45793280","92352512"
"2026-09-14T17:47:06.6602872Z","Wacom_TabletUser","55636","Running","307","4","2977792","23494656"
"2026-09-14T17:47:06.6602872Z","WTabletServicePro","40496","Running","202","3","2392064","12967936"
"2026-09-14T17:47:16.7140727Z","Wacom_Tablet","34844","Running","727","69","45793280","92352512"
"2026-09-14T17:47:16.7140727Z","Wacom_TabletUser","55636","Running","307","4","2977792","23494656"
"2026-09-14T17:47:16.7140727Z","WTabletServicePro","40496","Running","202","4","2424832","12984320"
"2026-09-14T17:47:26.7560025Z","Wacom_Tablet","34844","Running","727","69","45793280","92352512"
"2026-09-14T17:47:26.7560025Z","Wacom_TabletUser","55636","Running","307","4","2977792","23494656"
"2026-09-14T17:47:26.7560025Z","WTabletServicePro","40496","Running","202","4","2424832","12984320"
"2026-09-14T17:47:36.7970480Z","Wacom_Tablet","34844","Running","727","69","45793280","92352512"
"2026-09-14T17:47:36.7970480Z","Wacom_TabletUser","55636","Running","307","4","2977792","23494656"
"2026-09-14T17:47:36.7970480Z","WTabletServicePro","40496","Running","202","4","2424832","12984320"
"2026-09-14T17:47:46.8397463Z","Wacom_Tablet","34844","Running","727","69","45793280","92352512"
"2026-09-14T17:47:46.8397463Z","Wacom_TabletUser","55636","Running","307","4","2977792","23494656"
"2026-09-14T17:47:46.8397463Z","WTabletServicePro","40496","Running","204","4","2424832","12984320"
"2026-09-14T17:47:56.8941756Z","Wacom_Tablet","34844","Running","727","69","45793280","92352512"
"2026-09-14T17:47:56.8941756Z","Wacom_TabletUser","55636","Running","307","4","2977792","23494656"
"2026-09-14T17:47:56.8941756Z","WTabletServicePro","40496","Running","204","4","2424832","12984320"
"2026-09-14T17:48:06.9443825Z","Wacom_Tablet","34844","Running","727","69","45793280","92352512"
"2026-09-14T17:48:06.9443825Z","Wacom_TabletUser","55636","Running","307","4","2977792","23494656"
"2026-09-14T17:48:06.9443825Z","WTabletServicePro","40496","Running","204","4","2424832","12984320"
"2026-09-14T17:48:16.9925280Z","Wacom_Tablet","34844","Running","727","69","45793280","92352512"
"2026-09-14T17:48:16.9925280Z","Wacom_TabletUser","55636","Running","307","4","2977792","23494656"
"2026-09-14T17:48:16.9925280Z","WTabletServicePro","40496","Running","204","4","2424832","12984320"
"2026-09-14T17:48:27.0325386Z","Wacom_Tablet","34844","Running","727","69","45793280","92352512"
"2026-09-14T17:48:27.0325386Z","Wacom_TabletUser","55636","Running","307","4","2977792","23494656"
"2026-09-14T17:48:27.0325386Z","WTabletServicePro","40496","Running","204","4","2424832","12984320"
"2026-09-14T17:48:37.0752554Z","Wacom_Tablet","34844","Running","727","69","45793280","92352512"
"2026-09-14T17:48:37.0752554Z","Wacom_TabletUser","55636","Running","307","4","2977792","23494656"
"2026-09-14T17:48:37.0752554Z","WTabletServicePro","40496","Running","204","4","2424832","12984320"
"2026-09-14T17:48:47.1302732Z","Wacom_Tablet","34844","Running","731","69","45797376","92385280"
"2026-09-14T17:48:47.1302732Z","Wacom_TabletUser","55636","Running","307","4","2977792","23494656"
"2026-09-14T17:48:47.1302732Z","WTabletServicePro","40496","Running","204","4","2424832","12984320"
"2026-09-14T17:48:57.1842019Z","Wacom_Tablet","34844","Running","731","69","45797376","92385280"
"2026-09-14T17:48:57.1842019Z","Wacom_TabletUser","55636","Running","307","4","2977792","23494656"
"2026-09-14T17:48:57.1842019Z","WTabletServicePro","40496","Running","204","4","2424832","12984320"
"2026-09-14T17:49:07.2245776Z","Wacom_Tablet","34844","Running","731","69","45797376","92385280"
"2026-09-14T17:49:07.2245776Z","Wacom_TabletUser","55636","Running","307","4","2977792","23494656"
"2026-09-14T17:49:07.2245776Z","WTabletServicePro","40496","Running","204","4","2424832","12984320"
"2026-09-14T17:49:17.2761161Z","Wacom_Tablet","34844","Running","733","70","45826048","92393472"
"2026-09-14T17:49:17.2761161Z","Wacom_TabletUser","55636","Running","307","4","2977792","23494656"
"2026-09-14T17:49:17.2761161Z","WTabletServicePro","40496","Running","202","3","2396160","12967936"
"2026-09-14T17:49:27.3159719Z","Wacom_Tablet","34844","Running","733","70","45826048","92393472"
"2026-09-14T17:49:27.3159719Z","Wacom_TabletUser","55636","Running","307","4","2977792","23494656"
"2026-09-14T17:49:27.3159719Z","WTabletServicePro","40496","Running","202","3","2396160","12967936"
"2026-09-14T17:49:37.3647527Z","Wacom_Tablet","34844","Running","733","70","45826048","92393472"
"2026-09-14T17:49:37.3647527Z","Wacom_TabletUser","55636","Running","307","4","2977792","23494656"
"2026-09-14T17:49:37.3647527Z","WTabletServicePro","40496","Running","202","3","2396160","12967936"
"2026-09-14T17:49:47.4180984Z","Wacom_Tablet","34844","Running","733","70","45826048","92393472"
"2026-09-14T17:49:47.4180984Z","Wacom_TabletUser","55636","Running","307","4","2977792","23494656"
"2026-09-14T17:49:47.4180984Z","WTabletServicePro","40496","Running","202","4","2424832","12984320"
"2026-09-14T17:49:57.4681594Z","Wacom_Tablet","34844","Running","733","70","45826048","92393472"
"2026-09-14T17:49:57.4681594Z","Wacom_TabletUser","55636","Running","307","4","2977792","23494656"
"2026-09-14T17:49:57.4681594Z","WTabletServicePro","40496","Running","202","4","2424832","12984320"
"2026-09-14T17:50:07.5181478Z","Wacom_Tablet","34844","Running","733","70","45826048","92393472"
"2026-09-14T17:50:07.5181478Z","Wacom_TabletUser","55636","Running","307","4","2977792","23494656"
"2026-09-14T17:50:07.5181478Z","WTabletServicePro","40496","Running","202","4","2424832","12984320"
"2026-09-14T17:50:17.5619417Z","Wacom_Tablet","34844","Running","733","70","45826048","92393472"
"2026-09-14T17:50:17.5619417Z","Wacom_TabletUser","55636","Running","307","4","2977792","23494656"
"2026-09-14T17:50:17.5619417Z","WTabletServicePro","40496","Running","204","4","2424832","12984320"
"2026-09-14T17:50:27.6095523Z","Wacom_Tablet","34844","Running","731","69","45797376","92377088"
"2026-09-14T17:50:27.6095523Z","Wacom_TabletUser","55636","Running","307","4","2977792","23494656"
"2026-09-14T17:50:27.6095523Z","WTabletServicePro","40496","Running","204","4","2424832","12984320"
"2026-09-14T17:50:37.6530845Z","Wacom_Tablet","34844","Running","731","69","45797376","92377088"
"2026-09-14T17:50:37.6530845Z","Wacom_TabletUser","55636","Running","307","4","2977792","23494656"
"2026-09-14T17:50:37.6530845Z","WTabletServicePro","40496","Running","204","4","2424832","12984320"
"2026-09-14T17:50:47.7050614Z","Wacom_Tablet","34844","Running","731","69","45797376","92377088"
"2026-09-14T17:50:47.7050614Z","Wacom_TabletUser","55636","Running","307","4","2977792","23494656"
"2026-09-14T17:50:47.7050614Z","WTabletServicePro","40496","Running","204","4","2424832","12984320"
"2026-09-14T17:50:57.7472099Z","Wacom_Tablet","34844","Running","731","69","45797376","92377088"
"2026-09-14T17:50:57.7472099Z","Wacom_TabletUser","55636","Running","307","4","2977792","23494656"
"2026-09-14T17:50:57.7472099Z","WTabletServicePro","40496","Running","204","4","3452928","14008320"
"2026-09-14T17:51:07.7903444Z","Wacom_Tablet","34844","Running","731","69","45797376","92377088"
"2026-09-14T17:51:07.7903444Z","Wacom_TabletUser","55636","Running","307","4","2977792","23494656"
"2026-09-14T17:51:07.7903444Z","WTabletServicePro","40496","Running","204","4","2424832","12984320"
"2026-09-14T17:51:17.8448978Z","Wacom_Tablet","34844","Running","731","69","45797376","92377088"
"2026-09-14T17:51:17.8448978Z","Wacom_TabletUser","55636","Running","307","4","2977792","23494656"
"2026-09-14T17:51:17.8448978Z","WTabletServicePro","40496","Running","204","4","2424832","12984320"
"2026-09-14T17:51:27.8876804Z","Wacom_Tablet","34844","Running","731","69","45797376","92377088"
"2026-09-14T17:51:27.8876804Z","Wacom_TabletUser","55636","Running","307","4","2977792","23494656"
"2026-09-14T17:51:27.8876804Z","WTabletServicePro","40496","Running","204","4","2424832","12984320"
"2026-09-14T17:51:37.9328643Z","Wacom_Tablet","34844","Running","731","70","45826048","92393472"
"2026-09-14T17:51:37.9328643Z","Wacom_TabletUser","55636","Running","307","4","2977792","23494656"
"2026-09-14T17:51:37.9328643Z","WTabletServicePro","40496","Running","202","4","2424832","12984320"
"2026-09-14T17:51:47.9750675Z","Wacom_Tablet","34844","Running","731","70","45826048","92393472"
"2026-09-14T17:51:47.9750675Z","Wacom_TabletUser","55636","Running","307","4","2977792","23494656"
"2026-09-14T17:51:47.9750675Z","WTabletServicePro","40496","Running","202","4","2424832","12984320"
"2026-09-14T17:51:58.0219667Z","Wacom_Tablet","34844","Running","731","70","45826048","92393472"
"2026-09-14T17:51:58.0219667Z","Wacom_TabletUser","55636","Running","307","4","2977792","23494656"
"2026-09-14T17:51:58.0219667Z","WTabletServicePro","40496","Running","202","4","2424832","12984320"
"2026-09-14T17:52:08.0668197Z","Wacom_Tablet","34844","Running","731","70","45826048","92393472"
"2026-09-14T17:52:08.0668197Z","Wacom_TabletUser","55636","Running","307","4","2977792","23494656"
"2026-09-14T17:52:08.0668197Z","WTabletServicePro","40496","Running","204","4","2424832","12984320"
"2026-09-14T17:52:18.1155666Z","Wacom_Tablet","34844","Running","731","70","45826048","92393472"
"2026-09-14T17:52:18.1155666Z","Wacom_TabletUser","55636","Running","307","4","2977792","23494656"
"2026-09-14T17:52:18.1155666Z","WTabletServicePro","40496","Running","204","4","2424832","12984320"
"2026-09-14T17:52:28.1683055Z","Wacom_Tablet","34844","Running","731","70","45826048","92393472"
"2026-09-14T17:52:28.1683055Z","Wacom_TabletUser","55636","Running","307","4","2977792","23494656"
"2026-09-14T17:52:28.1683055Z","WTabletServicePro","40496","Running","204","4","2424832","12984320"
"2026-09-14T17:52:38.2109589Z","Wacom_Tablet","34844","Running","731","69","45797376","92377088"
"2026-09-14T17:52:38.2109589Z","Wacom_TabletUser","55636","Running","307","4","2977792","23494656"
"2026-09-14T17:52:38.2109589Z","WTabletServicePro","40496","Running","204","4","2424832","12984320"
"2026-09-14T17:52:48.2638285Z","Wacom_Tablet","34844","Running","731","69","45797376","92377088"
"2026-09-14T17:52:48.2638285Z","Wacom_TabletUser","55636","Running","307","4","2977792","23494656"
"2026-09-14T17:52:48.2638285Z","WTabletServicePro","40496","Running","204","4","2424832","12984320"
"2026-09-14T17:52:58.3162613Z","Wacom_Tablet","34844","Running","731","69","45797376","92377088"
"2026-09-14T17:52:58.3162613Z","Wacom_TabletUser","55636","Running","307","4","2977792","23494656"
"2026-09-14T17:52:58.3162613Z","WTabletServicePro","40496","Running","204","4","2424832","12984320"
"2026-09-14T17:53:08.3586303Z","Wacom_Tablet","34844","Running","731","69","45797376","92377088"
"2026-09-14T17:53:08.3586303Z","Wacom_TabletUser","55636","Running","307","4","2977792","23494656"
"2026-09-14T17:53:08.3586303Z","WTabletServicePro","40496","Running","204","4","2424832","12984320"
"2026-09-14T17:53:18.4013534Z","Wacom_Tablet","34844","Running","731","69","45797376","92377088"
"2026-09-14T17:53:18.4013534Z","Wacom_TabletUser","55636","Running","307","4","2977792","23494656"
"2026-09-14T17:53:18.4013534Z","WTabletServicePro","40496","Running","204","4","2424832","12984320"
"2026-09-14T17:53:28.4550704Z","Wacom_Tablet","34844","Running","731","69","45797376","92377088"
"2026-09-14T17:53:28.4550704Z","Wacom_TabletUser","55636","Running","307","4","2977792","23494656"
"2026-09-14T17:53:28.4550704Z","WTabletServicePro","40496","Running","204","4","3461120","14016512"
"2026-09-14T17:53:38.5097420Z","Wacom_Tablet","34844","Running","731","69","45797376","92377088"
"2026-09-14T17:53:38.5097420Z","Wacom_TabletUser","55636","Running","307","4","2977792","23494656"
"2026-09-14T17:53:38.5097420Z","WTabletServicePro","40496","Running","204","4","2424832","12984320"
"2026-09-14T17:53:48.5505633Z","Wacom_Tablet","34844","Running","731","69","45793280","92377088"
"2026-09-14T17:53:48.5505633Z","Wacom_TabletUser","55636","Running","307","4","2977792","23494656"
"2026-09-14T17:53:48.5505633Z","WTabletServicePro","40496","Running","202","3","2396160","12967936"
"2026-09-14T17:53:58.6076299Z","Wacom_Tablet","34844","Running","731","69","45793280","92377088"
"2026-09-14T17:53:58.6076299Z","Wacom_TabletUser","55636","Running","307","4","2977792","23494656"
"2026-09-14T17:53:58.6076299Z","WTabletServicePro","40496","Running","202","3","2396160","12967936"
"2026-09-14T17:54:08.6624751Z","Wacom_Tablet","34844","Running","731","69","45793280","92377088"
"2026-09-14T17:54:08.6624751Z","Wacom_TabletUser","55636","Running","307","4","2977792","23494656"
"2026-09-14T17:54:08.6624751Z","WTabletServicePro","40496","Running","202","4","2424832","12984320"
"2026-09-14T17:54:18.7132179Z","Wacom_Tablet","34844","Running","731","69","45793280","92377088"
"2026-09-14T17:54:18.7132179Z","Wacom_TabletUser","55636","Running","307","4","2977792","23494656"
"2026-09-14T17:54:18.7132179Z","WTabletServicePro","40496","Running","202","4","3469312","14024704"
"2026-09-14T17:54:28.7565796Z","Wacom_Tablet","34844","Running","731","69","45793280","92377088"
"2026-09-14T17:54:28.7565796Z","Wacom_TabletUser","55636","Running","307","4","2977792","23494656"
"2026-09-14T17:54:28.7565796Z","WTabletServicePro","40496","Running","202","4","2424832","12984320"
"2026-09-14T17:54:38.8114698Z","Wacom_Tablet","34844","Running","731","69","45793280","92377088"
"2026-09-14T17:54:38.8114698Z","Wacom_TabletUser","55636","Running","307","4","2977792","23494656"
"2026-09-14T17:54:38.8114698Z","WTabletServicePro","40496","Running","204","4","2424832","12984320"
"2026-09-14T17:54:48.8581502Z","Wacom_Tablet","34844","Running","731","69","45793280","92377088"
"2026-09-14T17:54:48.8581502Z","Wacom_TabletUser","55636","Running","307","4","2977792","23494656"
"2026-09-14T17:54:48.8581502Z","WTabletServicePro","40496","Running","204","4","2424832","12984320"
"2026-09-14T17:54:58.9069953Z","Wacom_Tablet","34844","Running","731","69","45793280","92377088"
"2026-09-14T17:54:58.9069953Z","Wacom_TabletUser","55636","Running","307","4","2977792","23494656"
"2026-09-14T17:54:58.9069953Z","WTabletServicePro","40496","Running","204","4","2424832","12984320"
"2026-09-14T17:55:08.9597903Z","Wacom_Tablet","34844","Running","731","69","45793280","92377088"
"2026-09-14T17:55:08.9597903Z","Wacom_TabletUser","55636","Running","307","4","2977792","23494656"
"2026-09-14T17:55:08.9597903Z","WTabletServicePro","40496","Running","204","4","2424832","12984320"
"2026-09-14T17:55:19.0120135Z","Wacom_Tablet","34844","Running","731","69","45793280","92377088"
"2026-09-14T17:55:19.0120135Z","Wacom_TabletUser","55636","Running","307","4","2977792","23494656"
"2026-09-14T17:55:19.0120135Z","WTabletServicePro","40496","Running","204","4","2424832","12984320"
"2026-09-14T17:55:29.0524179Z","Wacom_Tablet","34844","Running","731","69","45793280","92377088"
"2026-09-14T17:55:29.0524179Z","Wacom_TabletUser","55636","Running","307","4","2977792","23494656"
"2026-09-14T17:55:29.0524179Z","WTabletServicePro","40496","Running","204","4","2424832","12984320"
"2026-09-14T17:55:39.0996068Z","Wacom_Tablet","34844","Running","731","69","45793280","92377088"
"2026-09-14T17:55:39.0996068Z","Wacom_TabletUser","55636","Running","307","4","2977792","23494656"
"2026-09-14T17:55:39.0996068Z","WTabletServicePro","40496","Running","204","4","2424832","12984320"
"2026-09-14T17:55:49.1531938Z","Wacom_Tablet","34844","Running","731","69","45793280","92377088"
"2026-09-14T17:55:49.1531938Z","Wacom_TabletUser","55636","Running","307","4","2977792","23494656"
"2026-09-14T17:55:49.1531938Z","WTabletServicePro","40496","Running","204","4","2424832","12984320"
"2026-09-14T17:55:59.1983148Z","Wacom_Tablet","34844","Running","733","71","45850624","92409856"
"2026-09-14T17:55:59.1983148Z","Wacom_TabletUser","55636","Running","307","4","2977792","23494656"
"2026-09-14T17:55:59.1983148Z","WTabletServicePro","40496","Running","202","3","2392064","12967936"
"2026-09-14T17:56:09.2502390Z","Wacom_Tablet","34844","Running","733","71","45850624","92409856"
"2026-09-14T17:56:09.2502390Z","Wacom_TabletUser","55636","Running","307","4","2977792","23494656"
"2026-09-14T17:56:09.2502390Z","WTabletServicePro","40496","Running","202","4","2424832","12984320"
"2026-09-14T17:56:19.2920814Z","Wacom_Tablet","34844","Running","733","71","45850624","92409856"
"2026-09-14T17:56:19.2920814Z","Wacom_TabletUser","55636","Running","307","4","2977792","23494656"
"2026-09-14T17:56:19.2920814Z","WTabletServicePro","40496","Running","202","4","2424832","12984320"
"2026-09-14T17:56:29.3443194Z","Wacom_Tablet","34844","Running","733","71","45850624","92409856"
"2026-09-14T17:56:29.3443194Z","Wacom_TabletUser","55636","Running","307","4","2977792","23494656"
"2026-09-14T17:56:29.3443194Z","WTabletServicePro","40496","Running","202","4","2424832","12984320"
"2026-09-14T17:56:39.3849026Z","Wacom_Tablet","34844","Running","733","71","45850624","92409856"
"2026-09-14T17:56:39.3849026Z","Wacom_TabletUser","55636","Running","307","4","2977792","23494656"
"2026-09-14T17:56:39.3849026Z","WTabletServicePro","40496","Running","204","4","2424832","12984320"
"2026-09-14T17:56:49.4254956Z","Wacom_Tablet","34844","Running","733","71","45850624","92409856"
"2026-09-14T17:56:49.4254956Z","Wacom_TabletUser","55636","Running","307","4","2977792","23494656"
"2026-09-14T17:56:49.4254956Z","WTabletServicePro","40496","Running","204","4","2424832","12984320"
"2026-09-14T17:56:59.4750455Z","Wacom_Tablet","34844","Running","733","71","45850624","92409856"
"2026-09-14T17:56:59.4750455Z","Wacom_TabletUser","55636","Running","307","4","2977792","23494656"
"2026-09-14T17:56:59.4750455Z","WTabletServicePro","40496","Running","204","4","2424832","12984320"
"2026-09-14T17:57:09.5296391Z","Wacom_Tablet","34844","Running","731","69","45793280","92377088"
"2026-09-14T17:57:09.5296391Z","Wacom_TabletUser","55636","Running","307","4","2977792","23494656"
"2026-09-14T17:57:09.5296391Z","WTabletServicePro","40496","Running","204","4","2424832","12984320"
"2026-09-14T17:57:19.5831774Z","Wacom_Tablet","34844","Running","731","69","45793280","92377088"
"2026-09-14T17:57:19.5831774Z","Wacom_TabletUser","55636","Running","307","4","2977792","23494656"
"2026-09-14T17:57:19.5831774Z","WTabletServicePro","40496","Running","204","4","2424832","12984320"
"2026-09-14T17:57:29.6209206Z","Wacom_Tablet","34844","Running","731","69","45793280","92377088"
"2026-09-14T17:57:29.6209206Z","Wacom_TabletUser","55636","Running","307","4","2977792","23494656"
"2026-09-14T17:57:29.6209206Z","WTabletServicePro","40496","Running","204","4","2424832","12984320"
"2026-09-14T17:57:39.6681318Z","Wacom_Tablet","34844","Running","731","69","45793280","92377088"
"2026-09-14T17:57:39.6681318Z","Wacom_TabletUser","55636","Running","307","4","2977792","23494656"
"2026-09-14T17:57:39.6681318Z","WTabletServicePro","40496","Running","204","4","2424832","12984320"
"2026-09-14T17:57:49.7114893Z","Wacom_Tablet","34844","Running","731","69","45793280","92377088"
"2026-09-14T17:57:49.7114893Z","Wacom_TabletUser","55636","Running","307","4","2977792","23494656"
"2026-09-14T17:57:49.7114893Z","WTabletServicePro","40496","Running","204","4","2424832","12984320"
"2026-09-14T17:57:59.7546215Z","Wacom_Tablet","34844","Running","731","69","45793280","92377088"
"2026-09-14T17:57:59.7546215Z","Wacom_TabletUser","55636","Running","307","4","2977792","23494656"
"2026-09-14T17:57:59.7546215Z","WTabletServicePro","40496","Running","204","4","2424832","12984320"
"2026-09-14T17:58:09.8081097Z","Wacom_Tablet","34844","Running","731","69","45793280","92377088"
"2026-09-14T17:58:09.8081097Z","Wacom_TabletUser","55636","Running","307","4","2977792","23494656"
"2026-09-14T17:58:09.8081097Z","WTabletServicePro","40496","Running","204","4","2424832","12984320"
"2026-09-14T17:58:19.8605786Z","Wacom_Tablet","34844","Running","731","69","45793280","92377088"
"2026-09-14T17:58:19.8605786Z","Wacom_TabletUser","55636","Running","307","4","2977792","23494656"
"2026-09-14T17:58:19.8605786Z","WTabletServicePro","40496","Running","202","3","2396160","12967936"
"2026-09-14T17:58:29.9063049Z","Wacom_Tablet","34844","Running","731","69","45793280","92377088"
"2026-09-14T17:58:29.9063049Z","Wacom_TabletUser","55636","Running","307","4","2977792","23494656"
"2026-09-14T17:58:29.9063049Z","WTabletServicePro","40496","Running","202","3","2396160","12967936"
"2026-09-14T17:58:39.9478152Z","Wacom_Tablet","34844","Running","731","69","45793280","92377088"
"2026-09-14T17:58:39.9478152Z","Wacom_TabletUser","55636","Running","307","4","2977792","23494656"
"2026-09-14T17:58:39.9478152Z","WTabletServicePro","40496","Running","202","4","2424832","12984320"
"2026-09-14T17:58:49.9937618Z","Wacom_Tablet","34844","Running","731","69","45793280","92377088"
"2026-09-14T17:58:49.9937618Z","Wacom_TabletUser","55636","Running","307","4","2977792","23494656"
"2026-09-14T17:58:49.9937618Z","WTabletServicePro","40496","Running","202","4","2424832","12984320"
"2026-09-14T17:59:00.0470896Z","Wacom_Tablet","34844","Running","731","69","45793280","92377088"
"2026-09-14T17:59:00.0470896Z","Wacom_TabletUser","55636","Running","307","4","2977792","23494656"
"2026-09-14T17:59:00.0470896Z","WTabletServicePro","40496","Running","202","4","2424832","12984320"
"2026-09-14T17:59:10.1011432Z","Wacom_Tablet","34844","Running","731","69","45793280","92377088"
"2026-09-14T17:59:10.1011432Z","Wacom_TabletUser","55636","Running","307","4","2977792","23494656"
"2026-09-14T17:59:10.1011432Z","WTabletServicePro","40496","Running","204","4","2424832","12984320"
"2026-09-14T17:59:20.1571988Z","Wacom_Tablet","34844","Running","731","69","45793280","92377088"
"2026-09-14T17:59:20.1571988Z","Wacom_TabletUser","55636","Running","307","4","2977792","23494656"
"2026-09-14T17:59:20.1571988Z","WTabletServicePro","40496","Running","204","4","2424832","12984320"
"2026-09-14T17:59:30.2008800Z","Wacom_Tablet","34844","Running","731","69","45793280","92377088"
"2026-09-14T17:59:30.2008800Z","Wacom_TabletUser","55636","Running","307","4","2977792","23494656"
"2026-09-14T17:59:30.2008800Z","WTabletServicePro","40496","Running","204","4","2424832","12984320"
"2026-09-14T17:59:40.2435259Z","Wacom_Tablet","34844","Running","731","69","45793280","92377088"
"2026-09-14T17:59:40.2435259Z","Wacom_TabletUser","55636","Running","307","4","2977792","23494656"
"2026-09-14T17:59:40.2435259Z","WTabletServicePro","40496","Running","204","4","2424832","12984320"
"2026-09-14T17:59:50.2882747Z","Wacom_Tablet","34844","Running","731","69","45793280","92377088"
"2026-09-14T17:59:50.2882747Z","Wacom_TabletUser","55636","Running","307","4","2977792","23494656"
"2026-09-14T17:59:50.2882747Z","WTabletServicePro","40496","Running","204","4","2424832","12984320"
"2026-09-14T18:00:00.3348492Z","Wacom_Tablet","34844","Running","731","69","45793280","92377088"
"2026-09-14T18:00:00.3348492Z","Wacom_TabletUser","55636","Running","307","4","2977792","23494656"
"2026-09-14T18:00:00.3348492Z","WTabletServicePro","40496","Running","204","4","2424832","12984320"
"2026-09-14T18:00:10.3818353Z","Wacom_Tablet","34844","Running","731","69","45793280","92377088"
"2026-09-14T18:00:10.3818353Z","Wacom_TabletUser","55636","Running","307","4","2977792","23494656"
"2026-09-14T18:00:10.3818353Z","WTabletServicePro","40496","Running","204","4","2424832","12984320"
"2026-09-14T18:00:20.4235834Z","Wacom_Tablet","34844","Running","731","69","45793280","92377088"
"2026-09-14T18:00:20.4235834Z","Wacom_TabletUser","55636","Running","307","4","2977792","23494656"
"2026-09-14T18:00:20.4235834Z","WTabletServicePro","40496","Running","204","4","2424832","12984320"
"2026-09-14T18:00:30.4730597Z","Wacom_Tablet","34844","Running","731","69","45793280","92377088"
"2026-09-14T18:00:30.4730597Z","Wacom_TabletUser","55636","Running","307","4","2977792","23494656"
"2026-09-14T18:00:30.4730597Z","WTabletServicePro","40496","Running","202","3","2392064","12967936"
"2026-09-14T18:00:40.5300481Z","Wacom_Tablet","34844","Running","731","69","45793280","92377088"
"2026-09-14T18:00:40.5300481Z","Wacom_TabletUser","55636","Running","307","4","2977792","23494656"
"2026-09-14T18:00:40.5300481Z","WTabletServicePro","40496","Running","202","4","2424832","12984320"
"2026-09-14T18:00:50.5716654Z","Wacom_Tablet","34844","Running","731","69","45793280","92377088"
"2026-09-14T18:00:50.5716654Z","Wacom_TabletUser","55636","Running","307","4","2977792","23494656"
"2026-09-14T18:00:50.5716654Z","WTabletServicePro","40496","Running","202","4","2424832","12984320"
"2026-09-14T18:01:00.6155133Z","Wacom_Tablet","34844","Running","731","69","45793280","92377088"
"2026-09-14T18:01:00.6155133Z","Wacom_TabletUser","55636","Running","307","4","2977792","23494656"
"2026-09-14T18:01:00.6155133Z","WTabletServicePro","40496","Running","202","4","2424832","12984320"
"2026-09-14T18:01:10.6559912Z","Wacom_Tablet","34844","Running","731","69","45793280","92377088"
"2026-09-14T18:01:10.6559912Z","Wacom_TabletUser","55636","Running","307","4","2977792","23494656"
"2026-09-14T18:01:10.6559912Z","WTabletServicePro","40496","Running","204","4","2424832","12984320"
"2026-09-14T18:01:20.7012016Z","Wacom_Tablet","34844","Running","731","69","45793280","92377088"
"2026-09-14T18:01:20.7012016Z","Wacom_TabletUser","55636","Running","307","4","2977792","23494656"
"2026-09-14T18:01:20.7012016Z","WTabletServicePro","40496","Running","204","4","2424832","12984320"
"2026-09-14T18:01:30.7523315Z","Wacom_Tablet","34844","Running","731","69","45793280","92377088"
"2026-09-14T18:01:30.7523315Z","Wacom_TabletUser","55636","Running","307","4","2977792","23494656"
"2026-09-14T18:01:30.7523315Z","WTabletServicePro","40496","Running","204","4","2424832","12984320"
"2026-09-14T18:01:40.8103922Z","Wacom_Tablet","34844","Running","731","69","45793280","92377088"
"2026-09-14T18:01:40.8103922Z","Wacom_TabletUser","55636","Running","307","4","2977792","23494656"
"2026-09-14T18:01:40.8103922Z","WTabletServicePro","40496","Running","204","4","2424832","12984320"
"2026-09-14T18:01:50.8611381Z","Wacom_Tablet","34844","Running","731","69","45793280","92377088"
"2026-09-14T18:01:50.8611381Z","Wacom_TabletUser","55636","Running","307","4","2977792","23494656"
"2026-09-14T18:01:50.8611381Z","WTabletServicePro","40496","Running","204","4","2424832","12984320"
"2026-09-14T18:02:00.9082606Z","Wacom_Tablet","34844","Running","731","69","45793280","92377088"
"2026-09-14T18:02:00.9082606Z","Wacom_TabletUser","55636","Running","307","4","2977792","23494656"
"2026-09-14T18:02:00.9082606Z","WTabletServicePro","40496","Running","204","4","2424832","12984320"
"2026-09-14T18:02:10.9477531Z","Wacom_Tablet","34844","Running","731","69","45793280","92377088"
"2026-09-14T18:02:10.9477531Z","Wacom_TabletUser","55636","Running","307","4","2977792","23494656"
"2026-09-14T18:02:10.9477531Z","WTabletServicePro","40496","Running","204","4","2424832","12984320"
"2026-09-14T18:02:20.9928912Z","Wacom_Tablet","34844","Running","731","69","45793280","92377088"
"2026-09-14T18:02:20.9928912Z","Wacom_TabletUser","55636","Running","307","4","2977792","23494656"
"2026-09-14T18:02:20.9928912Z","WTabletServicePro","40496","Running","204","4","2424832","12984320"
"2026-09-14T18:02:31.0430580Z","Wacom_Tablet","34844","Running","731","69","45793280","92377088"
"2026-09-14T18:02:31.0430580Z","Wacom_TabletUser","55636","Running","307","4","2977792","23494656"
"2026-09-14T18:02:31.0430580Z","WTabletServicePro","40496","Running","204","4","2424832","12984320"
"2026-09-14T18:02:41.0930036Z","Wacom_Tablet","34844","Running","731","69","45793280","92377088"
"2026-09-14T18:02:41.0930036Z","Wacom_TabletUser","55636","Running","307","4","2977792","23494656"
"2026-09-14T18:02:41.0930036Z","WTabletServicePro","40496","Running","202","3","2396160","12967936"
"2026-09-14T18:02:51.1411173Z","Wacom_Tablet","34844","Running","731","69","45793280","92377088"
"2026-09-14T18:02:51.1411173Z","Wacom_TabletUser","55636","Running","307","4","2977792","23494656"
"2026-09-14T18:02:51.1411173Z","WTabletServicePro","40496","Running","202","3","2396160","12967936"
"2026-09-14T18:03:01.1883092Z","Wacom_Tablet","34844","Running","731","69","45793280","92377088"
"2026-09-14T18:03:01.1883092Z","Wacom_TabletUser","55636","Running","307","4","2977792","23494656"
"2026-09-14T18:03:01.1883092Z","WTabletServicePro","40496","Running","202","3","2396160","12967936"
"2026-09-14T18:03:11.2440298Z","Wacom_Tablet","34844","Running","731","69","45793280","92377088"
"2026-09-14T18:03:11.2440298Z","Wacom_TabletUser","55636","Running","307","4","2977792","23494656"
"2026-09-14T18:03:11.2440298Z","WTabletServicePro","40496","Running","202","4","2424832","12984320"
"2026-09-14T18:03:21.2896226Z","Wacom_Tablet","34844","Running","731","69","45793280","92377088"
"2026-09-14T18:03:21.2896226Z","Wacom_TabletUser","55636","Running","307","4","2977792","23494656"
"2026-09-14T18:03:21.2896226Z","WTabletServicePro","40496","Running","202","4","2424832","12984320"
"2026-09-14T18:03:31.3445030Z","Wacom_Tablet","34844","Running","731","69","45793280","92377088"
"2026-09-14T18:03:31.3445030Z","Wacom_TabletUser","55636","Running","307","4","2977792","23494656"
"2026-09-14T18:03:31.3445030Z","WTabletServicePro","40496","Running","202","4","2424832","12984320"
"2026-09-14T18:03:41.3848702Z","Wacom_Tablet","34844","Running","731","69","45793280","92377088"
"2026-09-14T18:03:41.3848702Z","Wacom_TabletUser","55636","Running","307","5","3006464","23523328"
"2026-09-14T18:03:41.3848702Z","WTabletServicePro","40496","Running","204","4","2424832","12984320"
"2026-09-14T18:03:51.4297200Z","Wacom_Tablet","34844","Running","731","69","45793280","92377088"
"2026-09-14T18:03:51.4297200Z","Wacom_TabletUser","55636","Running","307","5","3006464","23523328"
"2026-09-14T18:03:51.4297200Z","WTabletServicePro","40496","Running","204","4","2424832","12984320"
"2026-09-14T18:04:01.4803241Z","Wacom_Tablet","34844","Running","731","69","45793280","92377088"
"2026-09-14T18:04:01.4803241Z","Wacom_TabletUser","55636","Running","307","5","3006464","23523328"
"2026-09-14T18:04:01.4803241Z","WTabletServicePro","40496","Running","204","4","2424832","12984320"
"2026-09-14T18:04:11.5356802Z","Wacom_Tablet","34844","Running","731","69","45793280","92377088"
"2026-09-14T18:04:11.5356802Z","Wacom_TabletUser","55636","Running","307","5","3006464","23523328"
"2026-09-14T18:04:11.5356802Z","WTabletServicePro","40496","Running","204","4","2424832","12984320"
"2026-09-14T18:04:21.5835122Z","Wacom_Tablet","34844","Running","731","69","45793280","92377088"
"2026-09-14T18:04:21.5835122Z","Wacom_TabletUser","55636","Running","307","5","3006464","23523328"
"2026-09-14T18:04:21.5835122Z","WTabletServicePro","40496","Running","204","4","2424832","12984320"
"2026-09-14T18:04:31.6309989Z","Wacom_Tablet","34844","Running","731","69","45793280","92377088"
"2026-09-14T18:04:31.6309989Z","Wacom_TabletUser","55636","Running","307","5","3006464","23523328"
"2026-09-14T18:04:31.6309989Z","WTabletServicePro","40496","Running","204","4","2424832","12984320"
"2026-09-14T18:04:41.6838760Z","Wacom_Tablet","34844","Running","731","69","45793280","92377088"
"2026-09-14T18:04:41.6838760Z","Wacom_TabletUser","55636","Running","307","5","3006464","23523328"
"2026-09-14T18:04:41.6838760Z","WTabletServicePro","40496","Running","204","4","2424832","12984320"
"2026-09-14T18:04:51.7284641Z","Wacom_Tablet","34844","Running","731","69","45793280","92377088"
"2026-09-14T18:04:51.7284641Z","Wacom_TabletUser","55636","Running","307","5","3006464","23523328"
"2026-09-14T18:04:51.7284641Z","WTabletServicePro","40496","Running","204","4","2424832","12984320"
"2026-09-14T18:05:01.7804678Z","Wacom_Tablet","34844","Running","731","69","45793280","92377088"
"2026-09-14T18:05:01.7804678Z","Wacom_TabletUser","55636","Running","307","4","2977792","23506944"
"2026-09-14T18:05:01.7804678Z","WTabletServicePro","40496","Running","202","3","2392064","12967936"
"2026-09-14T18:05:11.8341848Z","Wacom_Tablet","34844","Running","731","69","45793280","92377088"
"2026-09-14T18:05:11.8341848Z","Wacom_TabletUser","55636","Running","307","4","2977792","23506944"
"2026-09-14T18:05:11.8341848Z","WTabletServicePro","40496","Running","202","4","2424832","12984320"
"2026-09-14T18:05:21.8788425Z","Wacom_Tablet","34844","Running","731","69","45793280","92377088"
"2026-09-14T18:05:21.8788425Z","Wacom_TabletUser","55636","Running","307","4","2977792","23506944"
"2026-09-14T18:05:21.8788425Z","WTabletServicePro","40496","Running","202","4","2424832","12984320"
"2026-09-14T18:05:31.9275462Z","Wacom_Tablet","34844","Running","731","69","45793280","92377088"
"2026-09-14T18:05:31.9275462Z","Wacom_TabletUser","55636","Running","307","4","2977792","23506944"
"2026-09-14T18:05:31.9275462Z","WTabletServicePro","40496","Running","202","4","2424832","12984320"
"2026-09-14T18:05:41.9830559Z","Wacom_Tablet","34844","Running","731","69","45793280","92377088"
"2026-09-14T18:05:41.9830559Z","Wacom_TabletUser","55636","Running","307","4","2977792","23506944"
"2026-09-14T18:05:41.9830559Z","WTabletServicePro","40496","Running","204","4","2424832","12984320"
"2026-09-14T18:05:52.0307066Z","Wacom_Tablet","34844","Running","733","71","45850624","92409856"
"2026-09-14T18:05:52.0307066Z","Wacom_TabletUser","55636","Running","307","4","2977792","23506944"
"2026-09-14T18:05:52.0307066Z","WTabletServicePro","40496","Running","204","4","2424832","12984320"
"2026-09-14T18:06:02.0861180Z","Wacom_Tablet","34844","Running","733","71","45850624","92409856"
"2026-09-14T18:06:02.0861180Z","Wacom_TabletUser","55636","Running","307","4","2977792","23506944"
"2026-09-14T18:06:02.0861180Z","WTabletServicePro","40496","Running","204","4","2424832","12984320"
"2026-09-14T18:06:12.1396066Z","Wacom_Tablet","34844","Running","733","71","45850624","92409856"
"2026-09-14T18:06:12.1396066Z","Wacom_TabletUser","55636","Running","307","4","2977792","23506944"
"2026-09-14T18:06:12.1396066Z","WTabletServicePro","40496","Running","204","4","2424832","12984320"
"2026-09-14T18:06:22.1807519Z","Wacom_Tablet","34844","Running","733","71","45850624","92409856"
"2026-09-14T18:06:22.1807519Z","Wacom_TabletUser","55636","Running","307","4","2977792","23506944"
"2026-09-14T18:06:22.1807519Z","WTabletServicePro","40496","Running","204","4","2424832","12984320"
"2026-09-14T18:06:32.2217827Z","Wacom_Tablet","34844","Running","733","71","45850624","92409856"
"2026-09-14T18:06:32.2217827Z","Wacom_TabletUser","55636","Running","307","4","2977792","23506944"
"2026-09-14T18:06:32.2217827Z","WTabletServicePro","40496","Running","204","4","2424832","12984320"
"2026-09-14T18:06:42.2770430Z","Wacom_Tablet","34844","Running","733","71","45850624","92409856"
"2026-09-14T18:06:42.2770430Z","Wacom_TabletUser","55636","Running","307","4","2977792","23506944"
"2026-09-14T18:06:42.2770430Z","WTabletServicePro","40496","Running","204","4","2424832","12984320"
"2026-09-14T18:06:52.3311135Z","Wacom_Tablet","34844","Running","733","71","45850624","92409856"
"2026-09-14T18:06:52.3311135Z","Wacom_TabletUser","55636","Running","307","4","2977792","23506944"
"2026-09-14T18:06:52.3311135Z","WTabletServicePro","40496","Running","204","4","2424832","12984320"
"2026-09-14T18:07:02.3742280Z","Wacom_Tablet","34844","Running","733","71","45850624","92409856"
"2026-09-14T18:07:02.3742280Z","Wacom_TabletUser","55636","Running","307","4","2977792","23506944"
"2026-09-14T18:07:02.3742280Z","WTabletServicePro","40496","Running","204","4","2424832","12984320"
"2026-09-14T18:07:12.4213204Z","Wacom_Tablet","34844","Running","731","69","45793280","92377088"
"2026-09-14T18:07:12.4213204Z","Wacom_TabletUser","55636","Running","307","4","2977792","23506944"
"2026-09-14T18:07:12.4213204Z","WTabletServicePro","40496","Running","202","3","2396160","12967936"
"2026-09-14T18:07:22.4758627Z","Wacom_Tablet","34844","Running","731","69","45793280","92377088"
"2026-09-14T18:07:22.4758627Z","Wacom_TabletUser","55636","Running","307","4","2977792","23506944"
"2026-09-14T18:07:22.4758627Z","WTabletServicePro","40496","Running","202","3","2396160","12967936"
"2026-09-14T18:07:32.5285236Z","Wacom_Tablet","34844","Running","731","69","45793280","92377088"
"2026-09-14T18:07:32.5285236Z","Wacom_TabletUser","55636","Running","307","4","2977792","23506944"
"2026-09-14T18:07:32.5285236Z","WTabletServicePro","40496","Running","202","3","2396160","12967936"
"2026-09-14T18:07:42.5717915Z","Wacom_Tablet","34844","Running","731","69","45793280","92377088"
"2026-09-14T18:07:42.5717915Z","Wacom_TabletUser","55636","Running","307","4","2977792","23506944"
"2026-09-14T18:07:42.5717915Z","WTabletServicePro","40496","Running","202","4","2424832","12984320"
"2026-09-14T18:07:52.6156314Z","Wacom_Tablet","34844","Running","731","69","45793280","92377088"
"2026-09-14T18:07:52.6156314Z","Wacom_TabletUser","55636","Running","307","4","2977792","23506944"
"2026-09-14T18:07:52.6156314Z","WTabletServicePro","40496","Running","202","4","2424832","12984320"
"2026-09-14T18:08:02.6629620Z","Wacom_Tablet","34844","Running","731","69","45793280","92377088"
"2026-09-14T18:08:02.6629620Z","Wacom_TabletUser","55636","Running","307","4","2977792","23506944"
"2026-09-14T18:08:02.6629620Z","WTabletServicePro","40496","Running","202","4","2424832","12984320"
"2026-09-14T18:08:12.7105235Z","Wacom_Tablet","34844","Running","731","69","45793280","92377088"
"2026-09-14T18:08:12.7105235Z","Wacom_TabletUser","55636","Running","307","4","2977792","23506944"
"2026-09-14T18:08:12.7105235Z","WTabletServicePro","40496","Running","204","4","2424832","12984320"
"2026-09-14T18:08:22.7557387Z","Wacom_Tablet","34844","Running","731","69","45793280","92377088"
"2026-09-14T18:08:22.7557387Z","Wacom_TabletUser","55636","Running","307","4","2977792","23506944"
"2026-09-14T18:08:22.7557387Z","WTabletServicePro","40496","Running","204","4","2424832","12984320"
"2026-09-14T18:08:32.8082931Z","Wacom_Tablet","34844","Running","731","69","45793280","92377088"
"2026-09-14T18:08:32.8082931Z","Wacom_TabletUser","55636","Running","307","4","2977792","23506944"
"2026-09-14T18:08:32.8082931Z","WTabletServicePro","40496","Running","204","4","2424832","12984320"
"2026-09-14T18:08:42.8562947Z","Wacom_Tablet","34844","Running","731","69","45793280","92377088"
"2026-09-14T18:08:42.8562947Z","Wacom_TabletUser","55636","Running","307","5","3010560","23527424"
"2026-09-14T18:08:42.8562947Z","WTabletServicePro","40496","Running","204","4","2424832","12984320"
"2026-09-14T18:08:52.9008553Z","Wacom_Tablet","34844","Running","731","69","45793280","92377088"
"2026-09-14T18:08:52.9008553Z","Wacom_TabletUser","55636","Running","307","5","3010560","23527424"
"2026-09-14T18:08:52.9008553Z","WTabletServicePro","40496","Running","204","4","2424832","12984320"
"2026-09-14T18:09:02.9522202Z","Wacom_Tablet","34844","Running","731","69","45793280","92377088"
"2026-09-14T18:09:02.9522202Z","Wacom_TabletUser","55636","Running","307","5","3010560","23527424"
"2026-09-14T18:09:02.9522202Z","WTabletServicePro","40496","Running","204","4","2424832","12984320"
"2026-09-14T18:09:13.0064361Z","Wacom_Tablet","34844","Running","731","69","45793280","92377088"
"2026-09-14T18:09:13.0064361Z","Wacom_TabletUser","55636","Running","307","5","3010560","23527424"
"2026-09-14T18:09:13.0064361Z","WTabletServicePro","40496","Running","204","4","2424832","12984320"
"2026-09-14T18:09:23.0610415Z","Wacom_Tablet","34844","Running","731","69","45793280","92377088"
"2026-09-14T18:09:23.0610415Z","Wacom_TabletUser","55636","Running","307","5","3010560","23527424"
"2026-09-14T18:09:23.0610415Z","WTabletServicePro","40496","Running","202","3","2392064","12967936"
"2026-09-14T18:09:33.1129922Z","Wacom_Tablet","34844","Running","731","69","45793280","92377088"
"2026-09-14T18:09:33.1129922Z","Wacom_TabletUser","55636","Running","307","5","3010560","23527424"
"2026-09-14T18:09:33.1129922Z","WTabletServicePro","40496","Running","202","3","2392064","12967936"
"2026-09-14T18:09:43.1629446Z","Wacom_Tablet","34844","Running","731","69","45793280","92377088"
"2026-09-14T18:09:43.1629446Z","Wacom_TabletUser","55636","Running","307","5","3010560","23527424"
"2026-09-14T18:09:43.1629446Z","WTabletServicePro","40496","Running","202","4","2424832","12984320"
"2026-09-14T18:09:53.2171842Z","Wacom_Tablet","34844","Running","731","69","45793280","92377088"
"2026-09-14T18:09:53.2171842Z","Wacom_TabletUser","55636","Running","307","5","3010560","23527424"
"2026-09-14T18:09:53.2171842Z","WTabletServicePro","40496","Running","202","4","2424832","12984320"
"2026-09-14T18:10:03.2693665Z","Wacom_Tablet","34844","Running","731","69","45793280","92377088"
"2026-09-14T18:10:03.2693665Z","Wacom_TabletUser","55636","Running","307","5","3010560","23527424"
"2026-09-14T18:10:03.2693665Z","WTabletServicePro","40496","Running","202","4","2424832","12984320"
"2026-09-14T18:10:13.3210717Z","Wacom_Tablet","34844","Running","731","69","45793280","92377088"
"2026-09-14T18:10:13.3210717Z","Wacom_TabletUser","55636","Running","307","5","3010560","23527424"
"2026-09-14T18:10:13.3210717Z","WTabletServicePro","40496","Running","204","4","3461120","14016512"
"2026-09-14T18:10:23.3635546Z","Wacom_Tablet","34844","Running","731","69","45793280","92377088"
"2026-09-14T18:10:23.3635546Z","Wacom_TabletUser","55636","Running","307","5","3010560","23527424"
"2026-09-14T18:10:23.3635546Z","WTabletServicePro","40496","Running","204","4","2424832","12984320"
"2026-09-14T18:10:33.4166914Z","Wacom_Tablet","34844","Running","731","69","45793280","92377088"
"2026-09-14T18:10:33.4166914Z","Wacom_TabletUser","55636","Running","307","4","2977792","23506944"
"2026-09-14T18:10:33.4166914Z","WTabletServicePro","40496","Running","204","4","2424832","12984320"
"2026-09-14T18:10:43.4617608Z","Wacom_Tablet","34844","Running","731","69","45793280","92377088"
"2026-09-14T18:10:43.4617608Z","Wacom_TabletUser","55636","Running","307","4","2977792","23506944"
"2026-09-14T18:10:43.4617608Z","WTabletServicePro","40496","Running","204","4","2424832","12984320"
"2026-09-14T18:10:53.5089848Z","Wacom_Tablet","34844","Running","731","69","45793280","92377088"
"2026-09-14T18:10:53.5089848Z","Wacom_TabletUser","55636","Running","307","4","2977792","23506944"
"2026-09-14T18:10:53.5089848Z","WTabletServicePro","40496","Running","204","4","2424832","12984320"
"2026-09-14T18:11:03.5546399Z","Wacom_Tablet","34844","Running","731","69","45793280","92377088"
"2026-09-14T18:11:03.5546399Z","Wacom_TabletUser","55636","Running","307","4","2977792","23506944"
"2026-09-14T18:11:03.5546399Z","WTabletServicePro","40496","Running","204","4","3452928","14008320"
"2026-09-14T18:11:13.5996485Z","Wacom_Tablet","34844","Running","731","69","45793280","92377088"
"2026-09-14T18:11:13.5996485Z","Wacom_TabletUser","55636","Running","307","4","2977792","23506944"
"2026-09-14T18:11:13.5996485Z","WTabletServicePro","40496","Running","204","4","2424832","12984320"
"2026-09-14T18:11:23.6463941Z","Wacom_Tablet","34844","Running","731","69","45793280","92377088"
"2026-09-14T18:11:23.6463941Z","Wacom_TabletUser","55636","Running","307","4","2977792","23506944"
"2026-09-14T18:11:23.6463941Z","WTabletServicePro","40496","Running","204","4","2424832","12984320"
"2026-09-14T18:11:33.6948124Z","Wacom_Tablet","34844","Running","731","69","45793280","92377088"
"2026-09-14T18:11:33.6948124Z","Wacom_TabletUser","55636","Running","307","4","2977792","23506944"
"2026-09-14T18:11:33.6948124Z","WTabletServicePro","40496","Running","204","4","2424832","12984320"
"2026-09-14T18:11:43.7487198Z","Wacom_Tablet","34844","Running","731","69","45793280","92377088"
"2026-09-14T18:11:43.7487198Z","Wacom_TabletUser","55636","Running","307","4","2977792","23506944"
"2026-09-14T18:11:43.7487198Z","WTabletServicePro","40496","Running","202","4","2424832","12984320"
"2026-09-14T18:11:53.7993721Z","Wacom_Tablet","34844","Running","731","69","45793280","92377088"
"2026-09-14T18:11:53.7993721Z","Wacom_TabletUser","55636","Running","307","4","2977792","23506944"
"2026-09-14T18:11:53.7993721Z","WTabletServicePro","40496","Running","202","4","2424832","12984320"
"2026-09-14T18:12:03.8451222Z","Wacom_Tablet","34844","Running","731","69","45793280","92377088"
"2026-09-14T18:12:03.8451222Z","Wacom_TabletUser","55636","Running","307","4","2977792","23506944"
"2026-09-14T18:12:03.8451222Z","WTabletServicePro","40496","Running","202","4","2424832","12984320"
"2026-09-14T18:12:13.8877891Z","Wacom_Tablet","34844","Running","731","69","45793280","92377088"
"2026-09-14T18:12:13.8877891Z","Wacom_TabletUser","55636","Running","307","4","2977792","23506944"
"2026-09-14T18:12:13.8877891Z","WTabletServicePro","40496","Running","204","4","2424832","12984320"
"2026-09-14T18:12:23.9359359Z","Wacom_Tablet","34844","Running","731","69","45793280","92377088"
"2026-09-14T18:12:23.9359359Z","Wacom_TabletUser","55636","Running","307","4","2977792","23506944"
"2026-09-14T18:12:23.9359359Z","WTabletServicePro","40496","Running","204","4","2424832","12984320"
"2026-09-14T18:12:33.9873015Z","Wacom_Tablet","34844","Running","731","69","45793280","92377088"
"2026-09-14T18:12:33.9873015Z","Wacom_TabletUser","55636","Running","307","4","2977792","23506944"
"2026-09-14T18:12:33.9873015Z","WTabletServicePro","40496","Running","204","4","2424832","12984320"
"2026-09-14T18:12:44.0262248Z","Wacom_Tablet","34844","Running","731","69","45793280","92377088"
"2026-09-14T18:12:44.0262248Z","Wacom_TabletUser","55636","Running","307","4","2977792","23506944"
"2026-09-14T18:12:44.0262248Z","WTabletServicePro","40496","Running","204","4","2424832","12984320"
"2026-09-14T18:12:54.0744805Z","Wacom_Tablet","34844","Running","731","69","45793280","92377088"
"2026-09-14T18:12:54.0744805Z","Wacom_TabletUser","55636","Running","307","4","2977792","23506944"
"2026-09-14T18:12:54.0744805Z","WTabletServicePro","40496","Running","204","4","2424832","12984320"
"2026-09-14T18:13:04.1256353Z","Wacom_Tablet","34844","Running","731","69","45793280","92377088"
"2026-09-14T18:13:04.1256353Z","Wacom_TabletUser","55636","Running","307","4","2977792","23506944"
"2026-09-14T18:13:04.1256353Z","WTabletServicePro","40496","Running","204","4","2424832","12984320"
"2026-09-14T18:13:14.1697634Z","Wacom_Tablet","34844","Running","731","69","45793280","92377088"
"2026-09-14T18:13:14.1697634Z","Wacom_TabletUser","55636","Running","307","4","2977792","23506944"
"2026-09-14T18:13:14.1697634Z","WTabletServicePro","40496","Running","204","4","2424832","12984320"
"2026-09-14T18:13:24.2120808Z","Wacom_Tablet","34844","Running","731","69","45793280","92377088"
"2026-09-14T18:13:24.2120808Z","Wacom_TabletUser","55636","Running","307","4","2977792","23506944"
"2026-09-14T18:13:24.2120808Z","WTabletServicePro","40496","Running","204","4","2424832","12984320"
"2026-09-14T18:13:34.2581873Z","Wacom_Tablet","34844","Running","731","69","45793280","92377088"
"2026-09-14T18:13:34.2581873Z","Wacom_TabletUser","55636","Running","307","4","2977792","23506944"
"2026-09-14T18:13:34.2581873Z","WTabletServicePro","40496","Running","204","4","2424832","12984320"
"2026-09-14T18:13:44.2985801Z","Wacom_Tablet","34844","Running","730","68","45764608","92360704"
"2026-09-14T18:13:44.2985801Z","Wacom_TabletUser","55636","Running","307","5","3006464","23523328"
"2026-09-14T18:13:44.2985801Z","WTabletServicePro","40496","Running","204","4","2424832","12984320"
"2026-09-14T18:13:54.3528177Z","Wacom_Tablet","34844","Running","731","69","45793280","92377088"
"2026-09-14T18:13:54.3528177Z","Wacom_TabletUser","55636","Running","307","5","3006464","23523328"
"2026-09-14T18:13:54.3528177Z","WTabletServicePro","40496","Running","202","3","2392064","12967936"
"2026-09-14T18:14:04.4073539Z","Wacom_Tablet","34844","Running","731","69","45793280","92377088"
"2026-09-14T18:14:04.4073539Z","Wacom_TabletUser","55636","Running","307","5","3006464","23523328"
"2026-09-14T18:14:04.4073539Z","WTabletServicePro","40496","Running","202","3","2392064","12967936"
"2026-09-14T18:14:14.4595283Z","Wacom_Tablet","34844","Running","731","69","45793280","92377088"
"2026-09-14T18:14:14.4595283Z","Wacom_TabletUser","55636","Running","307","5","3006464","23523328"
"2026-09-14T18:14:14.4595283Z","WTabletServicePro","40496","Running","202","4","2424832","12984320"
"2026-09-14T18:14:24.5152792Z","Wacom_Tablet","34844","Running","731","69","45793280","92377088"
"2026-09-14T18:14:24.5152792Z","Wacom_TabletUser","55636","Running","307","5","3006464","23523328"
"2026-09-14T18:14:24.5152792Z","WTabletServicePro","40496","Running","202","4","2424832","12984320"
"2026-09-14T18:14:34.5597614Z","Wacom_Tablet","34844","Running","731","69","45793280","92377088"
"2026-09-14T18:14:34.5597614Z","Wacom_TabletUser","55636","Running","307","5","3006464","23523328"
"2026-09-14T18:14:34.5597614Z","WTabletServicePro","40496","Running","202","4","2424832","12984320"
"2026-09-14T18:14:44.6010613Z","Wacom_Tablet","34844","Running","731","69","45793280","92377088"
"2026-09-14T18:14:44.6010613Z","Wacom_TabletUser","55636","Running","307","5","3006464","23523328"
"2026-09-14T18:14:44.6010613Z","WTabletServicePro","40496","Running","204","4","2424832","12984320"
"2026-09-14T18:14:54.6549486Z","Wacom_Tablet","34844","Running","731","69","45793280","92377088"
"2026-09-14T18:14:54.6549486Z","Wacom_TabletUser","55636","Running","307","5","3006464","23523328"
"2026-09-14T18:14:54.6549486Z","WTabletServicePro","40496","Running","204","4","2424832","12984320"
"2026-09-14T18:15:04.6991226Z","Wacom_Tablet","34844","Running","731","69","45793280","92377088"
"2026-09-14T18:15:04.6991226Z","Wacom_TabletUser","55636","Running","307","4","2977792","23506944"
"2026-09-14T18:15:04.6991226Z","WTabletServicePro","40496","Running","204","4","2424832","12984320"
"2026-09-14T18:15:14.7502551Z","Wacom_Tablet","34844","Running","731","69","45793280","92377088"
"2026-09-14T18:15:14.7502551Z","Wacom_TabletUser","55636","Running","307","4","2977792","23506944"
"2026-09-14T18:15:14.7502551Z","WTabletServicePro","40496","Running","204","4","2424832","12984320"
"2026-09-14T18:15:24.7979820Z","Wacom_Tablet","34844","Running","731","69","45793280","92377088"
"2026-09-14T18:15:24.7979820Z","Wacom_TabletUser","55636","Running","307","4","2977792","23506944"
"2026-09-14T18:15:24.7979820Z","WTabletServicePro","40496","Running","204","4","2424832","12984320"
"2026-09-14T18:15:34.8535492Z","Wacom_Tablet","34844","Running","731","69","45793280","92377088"
"2026-09-14T18:15:34.8535492Z","Wacom_TabletUser","55636","Running","307","4","2977792","23506944"
"2026-09-14T18:15:34.8535492Z","WTabletServicePro","40496","Running","204","4","2424832","12984320"
"2026-09-14T18:15:44.8976473Z","Wacom_Tablet","34844","Running","731","69","45793280","92377088"
"2026-09-14T18:15:44.8976473Z","Wacom_TabletUser","55636","Running","307","4","2977792","23506944"
"2026-09-14T18:15:44.8976473Z","WTabletServicePro","40496","Running","204","4","2424832","12984320"
"2026-09-14T18:15:54.9491806Z","Wacom_Tablet","34844","Running","733","71","45850624","92409856"
"2026-09-14T18:15:54.9491806Z","Wacom_TabletUser","55636","Running","307","4","2977792","23506944"
"2026-09-14T18:15:54.9491806Z","WTabletServicePro","40496","Running","204","4","2424832","12984320"
"2026-09-14T18:16:04.9933284Z","Wacom_Tablet","34844","Running","733","71","45850624","92409856"
"2026-09-14T18:16:04.9933284Z","Wacom_TabletUser","55636","Running","307","4","2977792","23506944"
"2026-09-14T18:16:04.9933284Z","WTabletServicePro","40496","Running","202","3","2396160","12967936"
"2026-09-14T18:16:15.0293029Z","Wacom_Tablet","34844","Running","733","71","45850624","92409856"
"2026-09-14T18:16:15.0293029Z","Wacom_TabletUser","55636","Running","307","4","2977792","23506944"
"2026-09-14T18:16:15.0293029Z","WTabletServicePro","40496","Running","202","4","2424832","12984320"
"2026-09-14T18:16:25.0803706Z","Wacom_Tablet","34844","Running","733","71","45850624","92409856"
"2026-09-14T18:16:25.0803706Z","Wacom_TabletUser","55636","Running","307","4","2977792","23506944"
"2026-09-14T18:16:25.0803706Z","WTabletServicePro","40496","Running","202","4","2424832","12984320"
"2026-09-14T18:16:35.1317772Z","Wacom_Tablet","34844","Running","733","71","45850624","92409856"
"2026-09-14T18:16:35.1317772Z","Wacom_TabletUser","55636","Running","307","4","2977792","23506944"
"2026-09-14T18:16:35.1317772Z","WTabletServicePro","40496","Running","202","4","2424832","12984320"
"2026-09-14T18:16:45.1712774Z","Wacom_Tablet","34844","Running","733","71","45850624","92409856"
"2026-09-14T18:16:45.1712774Z","Wacom_TabletUser","55636","Running","307","4","2977792","23506944"
"2026-09-14T18:16:45.1712774Z","WTabletServicePro","40496","Running","204","4","2424832","12984320"
"2026-09-14T18:16:55.2269173Z","Wacom_Tablet","34844","Running","733","71","45850624","92409856"
"2026-09-14T18:16:55.2269173Z","Wacom_TabletUser","55636","Running","307","4","2977792","23506944"
"2026-09-14T18:16:55.2269173Z","WTabletServicePro","40496","Running","204","4","2424832","12984320"
"2026-09-14T18:17:05.2710894Z","Wacom_Tablet","34844","Running","733","71","45850624","92409856"
"2026-09-14T18:17:05.2710894Z","Wacom_TabletUser","55636","Running","307","4","2977792","23506944"
"2026-09-14T18:17:05.2710894Z","WTabletServicePro","40496","Running","204","4","2424832","12984320"
"2026-09-14T18:17:15.3261343Z","Wacom_Tablet","34844","Running","731","69","45793280","92377088"
"2026-09-14T18:17:15.3261343Z","Wacom_TabletUser","55636","Running","307","4","2977792","23506944"
"2026-09-14T18:17:15.3261343Z","WTabletServicePro","40496","Running","204","4","2424832","12984320"
"2026-09-14T18:17:25.3672870Z","Wacom_Tablet","34844","Running","731","69","45793280","92377088"
"2026-09-14T18:17:25.3672870Z","Wacom_TabletUser","55636","Running","307","4","2977792","23506944"
"2026-09-14T18:17:25.3672870Z","WTabletServicePro","40496","Running","204","4","2424832","12984320"
"2026-09-14T18:17:35.4119607Z","Wacom_Tablet","34844","Running","731","69","45793280","92377088"
"2026-09-14T18:17:35.4119607Z","Wacom_TabletUser","55636","Running","307","4","2977792","23506944"
"2026-09-14T18:17:35.4119607Z","WTabletServicePro","40496","Running","204","4","2424832","12984320"
"2026-09-14T18:17:45.4572841Z","Wacom_Tablet","34844","Running","731","69","45793280","92377088"
"2026-09-14T18:17:45.4572841Z","Wacom_TabletUser","55636","Running","307","4","2977792","23506944"
"2026-09-14T18:17:45.4572841Z","WTabletServicePro","40496","Running","204","4","2424832","12984320"
"2026-09-14T18:17:55.5120867Z","Wacom_Tablet","34844","Running","731","69","45793280","92377088"
"2026-09-14T18:17:55.5120867Z","Wacom_TabletUser","55636","Running","307","4","2977792","23506944"
"2026-09-14T18:17:55.5120867Z","WTabletServicePro","40496","Running","204","4","2424832","12984320"
"2026-09-14T18:18:05.5606274Z","Wacom_Tablet","34844","Running","731","69","45793280","92377088"
"2026-09-14T18:18:05.5606274Z","Wacom_TabletUser","55636","Running","307","4","2977792","23506944"
"2026-09-14T18:18:05.5606274Z","WTabletServicePro","40496","Running","204","4","2424832","12984320"
"2026-09-14T18:18:15.6027048Z","Wacom_Tablet","34844","Running","731","69","45793280","92377088"
"2026-09-14T18:18:15.6027048Z","Wacom_TabletUser","55636","Running","307","4","2977792","23506944"
"2026-09-14T18:18:15.6027048Z","WTabletServicePro","40496","Running","204","4","2424832","12984320"
"2026-09-14T18:18:25.6409886Z","Wacom_Tablet","34844","Running","731","69","45793280","92377088"
"2026-09-14T18:18:25.6409886Z","Wacom_TabletUser","55636","Running","307","4","2977792","23506944"
"2026-09-14T18:18:25.6409886Z","WTabletServicePro","40496","Running","202","3","2392064","12967936"
"2026-09-14T18:18:35.6898765Z","Wacom_Tablet","34844","Running","731","69","45793280","92377088"
"2026-09-14T18:18:35.6898765Z","Wacom_TabletUser","55636","Running","307","4","2977792","23506944"
"2026-09-14T18:18:35.6898765Z","WTabletServicePro","40496","Running","202","3","2392064","12967936"
"2026-09-14T18:18:45.7411870Z","Wacom_Tablet","34844","Running","731","69","45793280","92377088"
"2026-09-14T18:18:45.7411870Z","Wacom_TabletUser","55636","Running","307","4","2977792","23506944"
"2026-09-14T18:18:45.7411870Z","WTabletServicePro","40496","Running","202","4","2424832","12984320"
"2026-09-14T18:18:55.7970088Z","Wacom_Tablet","34844","Running","731","69","45793280","92377088"
"2026-09-14T18:18:55.7970088Z","Wacom_TabletUser","55636","Running","307","4","2977792","23506944"
"2026-09-14T18:18:55.7970088Z","WTabletServicePro","40496","Running","202","4","2424832","12984320"
"2026-09-14T18:19:05.8409461Z","Wacom_Tablet","34844","Running","731","69","45793280","92377088"
"2026-09-14T18:19:05.8409461Z","Wacom_TabletUser","55636","Running","307","4","2977792","23506944"
"2026-09-14T18:19:05.8409461Z","WTabletServicePro","40496","Running","202","4","2424832","12984320"
"2026-09-14T18:19:15.8950095Z","Wacom_Tablet","34844","Running","731","69","45793280","92377088"
"2026-09-14T18:19:15.8950095Z","Wacom_TabletUser","55636","Running","307","4","2977792","23506944"
"2026-09-14T18:19:15.8950095Z","WTabletServicePro","40496","Running","204","4","2424832","12984320"
"2026-09-14T18:19:25.9487906Z","Wacom_Tablet","34844","Running","731","69","45793280","92377088"
"2026-09-14T18:19:25.9487906Z","Wacom_TabletUser","55636","Running","307","4","2977792","23506944"
"2026-09-14T18:19:25.9487906Z","WTabletServicePro","40496","Running","204","4","2424832","12984320"
"2026-09-14T18:19:35.9939859Z","Wacom_Tablet","34844","Running","731","69","45793280","92377088"
"2026-09-14T18:19:35.9939859Z","Wacom_TabletUser","55636","Running","307","4","2977792","23506944"
"2026-09-14T18:19:35.9939859Z","WTabletServicePro","40496","Running","204","4","2424832","12984320"
"2026-09-14T18:19:46.0475434Z","Wacom_Tablet","34844","Running","731","69","45793280","92377088"
"2026-09-14T18:19:46.0475434Z","Wacom_TabletUser","55636","Running","307","4","2977792","23506944"
"2026-09-14T18:19:46.0475434Z","WTabletServicePro","40496","Running","204","4","2424832","12984320"
"2026-09-14T18:19:56.0936680Z","Wacom_Tablet","34844","Running","731","69","45793280","92377088"
"2026-09-14T18:19:56.0936680Z","Wacom_TabletUser","55636","Running","307","4","2977792","23506944"
"2026-09-14T18:19:56.0936680Z","WTabletServicePro","40496","Running","204","4","2424832","12984320"
"2026-09-14T18:20:06.1449880Z","Wacom_Tablet","34844","Running","731","69","45793280","92377088"
"2026-09-14T18:20:06.1449880Z","Wacom_TabletUser","55636","Running","307","4","2977792","23506944"
"2026-09-14T18:20:06.1449880Z","WTabletServicePro","40496","Running","204","4","2424832","12984320"
"2026-09-14T18:20:16.1960465Z","Wacom_Tablet","34844","Running","731","69","45793280","92377088"
"2026-09-14T18:20:16.1960465Z","Wacom_TabletUser","55636","Running","307","4","2977792","23506944"
"2026-09-14T18:20:16.1960465Z","WTabletServicePro","40496","Running","204","4","2424832","12984320"
"2026-09-14T18:20:26.2340385Z","Wacom_Tablet","34844","Running","731","69","45793280","92377088"
"2026-09-14T18:20:26.2340385Z","Wacom_TabletUser","55636","Running","307","4","2977792","23506944"
"2026-09-14T18:20:26.2340385Z","WTabletServicePro","40496","Running","204","4","2424832","12984320"
"2026-09-14T18:20:36.2838500Z","Wacom_Tablet","34844","Running","731","69","45793280","92377088"
"2026-09-14T18:20:36.2838500Z","Wacom_TabletUser","55636","Running","307","4","2977792","23506944"
"2026-09-14T18:20:36.2838500Z","WTabletServicePro","40496","Running","202","3","2396160","12967936"
"2026-09-14T18:20:46.3343394Z","Wacom_Tablet","34844","Running","731","69","45793280","92377088"
"2026-09-14T18:20:46.3343394Z","Wacom_TabletUser","55636","Running","307","4","2977792","23506944"
"2026-09-14T18:20:46.3343394Z","WTabletServicePro","40496","Running","202","4","2424832","12984320"
"2026-09-14T18:20:56.3879179Z","Wacom_Tablet","34844","Running","731","69","45793280","92377088"
"2026-09-14T18:20:56.3879179Z","Wacom_TabletUser","55636","Running","307","4","2977792","23506944"
"2026-09-14T18:20:56.3879179Z","WTabletServicePro","40496","Running","202","4","2424832","12984320"
"2026-09-14T18:21:06.4406206Z","Wacom_Tablet","34844","Running","731","69","45793280","92377088"
"2026-09-14T18:21:06.4406206Z","Wacom_TabletUser","55636","Running","307","4","2977792","23506944"
"2026-09-14T18:21:06.4406206Z","WTabletServicePro","40496","Running","202","4","2424832","12984320"
"2026-09-14T18:21:16.4872419Z","Wacom_Tablet","34844","Running","731","69","45793280","92377088"
"2026-09-14T18:21:16.4872419Z","Wacom_TabletUser","55636","Running","307","4","2977792","23506944"
"2026-09-14T18:21:16.4872419Z","WTabletServicePro","40496","Running","204","4","2424832","12984320"
"2026-09-14T18:21:26.5350979Z","Wacom_Tablet","34844","Running","731","69","45793280","92377088"
"2026-09-14T18:21:26.5350979Z","Wacom_TabletUser","55636","Running","307","4","2977792","23506944"
"2026-09-14T18:21:26.5350979Z","WTabletServicePro","40496","Running","204","4","2424832","12984320"
"2026-09-14T18:21:36.5776720Z","Wacom_Tablet","34844","Running","731","69","45793280","92377088"
"2026-09-14T18:21:36.5776720Z","Wacom_TabletUser","55636","Running","307","4","2977792","23506944"
"2026-09-14T18:21:36.5776720Z","WTabletServicePro","40496","Running","204","4","2424832","12984320"
"2026-09-14T18:21:46.6277611Z","Wacom_Tablet","34844","Running","731","69","45793280","92377088"
"2026-09-14T18:21:46.6277611Z","Wacom_TabletUser","55636","Running","307","4","2977792","23506944"
"2026-09-14T18:21:46.6277611Z","WTabletServicePro","40496","Running","204","4","2424832","12984320"
"2026-09-14T18:21:56.6802897Z","Wacom_Tablet","34844","Running","731","69","45793280","92377088"
"2026-09-14T18:21:56.6802897Z","Wacom_TabletUser","55636","Running","307","4","2977792","23506944"
"2026-09-14T18:21:56.6802897Z","WTabletServicePro","40496","Running","204","4","2424832","12984320"
"2026-09-14T18:22:06.7254908Z","Wacom_Tablet","34844","Running","731","69","45793280","92377088"
"2026-09-14T18:22:06.7254908Z","Wacom_TabletUser","55636","Running","307","4","2977792","23506944"
"2026-09-14T18:22:06.7254908Z","WTabletServicePro","40496","Running","204","4","2424832","12984320"
"2026-09-14T18:22:16.7804885Z","Wacom_Tablet","34844","Running","731","69","45793280","92377088"
"2026-09-14T18:22:16.7804885Z","Wacom_TabletUser","55636","Running","307","4","2977792","23506944"
"2026-09-14T18:22:16.7804885Z","WTabletServicePro","40496","Running","204","4","2424832","12984320"
"2026-09-14T18:22:26.8292040Z","Wacom_Tablet","34844","Running","731","69","45793280","92377088"
"2026-09-14T18:22:26.8292040Z","Wacom_TabletUser","55636","Running","307","4","2977792","23506944"
"2026-09-14T18:22:26.8292040Z","WTabletServicePro","40496","Running","204","4","2424832","12984320"
"2026-09-14T18:22:36.8772934Z","Wacom_Tablet","34844","Running","731","69","45793280","92377088"
"2026-09-14T18:22:36.8772934Z","Wacom_TabletUser","55636","Running","307","4","2977792","23506944"
"2026-09-14T18:22:36.8772934Z","WTabletServicePro","40496","Running","204","4","2424832","12984320"
"2026-09-14T18:22:46.9205929Z","Wacom_Tablet","34844","Running","731","69","45793280","92377088"
"2026-09-14T18:22:46.9205929Z","Wacom_TabletUser","55636","Running","307","4","2977792","23506944"
"2026-09-14T18:22:46.9205929Z","WTabletServicePro","40496","Running","202","3","2392064","12967936"
"2026-09-14T18:22:56.9650226Z","Wacom_Tablet","34844","Running","731","69","45793280","92377088"
"2026-09-14T18:22:56.9650226Z","Wacom_TabletUser","55636","Running","307","4","2977792","23506944"
"2026-09-14T18:22:56.9650226Z","WTabletServicePro","40496","Running","202","3","2392064","12967936"
"2026-09-14T18:23:07.0194054Z","Wacom_Tablet","34844","Running","731","69","45793280","92377088"
"2026-09-14T18:23:07.0194054Z","Wacom_TabletUser","55636","Running","307","4","2977792","23506944"
"2026-09-14T18:23:07.0194054Z","WTabletServicePro","40496","Running","202","3","2392064","12967936"
"2026-09-14T18:23:17.0637570Z","Wacom_Tablet","34844","Running","731","69","45793280","92377088"
"2026-09-14T18:23:17.0637570Z","Wacom_TabletUser","55636","Running","307","4","2977792","23506944"
"2026-09-14T18:23:17.0637570Z","WTabletServicePro","40496","Running","202","4","2424832","12984320"
"2026-09-14T18:23:27.1169537Z","Wacom_Tablet","34844","Running","731","69","45793280","92377088"
"2026-09-14T18:23:27.1169537Z","Wacom_TabletUser","55636","Running","307","4","2977792","23506944"
"2026-09-14T18:23:27.1169537Z","WTabletServicePro","40496","Running","202","4","2424832","12984320"
"2026-09-14T18:23:37.1677983Z","Wacom_Tablet","34844","Running","731","69","45793280","92377088"
"2026-09-14T18:23:37.1677983Z","Wacom_TabletUser","55636","Running","307","4","2977792","23506944"
"2026-09-14T18:23:37.1677983Z","WTabletServicePro","40496","Running","202","4","2424832","12984320"
"2026-09-14T18:23:47.2223165Z","Wacom_Tablet","34844","Running","731","69","45789184","92372992"
"2026-09-14T18:23:47.2223165Z","Wacom_TabletUser","55636","Running","307","4","2977792","23506944"
"2026-09-14T18:23:47.2223165Z","WTabletServicePro","40496","Running","204","4","2424832","12984320"
"2026-09-14T18:23:57.2674197Z","Wacom_Tablet","34844","Running","731","69","45789184","92372992"
"2026-09-14T18:23:57.2674197Z","Wacom_TabletUser","55636","Running","307","4","2977792","23506944"
"2026-09-14T18:23:57.2674197Z","WTabletServicePro","40496","Running","204","4","2424832","12984320"
"2026-09-14T18:24:07.3124740Z","Wacom_Tablet","34844","Running","731","69","45789184","92372992"
"2026-09-14T18:24:07.3124740Z","Wacom_TabletUser","55636","Running","307","4","2977792","23506944"
"2026-09-14T18:24:07.3124740Z","WTabletServicePro","40496","Running","204","4","2424832","12984320"
"2026-09-14T18:24:17.3531210Z","Wacom_Tablet","34844","Running","731","69","45789184","92372992"
"2026-09-14T18:24:17.3531210Z","Wacom_TabletUser","55636","Running","307","4","2977792","23506944"
"2026-09-14T18:24:17.3531210Z","WTabletServicePro","40496","Running","204","4","2424832","12984320"
"2026-09-14T18:24:27.4060556Z","Wacom_Tablet","34844","Running","731","69","45789184","92372992"
"2026-09-14T18:24:27.4060556Z","Wacom_TabletUser","55636","Running","307","4","2977792","23506944"
"2026-09-14T18:24:27.4060556Z","WTabletServicePro","40496","Running","204","4","2424832","12984320"
"2026-09-14T18:24:37.4499750Z","Wacom_Tablet","34844","Running","731","69","45789184","92372992"
"2026-09-14T18:24:37.4499750Z","Wacom_TabletUser","55636","Running","307","4","2977792","23506944"
"2026-09-14T18:24:37.4499750Z","WTabletServicePro","40496","Running","204","4","2424832","12984320"
"2026-09-14T18:24:47.5068568Z","Wacom_Tablet","34844","Running","731","69","45789184","92372992"
"2026-09-14T18:24:47.5068568Z","Wacom_TabletUser","55636","Running","307","4","2977792","23506944"
"2026-09-14T18:24:47.5068568Z","WTabletServicePro","40496","Running","204","4","2424832","12984320"
"2026-09-14T18:24:57.5583181Z","Wacom_Tablet","34844","Running","731","69","45789184","92372992"
"2026-09-14T18:24:57.5583181Z","Wacom_TabletUser","55636","Running","307","4","2977792","23506944"
"2026-09-14T18:24:57.5583181Z","WTabletServicePro","40496","Running","204","4","2424832","12984320"
"2026-09-14T18:25:07.6134602Z","Wacom_Tablet","34844","Running","731","69","45789184","92372992"
"2026-09-14T18:25:07.6134602Z","Wacom_TabletUser","55636","Running","307","4","2977792","23506944"
"2026-09-14T18:25:07.6134602Z","WTabletServicePro","40496","Running","202","4","2424832","12984320"
"2026-09-14T18:25:17.6673268Z","Wacom_Tablet","34844","Running","731","69","45789184","92372992"
"2026-09-14T18:25:17.6673268Z","Wacom_TabletUser","55636","Running","307","4","2977792","23506944"
"2026-09-14T18:25:17.6673268Z","WTabletServicePro","40496","Running","202","4","2424832","12984320"
"2026-09-14T18:25:27.7054036Z","Wacom_Tablet","34844","Running","731","69","45789184","92372992"
"2026-09-14T18:25:27.7054036Z","Wacom_TabletUser","55636","Running","307","4","2977792","23506944"
"2026-09-14T18:25:27.7054036Z","WTabletServicePro","40496","Running","202","4","2424832","12984320"
"2026-09-14T18:25:37.7503500Z","Wacom_Tablet","34844","Running","731","69","45789184","92372992"
"2026-09-14T18:25:37.7503500Z","Wacom_TabletUser","55636","Running","307","4","2977792","23506944"
"2026-09-14T18:25:37.7503500Z","WTabletServicePro","40496","Running","204","4","2424832","12984320"
"2026-09-14T18:25:47.8031989Z","Wacom_Tablet","34844","Running","731","69","45789184","92372992"
"2026-09-14T18:25:47.8031989Z","Wacom_TabletUser","55636","Running","307","4","2977792","23506944"
"2026-09-14T18:25:47.8031989Z","WTabletServicePro","40496","Running","204","4","2424832","12984320"
"2026-09-14T18:25:57.8499592Z","Wacom_Tablet","34844","Running","742","73","46407680","91787264"
"2026-09-14T18:25:57.8499592Z","Wacom_TabletUser","55636","Running","307","4","2977792","23506944"
"2026-09-14T18:25:57.8499592Z","WTabletServicePro","40496","Running","204","4","2424832","12984320"
"2026-09-14T18:26:07.9048301Z","Wacom_Tablet","34844","Running","733","71","46526464","92131328"
"2026-09-14T18:26:07.9048301Z","Wacom_TabletUser","55636","Running","307","4","2977792","23506944"
"2026-09-14T18:26:07.9048301Z","WTabletServicePro","40496","Running","204","4","2424832","12984320"
"2026-09-14T18:26:17.9475572Z","Wacom_Tablet","34844","Running","733","71","46526464","92131328"
"2026-09-14T18:26:17.9475572Z","Wacom_TabletUser","55636","Running","307","4","2977792","23506944"
"2026-09-14T18:26:17.9475572Z","WTabletServicePro","40496","Running","204","4","2424832","12984320"
"2026-09-14T18:26:28.0007141Z","Wacom_Tablet","34844","Running","733","71","46526464","92131328"
"2026-09-14T18:26:28.0007141Z","Wacom_TabletUser","55636","Running","307","4","2977792","23506944"
"2026-09-14T18:26:28.0007141Z","WTabletServicePro","40496","Running","204","4","2424832","12984320"
"2026-09-14T18:26:38.0533873Z","Wacom_Tablet","34844","Running","733","71","46526464","92131328"
"2026-09-14T18:26:38.0533873Z","Wacom_TabletUser","55636","Running","307","4","2977792","23506944"
"2026-09-14T18:26:38.0533873Z","WTabletServicePro","40496","Running","204","4","2424832","12984320"
"2026-09-14T18:26:48.0919606Z","Wacom_Tablet","34844","Running","733","71","46960640","92131328"
"2026-09-14T18:26:48.0919606Z","Wacom_TabletUser","55636","Running","307","4","2977792","23506944"
"2026-09-14T18:26:48.0919606Z","WTabletServicePro","40496","Running","204","4","2424832","12984320"
"2026-09-14T18:26:58.1367330Z","Wacom_Tablet","34844","Running","733","71","46960640","92131328"
"2026-09-14T18:26:58.1367330Z","Wacom_TabletUser","55636","Running","307","4","2977792","23506944"
"2026-09-14T18:26:58.1367330Z","WTabletServicePro","40496","Running","204","4","2424832","12984320"
"2026-09-14T18:27:08.1767785Z","Wacom_Tablet","34844","Running","733","71","46960640","92131328"
"2026-09-14T18:27:08.1767785Z","Wacom_TabletUser","55636","Running","307","4","2977792","23506944"
"2026-09-14T18:27:08.1767785Z","WTabletServicePro","40496","Running","204","4","2424832","12984320"
"2026-09-14T18:27:18.2252461Z","Wacom_Tablet","34844","Running","731","69","46903296","92098560"
"2026-09-14T18:27:18.2252461Z","Wacom_TabletUser","55636","Running","307","4","2977792","23506944"
"2026-09-14T18:27:18.2252461Z","WTabletServicePro","40496","Running","202","3","2392064","12967936"
"2026-09-14T18:27:28.2762621Z","Wacom_Tablet","34844","Running","731","69","46903296","92098560"
"2026-09-14T18:27:28.2762621Z","Wacom_TabletUser","55636","Running","307","4","2977792","23506944"
"2026-09-14T18:27:28.2762621Z","WTabletServicePro","40496","Running","202","3","2392064","12967936"
"2026-09-14T18:27:38.3267442Z","Wacom_Tablet","34844","Running","731","69","46903296","92098560"
"2026-09-14T18:27:38.3267442Z","Wacom_TabletUser","55636","Running","307","4","2977792","23506944"
"2026-09-14T18:27:38.3267442Z","WTabletServicePro","40496","Running","202","4","2424832","12984320"
"2026-09-14T18:27:48.3664484Z","Wacom_Tablet","34844","Running","731","69","46903296","92098560"
"2026-09-14T18:27:48.3664484Z","Wacom_TabletUser","55636","Running","307","4","2977792","23506944"
"2026-09-14T18:27:48.3664484Z","WTabletServicePro","40496","Running","202","4","2424832","12984320"
"2026-09-14T18:27:58.4068386Z","Wacom_Tablet","34844","Running","731","69","46903296","92098560"
"2026-09-14T18:27:58.4068386Z","Wacom_TabletUser","55636","Running","307","4","2977792","23506944"
"2026-09-14T18:27:58.4068386Z","WTabletServicePro","40496","Running","202","4","2424832","12984320"
"2026-09-14T18:28:08.4501144Z","Wacom_Tablet","34844","Running","731","69","46903296","92098560"
"2026-09-14T18:28:08.4501144Z","Wacom_TabletUser","55636","Running","307","4","2977792","23506944"
"2026-09-14T18:28:08.4501144Z","WTabletServicePro","40496","Running","204","4","2424832","12984320"
"2026-09-14T18:28:18.4947541Z","Wacom_Tablet","34844","Running","731","69","46903296","92098560"
"2026-09-14T18:28:18.4947541Z","Wacom_TabletUser","55636","Running","307","4","2977792","23506944"
"2026-09-14T18:28:18.4947541Z","WTabletServicePro","40496","Running","204","4","2424832","12984320"
"2026-09-14T18:28:28.5465022Z","Wacom_Tablet","34844","Running","731","69","46903296","92098560"
"2026-09-14T18:28:28.5465022Z","Wacom_TabletUser","55636","Running","307","4","2977792","23506944"
"2026-09-14T18:28:28.5465022Z","WTabletServicePro","40496","Running","204","4","2424832","12984320"
"2026-09-14T18:28:38.5987799Z","Wacom_Tablet","34844","Running","731","69","47165440","92098560"
"2026-09-14T18:28:38.5987799Z","Wacom_TabletUser","55636","Running","307","4","2977792","23506944"
"2026-09-14T18:28:38.5987799Z","WTabletServicePro","40496","Running","204","4","2424832","12984320"
"2026-09-14T18:28:48.6529243Z","Wacom_Tablet","34844","Running","731","69","47235072","92110848"
"2026-09-14T18:28:48.6529243Z","Wacom_TabletUser","55636","Running","307","4","2977792","23506944"
"2026-09-14T18:28:48.6529243Z","WTabletServicePro","40496","Running","204","4","3452928","14008320"
"2026-09-14T18:28:58.6957069Z","Wacom_Tablet","34844","Running","731","69","47235072","92110848"
"2026-09-14T18:28:58.6957069Z","Wacom_TabletUser","55636","Running","307","4","2977792","23506944"
"2026-09-14T18:28:58.6957069Z","WTabletServicePro","40496","Running","204","4","2424832","12984320"
"2026-09-14T18:29:08.7386055Z","Wacom_Tablet","34844","Running","731","69","47235072","92110848"
"2026-09-14T18:29:08.7386055Z","Wacom_TabletUser","55636","Running","307","4","2977792","23506944"
"2026-09-14T18:29:08.7386055Z","WTabletServicePro","40496","Running","204","4","2424832","12984320"
"2026-09-14T18:29:18.7759105Z","Wacom_Tablet","34844","Running","731","69","47235072","92110848"
"2026-09-14T18:29:18.7759105Z","Wacom_TabletUser","55636","Running","307","4","2977792","23506944"
"2026-09-14T18:29:18.7759105Z","WTabletServicePro","40496","Running","204","4","2424832","12984320"
"2026-09-14T18:29:28.8196398Z","Wacom_Tablet","34844","Running","731","69","47235072","92110848"
"2026-09-14T18:29:28.8196398Z","Wacom_TabletUser","55636","Running","307","4","2977792","23506944"
"2026-09-14T18:29:28.8196398Z","WTabletServicePro","40496","Running","202","3","2396160","12967936"
"2026-09-14T18:29:38.8589877Z","Wacom_Tablet","34844","Running","731","69","47235072","92110848"
"2026-09-14T18:29:38.8589877Z","Wacom_TabletUser","55636","Running","307","4","2977792","23506944"
"2026-09-14T18:29:38.8589877Z","WTabletServicePro","40496","Running","202","4","2424832","12984320"
"2026-09-14T18:29:48.9008369Z","Wacom_Tablet","34844","Running","731","69","47235072","92110848"
"2026-09-14T18:29:48.9008369Z","Wacom_TabletUser","55636","Running","307","4","2977792","23506944"
"2026-09-14T18:29:48.9008369Z","WTabletServicePro","40496","Running","202","4","2424832","12984320"
"2026-09-14T18:29:58.9473458Z","Wacom_Tablet","34844","Running","731","69","47235072","92110848"
"2026-09-14T18:29:58.9473458Z","Wacom_TabletUser","55636","Running","307","4","2977792","23506944"
"2026-09-14T18:29:58.9473458Z","WTabletServicePro","40496","Running","202","4","2424832","12984320"
"2026-09-14T18:30:08.9994887Z","Wacom_Tablet","34844","Running","731","69","47235072","92110848"
"2026-09-14T18:30:08.9994887Z","Wacom_TabletUser","55636","Running","307","4","2977792","23506944"
"2026-09-14T18:30:08.9994887Z","WTabletServicePro","40496","Running","204","4","2424832","12984320"
"2026-09-14T18:30:19.0424237Z","Wacom_Tablet","34844","Running","731","69","47235072","92110848"
"2026-09-14T18:30:19.0424237Z","Wacom_TabletUser","55636","Running","307","4","2977792","23506944"
"2026-09-14T18:30:19.0424237Z","WTabletServicePro","40496","Running","204","4","2424832","12984320"
"2026-09-14T18:30:29.0913576Z","Wacom_Tablet","34844","Running","731","69","47235072","92110848"
"2026-09-14T18:30:29.0913576Z","Wacom_TabletUser","55636","Running","307","4","2977792","23506944"
"2026-09-14T18:30:29.0913576Z","WTabletServicePro","40496","Running","204","4","2424832","12984320"
"2026-09-14T18:30:39.1369093Z","Wacom_Tablet","34844","Running","731","69","47235072","92110848"
"2026-09-14T18:30:39.1369093Z","Wacom_TabletUser","55636","Running","307","4","2977792","23506944"
"2026-09-14T18:30:39.1369093Z","WTabletServicePro","40496","Running","204","4","2424832","12984320"
"2026-09-14T18:30:49.1862683Z","Wacom_Tablet","34844","Running","731","69","47235072","92110848"
"2026-09-14T18:30:49.1862683Z","Wacom_TabletUser","55636","Running","307","4","2977792","23506944"
"2026-09-14T18:30:49.1862683Z","WTabletServicePro","40496","Running","204","4","2424832","12984320"
"2026-09-14T18:30:59.2392637Z","Wacom_Tablet","34844","Running","731","69","47235072","92110848"
"2026-09-14T18:30:59.2392637Z","Wacom_TabletUser","55636","Running","307","4","2977792","23506944"
"2026-09-14T18:30:59.2392637Z","WTabletServicePro","40496","Running","204","4","2424832","12984320"
"2026-09-14T18:31:09.2910329Z","Wacom_Tablet","34844","Running","731","69","47235072","92110848"
"2026-09-14T18:31:09.2910329Z","Wacom_TabletUser","55636","Running","307","4","2977792","23506944"
"2026-09-14T18:31:09.2910329Z","WTabletServicePro","40496","Running","204","4","2424832","12984320"
"2026-09-14T18:31:19.3418834Z","Wacom_Tablet","34844","Running","731","69","47235072","92110848"
"2026-09-14T18:31:19.3418834Z","Wacom_TabletUser","55636","Running","307","4","2977792","23506944"
"2026-09-14T18:31:19.3418834Z","WTabletServicePro","40496","Running","204","4","2424832","12984320"
"2026-09-14T18:31:29.3814734Z","Wacom_Tablet","34844","Running","731","69","47235072","92110848"
"2026-09-14T18:31:29.3814734Z","Wacom_TabletUser","55636","Running","307","4","2977792","23506944"
"2026-09-14T18:31:29.3814734Z","WTabletServicePro","40496","Running","204","4","2424832","12984320"
"2026-09-14T18:31:39.4216979Z","Wacom_Tablet","34844","Running","731","69","47235072","92110848"
"2026-09-14T18:31:39.4216979Z","Wacom_TabletUser","55636","Running","307","4","2977792","23506944"
"2026-09-14T18:31:39.4216979Z","WTabletServicePro","40496","Running","204","4","2424832","12984320"
"2026-09-14T18:31:49.4596606Z","Wacom_Tablet","34844","Running","731","69","47235072","92110848"
"2026-09-14T18:31:49.4596606Z","Wacom_TabletUser","55636","Running","307","4","2977792","23506944"
"2026-09-14T18:31:49.4596606Z","WTabletServicePro","40496","Running","202","3","2392064","12967936"
"2026-09-14T18:31:59.5022317Z","Wacom_Tablet","34844","Running","731","69","47235072","92110848"
"2026-09-14T18:31:59.5022317Z","Wacom_TabletUser","55636","Running","307","4","2977792","23506944"
"2026-09-14T18:31:59.5022317Z","WTabletServicePro","40496","Running","202","3","2392064","12967936"
"2026-09-14T18:32:09.5434569Z","Wacom_Tablet","34844","Running","731","69","47235072","92110848"
"2026-09-14T18:32:09.5434569Z","Wacom_TabletUser","55636","Running","307","4","2977792","23506944"
"2026-09-14T18:32:09.5434569Z","WTabletServicePro","40496","Running","202","4","2424832","12984320"
"2026-09-14T18:32:19.5818460Z","Wacom_Tablet","34844","Running","731","69","47235072","92110848"
"2026-09-14T18:32:19.5818460Z","Wacom_TabletUser","55636","Running","307","4","2977792","23506944"
"2026-09-14T18:32:19.5818460Z","WTabletServicePro","40496","Running","202","4","2424832","12984320"
"2026-09-14T18:32:29.6230911Z","Wacom_Tablet","34844","Running","731","69","47235072","92110848"
"2026-09-14T18:32:29.6230911Z","Wacom_TabletUser","55636","Running","307","4","2977792","23506944"
"2026-09-14T18:32:29.6230911Z","WTabletServicePro","40496","Running","202","4","2424832","12984320"
"2026-09-14T18:32:39.6755521Z","Wacom_Tablet","34844","Running","731","69","47235072","92110848"
"2026-09-14T18:32:39.6755521Z","Wacom_TabletUser","55636","Running","307","4","2977792","23506944"
"2026-09-14T18:32:39.6755521Z","WTabletServicePro","40496","Running","204","4","2424832","12984320"
"2026-09-14T18:32:49.7150589Z","Wacom_Tablet","34844","Running","731","69","47235072","92110848"
"2026-09-14T18:32:49.7150589Z","Wacom_TabletUser","55636","Running","307","4","2977792","23506944"
"2026-09-14T18:32:49.7150589Z","WTabletServicePro","40496","Running","204","4","2424832","12984320"
"2026-09-14T18:32:59.7620661Z","Wacom_Tablet","34844","Running","731","69","47235072","92110848"
"2026-09-14T18:32:59.7620661Z","Wacom_TabletUser","55636","Running","307","4","2977792","23506944"
"2026-09-14T18:32:59.7620661Z","WTabletServicePro","40496","Running","204","4","2424832","12984320"
"2026-09-14T18:33:09.8158565Z","Wacom_Tablet","34844","Running","731","69","47235072","92110848"
"2026-09-14T18:33:09.8158565Z","Wacom_TabletUser","55636","Running","307","4","2977792","23506944"
"2026-09-14T18:33:09.8158565Z","WTabletServicePro","40496","Running","204","4","2424832","12984320"
"2026-09-14T18:33:19.8599254Z","Wacom_Tablet","34844","Running","731","69","47235072","92110848"
"2026-09-14T18:33:19.8599254Z","Wacom_TabletUser","55636","Running","307","4","2977792","23506944"
"2026-09-14T18:33:19.8599254Z","WTabletServicePro","40496","Running","204","4","2424832","12984320"
"2026-09-14T18:33:29.9091969Z","Wacom_Tablet","34844","Running","731","69","47235072","92110848"
"2026-09-14T18:33:29.9091969Z","Wacom_TabletUser","55636","Running","307","4","2977792","23506944"
"2026-09-14T18:33:29.9091969Z","WTabletServicePro","40496","Running","204","4","2424832","12984320"
"2026-09-14T18:33:39.9628022Z","Wacom_Tablet","34844","Running","731","69","47235072","92119040"
"2026-09-14T18:33:39.9628022Z","Wacom_TabletUser","55636","Running","307","4","2977792","23506944"
"2026-09-14T18:33:39.9628022Z","WTabletServicePro","40496","Running","204","4","2424832","12984320"
"2026-09-14T18:33:50.0033965Z","Wacom_Tablet","34844","Running","731","69","47235072","92119040"
"2026-09-14T18:33:50.0033965Z","Wacom_TabletUser","55636","Running","307","4","2977792","23506944"
"2026-09-14T18:33:50.0033965Z","WTabletServicePro","40496","Running","204","4","2424832","12984320"
"2026-09-14T18:34:00.0517051Z","Wacom_Tablet","34844","Running","731","69","47235072","92119040"
"2026-09-14T18:34:00.0517051Z","Wacom_TabletUser","55636","Running","307","4","2977792","23506944"
"2026-09-14T18:34:00.0517051Z","WTabletServicePro","40496","Running","202","3","2396160","12967936"
"2026-09-14T18:34:10.0882391Z","Wacom_Tablet","34844","Running","733","70","47263744","92127232"
"2026-09-14T18:34:10.0882391Z","Wacom_TabletUser","55636","Running","307","4","2977792","23506944"
"2026-09-14T18:34:10.0882391Z","WTabletServicePro","40496","Running","202","4","2424832","12984320"
"2026-09-14T18:34:20.1410060Z","Wacom_Tablet","34844","Running","733","70","47263744","92127232"
"2026-09-14T18:34:20.1410060Z","Wacom_TabletUser","55636","Running","307","4","2977792","23506944"
"2026-09-14T18:34:20.1410060Z","WTabletServicePro","40496","Running","202","4","2424832","12984320"
"2026-09-14T18:34:30.1949419Z","Wacom_Tablet","34844","Running","733","70","47263744","92127232"
"2026-09-14T18:34:30.1949419Z","Wacom_TabletUser","55636","Running","307","4","2977792","23506944"
"2026-09-14T18:34:30.1949419Z","WTabletServicePro","40496","Running","202","4","2424832","12984320"
"2026-09-14T18:34:40.2447775Z","Wacom_Tablet","34844","Running","733","70","47263744","92127232"
"2026-09-14T18:34:40.2447775Z","Wacom_TabletUser","55636","Running","307","4","2977792","23506944"
"2026-09-14T18:34:40.2447775Z","WTabletServicePro","40496","Running","204","4","2424832","12984320"
"2026-09-14T18:34:50.2862163Z","Wacom_Tablet","34844","Running","733","70","47263744","92127232"
"2026-09-14T18:34:50.2862163Z","Wacom_TabletUser","55636","Running","307","4","2977792","23506944"
"2026-09-14T18:34:50.2862163Z","WTabletServicePro","40496","Running","204","4","2424832","12984320"
"2026-09-14T18:35:00.3413172Z","Wacom_Tablet","34844","Running","733","70","47263744","92127232"
"2026-09-14T18:35:00.3413172Z","Wacom_TabletUser","55636","Running","307","4","2977792","23506944"
"2026-09-14T18:35:00.3413172Z","WTabletServicePro","40496","Running","204","4","2424832","12984320"
"2026-09-14T18:35:10.3854714Z","Wacom_Tablet","34844","Running","733","70","47263744","92127232"
"2026-09-14T18:35:10.3854714Z","Wacom_TabletUser","55636","Running","307","4","2977792","23506944"
"2026-09-14T18:35:10.3854714Z","WTabletServicePro","40496","Running","204","4","2424832","12984320"
"2026-09-14T18:35:20.4319998Z","Wacom_Tablet","34844","Running","733","70","47263744","92127232"
"2026-09-14T18:35:20.4319998Z","Wacom_TabletUser","55636","Running","307","4","2977792","23506944"
"2026-09-14T18:35:20.4319998Z","WTabletServicePro","40496","Running","204","4","2424832","12984320"
"2026-09-14T18:35:30.4840514Z","Wacom_Tablet","34844","Running","733","70","47263744","92127232"
"2026-09-14T18:35:30.4840514Z","Wacom_TabletUser","55636","Running","307","4","2977792","23506944"
"2026-09-14T18:35:30.4840514Z","WTabletServicePro","40496","Running","204","4","2424832","12984320"
"2026-09-14T18:35:40.5383184Z","Wacom_Tablet","34844","Running","733","70","47263744","92127232"
"2026-09-14T18:35:40.5383184Z","Wacom_TabletUser","55636","Running","307","4","2977792","23506944"
"2026-09-14T18:35:40.5383184Z","WTabletServicePro","40496","Running","204","4","2424832","12984320"
"2026-09-14T18:35:50.5807694Z","Wacom_Tablet","34844","Running","733","70","47263744","92127232"
"2026-09-14T18:35:50.5807694Z","Wacom_TabletUser","55636","Running","307","4","2977792","23506944"
"2026-09-14T18:35:50.5807694Z","WTabletServicePro","40496","Running","204","4","2424832","12984320"
"2026-09-14T18:36:00.6217241Z","Wacom_Tablet","34844","Running","735","71","47292416","92143616"
"2026-09-14T18:36:00.6217241Z","Wacom_TabletUser","55636","Running","307","4","2977792","23506944"
"2026-09-14T18:36:00.6217241Z","WTabletServicePro","40496","Running","204","4","2424832","12984320"
"2026-09-14T18:36:10.6766530Z","Wacom_Tablet","34844","Running","735","71","47292416","92143616"
"2026-09-14T18:36:10.6766530Z","Wacom_TabletUser","55636","Running","307","4","2977792","23506944"
"2026-09-14T18:36:10.6766530Z","WTabletServicePro","40496","Running","202","3","2392064","12967936"
"2026-09-14T18:36:20.7212355Z","Wacom_Tablet","34844","Running","735","71","47292416","92143616"
"2026-09-14T18:36:20.7212355Z","Wacom_TabletUser","55636","Running","307","4","2977792","23506944"
"2026-09-14T18:36:20.7212355Z","WTabletServicePro","40496","Running","202","3","2392064","12967936"
"2026-09-14T18:36:30.7609177Z","Wacom_Tablet","34844","Running","735","71","47292416","92143616"
"2026-09-14T18:36:30.7609177Z","Wacom_TabletUser","55636","Running","307","4","2977792","23506944"
"2026-09-14T18:36:30.7609177Z","WTabletServicePro","40496","Running","202","3","2392064","12967936"
"2026-09-14T18:36:40.8016361Z","Wacom_Tablet","34844","Running","735","71","47292416","92143616"
"2026-09-14T18:36:40.8016361Z","Wacom_TabletUser","55636","Running","307","4","2977792","23506944"
"2026-09-14T18:36:40.8016361Z","WTabletServicePro","40496","Running","202","4","2424832","12984320"
